{
  "type": "FeatureCollection",
  "name": "BUFFER POS DAMKAR RENCANA",
  "crs": {
    "type": "name",
    "properties": {
      "name": "urn:ogc:def:crs:EPSG::32749"
    }
  },
  "features": [
    {
      "type": "Feature",
      "properties": {
        "Id": 1,
        "ID": 1,
        "Nama": "Pos Damkar Rencana Pakem",
        "NAMA": "Pos Damkar Rencana Pakem",
        "nama": "Pos Damkar Rencana Pakem",
        "Kabupaten": "Kabupaten Sleman",
        "Kategori": "Rencana"
      },
      "geometry": {
        "type": "MultiPolygon",
        "coordinates": [
          [
            [
              [
                443892.94964755053,
                9154145.390871637
              ],
              [
                443892.02439116297,
                9154027.585991798
              ],
              [
                443889.2488502935,
                9153909.81017855
              ],
              [
                443884.6237097653,
                9153792.092491314
              ],
              [
                443878.15011076257,
                9153674.461975167
              ],
              [
                443869.829650549,
                9153556.947653677
              ],
              [
                443859.6643820736,
                9153439.578521747
              ],
              [
                443847.65681346436,
                9153322.383538453
              ],
              [
                443833.80990740913,
                9153205.391619904
              ],
              [
                443818.1270804247,
                9153088.631632105
              ],
              [
                443800.6122020141,
                9152972.132383835
              ],
              [
                443781.26959371136,
                9152855.92261954
              ],
              [
                443760.1040280157,
                9152740.031012245
              ],
              [
                443737.1207272138,
                9152624.486156464
              ],
              [
                443712.3253620911,
                9152509.316561162
              ],
              [
                443685.7240505331,
                9152394.550642718
              ],
              [
                443657.32335601526,
                9152280.2167179
              ],
              [
                443627.130285984,
                9152166.342996897
              ],
              [
                443595.1522901276,
                9152052.957576342
              ],
              [
                443561.397258538,
                9151940.088432394
              ],
              [
                443525.87351976417,
                9151827.763413824
              ],
              [
                443488.5898387571,
                9151716.010235151
              ],
              [
                443449.5554147072,
                9151604.856469797
              ],
              [
                443408.77987877454,
                9151494.329543293
              ],
              [
                443366.2732917124,
                9151384.4567265
              ],
              [
                443322.04614138516,
                9151275.265128898
              ],
              [
                443276.1093401804,
                9151166.781691875
              ],
              [
                443228.47422231635,
                9151059.033182098
              ],
              [
                443179.1525410457,
                9150952.0461849
              ],
              [
                443128.15646575514,
                9150845.847097717
              ],
              [
                443075.4985789633,
                9150740.46212359
              ],
              [
                443021.1918732157,
                9150635.917264683
              ],
              [
                442965.2497478795,
                9150532.238315873
              ],
              [
                442907.68600583693,
                9150429.450858394
              ],
              [
                442848.51485008013,
                9150327.580253508
              ],
              [
                442787.75088020624,
                9150226.651636267
              ],
              [
                442725.4090888156,
                9150126.689909294
              ],
              [
                442661.50485781254,
                9150027.71973665
              ],
              [
                442596.0539546097,
                9149929.765537746
              ],
              [
                442529.0725282382,
                9149832.851481313
              ],
              [
                442460.5771053626,
                9149737.001479443
              ],
              [
                442390.5845862037,
                9149642.239181692
              ],
              [
                442319.1122403682,
                9149548.58796924
              ],
              [
                442246.17770258803,
                9149456.070949119
              ],
              [
                442171.79896836897,
                9149364.710948521
              ],
              [
                442095.99438955076,
                9149274.53050916
              ],
              [
                442018.782669779,
                9149185.55188171
              ],
              [
                441940.1828598901,
                9149097.797020312
              ],
              [
                441860.2143532111,
                9149011.28757717
              ],
              [
                441778.89688077447,
                9148926.044897195
              ],
              [
                441696.2505064496,
                9148842.090012737
              ],
              [
                441612.2956219929,
                9148759.443638412
              ],
              [
                441527.0529420157,
                9148678.126165977
              ],
              [
                441440.5434988738,
                9148598.157659298
              ],
              [
                441352.7886374779,
                9148519.557849407
              ],
              [
                441263.8100100269,
                9148442.346129637
              ],
              [
                441173.6295706657,
                9148366.541550819
              ],
              [
                441082.26957006834,
                9148292.162816599
              ],
              [
                440989.7525499479,
                9148219.22827882
              ],
              [
                440896.1013374947,
                9148147.755932983
              ],
              [
                440801.33903974405,
                9148077.763413824
              ],
              [
                440705.48903787514,
                9148009.267990949
              ],
              [
                440608.5749814415,
                9147942.286564577
              ],
              [
                440510.6207825365,
                9147876.835661374
              ],
              [
                440411.650609893,
                9147812.931430371
              ],
              [
                440311.68888292013,
                9147750.58963898
              ],
              [
                440210.76026567834,
                9147689.825669106
              ],
              [
                440108.8896607936,
                9147630.65451335
              ],
              [
                440006.1022033134,
                9147573.090771308
              ],
              [
                439902.42325450486,
                9147517.148645971
              ],
              [
                439797.8783955971,
                9147462.841940224
              ],
              [
                439692.4934214699,
                9147410.184053432
              ],
              [
                439586.29433428857,
                9147359.187978141
              ],
              [
                439479.30733708886,
                9147309.86629687
              ],
              [
                439371.5588273114,
                9147262.231179006
              ],
              [
                439263.0753902887,
                9147216.294377802
              ],
              [
                439153.88379268564,
                9147172.067227475
              ],
              [
                439044.010975895,
                9147129.560640413
              ],
              [
                438933.4840493902,
                9147088.78510448
              ],
              [
                438822.33028403664,
                9147049.75068043
              ],
              [
                438710.5771053626,
                9147012.466999423
              ],
              [
                438598.2520867928,
                9146976.94326065
              ],
              [
                438485.38294284476,
                9146943.18822906
              ],
              [
                438371.9975222908,
                9146911.210233202
              ],
              [
                438258.1238012869,
                9146881.017163172
              ],
              [
                438143.7898764698,
                9146852.616468653
              ],
              [
                438029.02395802457,
                9146826.015157096
              ],
              [
                437913.85436272435,
                9146801.219791973
              ],
              [
                437798.30950694345,
                9146778.236491172
              ],
              [
                437682.4178996461,
                9146757.070925476
              ],
              [
                437566.20813535224,
                9146737.728317173
              ],
              [
                437449.7088870824,
                9146720.213438762
              ],
              [
                437332.9488992828,
                9146704.530611778
              ],
              [
                437215.9569807334,
                9146690.683705723
              ],
              [
                437098.7619974394,
                9146678.676137114
              ],
              [
                436981.3928655094,
                9146668.510868639
              ],
              [
                436863.87854402035,
                9146660.190408425
              ],
              [
                436746.2480278729,
                9146653.716809422
              ],
              [
                436628.5303406365,
                9146649.091668893
              ],
              [
                436510.7545273892,
                9146646.316128025
              ],
              [
                436392.94964755053,
                9146645.390871637
              ],
              [
                436275.14476771187,
                9146646.316128025
              ],
              [
                436157.36895446456,
                9146649.091668893
              ],
              [
                436039.6512672282,
                9146653.716809422
              ],
              [
                435922.02075108065,
                9146660.190408425
              ],
              [
                435804.5064295917,
                9146668.510868639
              ],
              [
                435687.1372976617,
                9146678.676137114
              ],
              [
                435569.9423143677,
                9146690.683705723
              ],
              [
                435452.9503958182,
                9146704.530611778
              ],
              [
                435336.19040801865,
                9146720.213438762
              ],
              [
                435219.6911597488,
                9146737.728317173
              ],
              [
                435103.48139545496,
                9146757.070925476
              ],
              [
                434987.5897881576,
                9146778.236491172
              ],
              [
                434872.0449323767,
                9146801.219791973
              ],
              [
                434756.87533707643,
                9146826.015157096
              ],
              [
                434642.10941863124,
                9146852.616468653
              ],
              [
                434527.77549381414,
                9146881.017163172
              ],
              [
                434413.9017728102,
                9146911.210233202
              ],
              [
                434300.5163522563,
                9146943.18822906
              ],
              [
                434187.6472083083,
                9146976.94326065
              ],
              [
                434075.32218973845,
                9147012.466999423
              ],
              [
                433963.5690110644,
                9147049.75068043
              ],
              [
                433852.4152457109,
                9147088.78510448
              ],
              [
                433741.8883192061,
                9147129.560640413
              ],
              [
                433632.0155024154,
                9147172.067227475
              ],
              [
                433522.82390481234,
                9147216.294377802
              ],
              [
                433414.3404677897,
                9147262.231179006
              ],
              [
                433306.5919580122,
                9147309.86629687
              ],
              [
                433199.6049608125,
                9147359.187978141
              ],
              [
                433093.4058736312,
                9147410.184053432
              ],
              [
                432988.02089950396,
                9147462.841940224
              ],
              [
                432883.4760405962,
                9147517.148645971
              ],
              [
                432779.7970917877,
                9147573.090771308
              ],
              [
                432677.00963430747,
                9147630.65451335
              ],
              [
                432575.1390294227,
                9147689.825669106
              ],
              [
                432474.2104121809,
                9147750.58963898
              ],
              [
                432374.24868520803,
                9147812.931430371
              ],
              [
                432275.27851256455,
                9147876.835661374
              ],
              [
                432177.32431365957,
                9147942.286564577
              ],
              [
                432080.4102572259,
                9148009.267990949
              ],
              [
                431984.560255357,
                9148077.763413824
              ],
              [
                431889.7979576064,
                9148147.755932983
              ],
              [
                431796.1467451532,
                9148219.22827882
              ],
              [
                431703.6297250327,
                9148292.162816599
              ],
              [
                431612.26972443535,
                9148366.541550819
              ],
              [
                431522.08928507415,
                9148442.346129637
              ],
              [
                431433.11065762315,
                9148519.557849407
              ],
              [
                431345.35579622723,
                9148598.157659298
              ],
              [
                431258.84635308536,
                9148678.126165977
              ],
              [
                431173.60367310815,
                9148759.443638412
              ],
              [
                431089.64878865145,
                9148842.090012737
              ],
              [
                431007.0024143266,
                9148926.044897195
              ],
              [
                430925.68494188995,
                9149011.28757717
              ],
              [
                430845.71643521095,
                9149097.797020312
              ],
              [
                430767.1166253221,
                9149185.55188171
              ],
              [
                430689.9049055503,
                9149274.53050916
              ],
              [
                430614.1003267321,
                9149364.710948521
              ],
              [
                430539.72159251303,
                9149456.070949119
              ],
              [
                430466.78705473285,
                9149548.58796924
              ],
              [
                430395.3147088974,
                9149642.239181692
              ],
              [
                430325.32218973845,
                9149737.001479443
              ],
              [
                430256.8267668628,
                9149832.851481313
              ],
              [
                430189.84534049133,
                9149929.765537746
              ],
              [
                430124.3944372885,
                9150027.71973665
              ],
              [
                430060.49020628544,
                9150126.689909294
              ],
              [
                429998.1484148948,
                9150226.651636267
              ],
              [
                429937.3844450209,
                9150327.580253508
              ],
              [
                429878.2132892641,
                9150429.450858394
              ],
              [
                429820.64954722155,
                9150532.238315873
              ],
              [
                429764.70742188534,
                9150635.917264683
              ],
              [
                429710.4007161378,
                9150740.46212359
              ],
              [
                429657.7428293459,
                9150845.847097717
              ],
              [
                429606.7467540554,
                9150952.0461849
              ],
              [
                429557.4250727847,
                9151059.033182098
              ],
              [
                429509.78995492065,
                9151166.781691875
              ],
              [
                429463.8531537159,
                9151275.265128898
              ],
              [
                429419.62600338866,
                9151384.4567265
              ],
              [
                429377.1194163265,
                9151494.329543293
              ],
              [
                429336.34388039383,
                9151604.856469797
              ],
              [
                429297.30945634394,
                9151716.010235151
              ],
              [
                429260.0257753369,
                9151827.763413824
              ],
              [
                429224.50203656306,
                9151940.088432394
              ],
              [
                429190.74700497347,
                9152052.957576342
              ],
              [
                429158.76900911704,
                9152166.342996897
              ],
              [
                429128.5759390858,
                9152280.2167179
              ],
              [
                429100.175244568,
                9152394.550642718
              ],
              [
                429073.57393300993,
                9152509.316561162
              ],
              [
                429048.77856788726,
                9152624.486156464
              ],
              [
                429025.79526708537,
                9152740.031012245
              ],
              [
                429004.6297013897,
                9152855.92261954
              ],
              [
                428985.287093087,
                9152972.132383835
              ],
              [
                428967.77221467637,
                9153088.631632105
              ],
              [
                428952.0893876919,
                9153205.391619904
              ],
              [
                428938.2424816367,
                9153322.383538453
              ],
              [
                428926.23491302744,
                9153439.578521747
              ],
              [
                428916.0696445521,
                9153556.947653677
              ],
              [
                428907.7491843385,
                9153674.461975167
              ],
              [
                428901.27558533574,
                9153792.092491314
              ],
              [
                428896.65044480754,
                9153909.81017855
              ],
              [
                428893.8749039381,
                9154027.585991798
              ],
              [
                428892.94964755053,
                9154145.390871637
              ],
              [
                428893.8749039381,
                9154263.195751475
              ],
              [
                428896.65044480754,
                9154380.971564723
              ],
              [
                428901.27558533574,
                9154498.68925196
              ],
              [
                428907.7491843385,
                9154616.319768107
              ],
              [
                428916.0696445521,
                9154733.834089596
              ],
              [
                428926.23491302744,
                9154851.203221526
              ],
              [
                428938.2424816367,
                9154968.39820482
              ],
              [
                428952.0893876919,
                9155085.39012337
              ],
              [
                428967.77221467637,
                9155202.150111169
              ],
              [
                428985.287093087,
                9155318.649359439
              ],
              [
                429004.6297013897,
                9155434.859123733
              ],
              [
                429025.79526708537,
                9155550.750731029
              ],
              [
                429048.77856788726,
                9155666.29558681
              ],
              [
                429073.57393300993,
                9155781.46518211
              ],
              [
                429100.175244568,
                9155896.231100556
              ],
              [
                429128.5759390858,
                9156010.565025372
              ],
              [
                429158.76900911704,
                9156124.438746376
              ],
              [
                429190.74700497347,
                9156237.824166931
              ],
              [
                429224.50203656306,
                9156350.69331088
              ],
              [
                429260.0257753369,
                9156463.018329449
              ],
              [
                429297.30945634394,
                9156574.771508122
              ],
              [
                429336.34388039383,
                9156685.925273476
              ],
              [
                429377.1194163265,
                9156796.45219998
              ],
              [
                429419.62600338866,
                9156906.325016772
              ],
              [
                429463.8531537159,
                9157015.516614376
              ],
              [
                429509.78995492065,
                9157124.000051398
              ],
              [
                429557.4250727847,
                9157231.748561176
              ],
              [
                429606.7467540554,
                9157338.735558374
              ],
              [
                429657.7428293459,
                9157444.934645556
              ],
              [
                429710.4007161378,
                9157550.319619684
              ],
              [
                429764.70742188534,
                9157654.86447859
              ],
              [
                429820.64954722155,
                9157758.5434274
              ],
              [
                429878.2132892641,
                9157861.33088488
              ],
              [
                429937.3844450209,
                9157963.201489765
              ],
              [
                429998.1484148948,
                9158064.130107006
              ],
              [
                430060.49020628544,
                9158164.091833979
              ],
              [
                430124.3944372885,
                9158263.062006623
              ],
              [
                430189.84534049133,
                9158361.016205527
              ],
              [
                430256.8267668629,
                9158457.93026196
              ],
              [
                430325.32218973845,
                9158553.78026383
              ],
              [
                430395.3147088974,
                9158648.542561581
              ],
              [
                430466.78705473285,
                9158742.193774033
              ],
              [
                430539.72159251303,
                9158834.710794155
              ],
              [
                430614.1003267321,
                9158926.070794752
              ],
              [
                430689.9049055503,
                9159016.251234112
              ],
              [
                430767.1166253221,
                9159105.229861563
              ],
              [
                430845.71643521095,
                9159192.98472296
              ],
              [
                430925.68494188995,
                9159279.494166102
              ],
              [
                431007.0024143266,
                9159364.736846078
              ],
              [
                431089.64878865145,
                9159448.691730537
              ],
              [
                431173.60367310815,
                9159531.33810486
              ],
              [
                431258.84635308536,
                9159612.655577296
              ],
              [
                431345.35579622723,
                9159692.624083975
              ],
              [
                431433.11065762315,
                9159771.223893866
              ],
              [
                431522.08928507415,
                9159848.435613636
              ],
              [
                431612.26972443535,
                9159924.240192454
              ],
              [
                431703.6297250327,
                9159998.618926674
              ],
              [
                431796.1467451532,
                9160071.553464454
              ],
              [
                431889.7979576064,
                9160143.02581029
              ],
              [
                431984.560255357,
                9160213.018329449
              ],
              [
                432080.410257226,
                9160281.513752325
              ],
              [
                432177.32431365957,
                9160348.495178696
              ],
              [
                432275.27851256455,
                9160413.9460819
              ],
              [
                432374.24868520803,
                9160477.850312902
              ],
              [
                432474.2104121809,
                9160540.192104293
              ],
              [
                432575.1390294228,
                9160600.956074167
              ],
              [
                432677.00963430747,
                9160660.127229923
              ],
              [
                432779.7970917877,
                9160717.690971965
              ],
              [
                432883.4760405962,
                9160773.633097302
              ],
              [
                432988.0208995039,
                9160827.939803049
              ],
              [
                433093.4058736312,
                9160880.597689841
              ],
              [
                433199.6049608125,
                9160931.593765132
              ],
              [
                433306.5919580122,
                9160980.915446403
              ],
              [
                433414.3404677897,
                9161028.550564267
              ],
              [
                433522.82390481234,
                9161074.487365471
              ],
              [
                433632.0155024154,
                9161118.714515798
              ],
              [
                433741.8883192061,
                9161161.22110286
              ],
              [
                433852.4152457109,
                9161201.996638793
              ],
              [
                433963.5690110644,
                9161241.031062843
              ],
              [
                434075.32218973845,
                9161278.31474385
              ],
              [
                434187.6472083083,
                9161313.838482624
              ],
              [
                434300.5163522563,
                9161347.593514213
              ],
              [
                434413.90177281026,
                9161379.571510071
              ],
              [
                434527.77549381414,
                9161409.7645801
              ],
              [
                434642.10941863124,
                9161438.16527462
              ],
              [
                434756.8753370765,
                9161464.766586177
              ],
              [
                434872.0449323767,
                9161489.5619513
              ],
              [
                434987.5897881576,
                9161512.545252101
              ],
              [
                435103.48139545496,
                9161533.710817797
              ],
              [
                435219.6911597488,
                9161553.0534261
              ],
              [
                435336.19040801865,
                9161570.56830451
              ],
              [
                435452.9503958183,
                9161586.251131495
              ],
              [
                435569.9423143677,
                9161600.09803755
              ],
              [
                435687.1372976617,
                9161612.10560616
              ],
              [
                435804.5064295917,
                9161622.270874634
              ],
              [
                435922.0207510807,
                9161630.591334848
              ],
              [
                436039.6512672282,
                9161637.064933851
              ],
              [
                436157.36895446456,
                9161641.69007438
              ],
              [
                436275.14476771187,
                9161644.465615248
              ],
              [
                436392.94964755053,
                9161645.390871637
              ],
              [
                436510.7545273892,
                9161644.465615248
              ],
              [
                436628.5303406365,
                9161641.69007438
              ],
              [
                436746.2480278729,
                9161637.064933851
              ],
              [
                436863.8785440204,
                9161630.591334848
              ],
              [
                436981.3928655094,
                9161622.270874634
              ],
              [
                437098.7619974394,
                9161612.10560616
              ],
              [
                437215.9569807334,
                9161600.09803755
              ],
              [
                437332.9488992828,
                9161586.251131495
              ],
              [
                437449.7088870824,
                9161570.56830451
              ],
              [
                437566.20813535224,
                9161553.0534261
              ],
              [
                437682.4178996461,
                9161533.710817797
              ],
              [
                437798.30950694345,
                9161512.545252101
              ],
              [
                437913.85436272435,
                9161489.5619513
              ],
              [
                438029.0239580246,
                9161464.766586177
              ],
              [
                438143.7898764698,
                9161438.16527462
              ],
              [
                438258.1238012869,
                9161409.7645801
              ],
              [
                438371.99752229085,
                9161379.571510071
              ],
              [
                438485.38294284476,
                9161347.593514213
              ],
              [
                438598.2520867928,
                9161313.838482624
              ],
              [
                438710.5771053626,
                9161278.31474385
              ],
              [
                438822.33028403664,
                9161241.031062843
              ],
              [
                438933.48404939024,
                9161201.996638793
              ],
              [
                439044.010975895,
                9161161.22110286
              ],
              [
                439153.88379268564,
                9161118.714515798
              ],
              [
                439263.0753902887,
                9161074.487365471
              ],
              [
                439371.5588273114,
                9161028.550564267
              ],
              [
                439479.30733708886,
                9160980.915446403
              ],
              [
                439586.29433428857,
                9160931.593765132
              ],
              [
                439692.4934214699,
                9160880.597689841
              ],
              [
                439797.87839559716,
                9160827.939803049
              ],
              [
                439902.42325450486,
                9160773.633097302
              ],
              [
                440006.1022033134,
                9160717.690971965
              ],
              [
                440108.8896607936,
                9160660.127229923
              ],
              [
                440210.76026567834,
                9160600.956074167
              ],
              [
                440311.68888292013,
                9160540.192104293
              ],
              [
                440411.650609893,
                9160477.850312902
              ],
              [
                440510.6207825365,
                9160413.9460819
              ],
              [
                440608.5749814415,
                9160348.495178696
              ],
              [
                440705.48903787514,
                9160281.513752325
              ],
              [
                440801.3390397441,
                9160213.018329449
              ],
              [
                440896.1013374947,
                9160143.02581029
              ],
              [
                440989.7525499479,
                9160071.553464454
              ],
              [
                441082.26957006834,
                9159998.618926674
              ],
              [
                441173.6295706657,
                9159924.240192454
              ],
              [
                441263.8100100269,
                9159848.435613636
              ],
              [
                441352.7886374779,
                9159771.223893866
              ],
              [
                441440.5434988738,
                9159692.624083975
              ],
              [
                441527.0529420157,
                9159612.655577296
              ],
              [
                441612.2956219929,
                9159531.33810486
              ],
              [
                441696.25050644967,
                9159448.691730537
              ],
              [
                441778.89688077447,
                9159364.736846078
              ],
              [
                441860.2143532111,
                9159279.494166102
              ],
              [
                441940.1828598901,
                9159192.98472296
              ],
              [
                442018.782669779,
                9159105.229861563
              ],
              [
                442095.99438955076,
                9159016.251234112
              ],
              [
                442171.79896836897,
                9158926.070794752
              ],
              [
                442246.17770258803,
                9158834.710794155
              ],
              [
                442319.1122403682,
                9158742.193774033
              ],
              [
                442390.5845862037,
                9158648.542561581
              ],
              [
                442460.57710536267,
                9158553.78026383
              ],
              [
                442529.07252823823,
                9158457.93026196
              ],
              [
                442596.0539546097,
                9158361.016205527
              ],
              [
                442661.50485781254,
                9158263.062006623
              ],
              [
                442725.4090888156,
                9158164.091833979
              ],
              [
                442787.75088020624,
                9158064.130107006
              ],
              [
                442848.51485008013,
                9157963.201489765
              ],
              [
                442907.68600583693,
                9157861.33088488
              ],
              [
                442965.2497478795,
                9157758.5434274
              ],
              [
                443021.1918732157,
                9157654.86447859
              ],
              [
                443075.4985789633,
                9157550.319619684
              ],
              [
                443128.15646575514,
                9157444.934645556
              ],
              [
                443179.1525410457,
                9157338.735558374
              ],
              [
                443228.47422231635,
                9157231.748561176
              ],
              [
                443276.1093401804,
                9157124.000051398
              ],
              [
                443322.04614138516,
                9157015.516614376
              ],
              [
                443366.2732917124,
                9156906.325016772
              ],
              [
                443408.77987877454,
                9156796.45219998
              ],
              [
                443449.5554147072,
                9156685.925273476
              ],
              [
                443488.5898387571,
                9156574.771508122
              ],
              [
                443525.87351976417,
                9156463.018329449
              ],
              [
                443561.397258538,
                9156350.69331088
              ],
              [
                443595.1522901276,
                9156237.824166931
              ],
              [
                443627.130285984,
                9156124.438746376
              ],
              [
                443657.32335601526,
                9156010.565025372
              ],
              [
                443685.7240505331,
                9155896.231100556
              ],
              [
                443712.3253620911,
                9155781.46518211
              ],
              [
                443737.1207272138,
                9155666.29558681
              ],
              [
                443760.1040280157,
                9155550.750731029
              ],
              [
                443781.26959371136,
                9155434.859123733
              ],
              [
                443800.6122020141,
                9155318.649359439
              ],
              [
                443818.1270804247,
                9155202.150111169
              ],
              [
                443833.80990740913,
                9155085.39012337
              ],
              [
                443847.65681346436,
                9154968.39820482
              ],
              [
                443859.6643820736,
                9154851.203221526
              ],
              [
                443869.829650549,
                9154733.834089596
              ],
              [
                443878.15011076257,
                9154616.319768107
              ],
              [
                443884.6237097653,
                9154498.68925196
              ],
              [
                443889.2488502935,
                9154380.971564723
              ],
              [
                443892.02439116297,
                9154263.195751475
              ],
              [
                443892.94964755053,
                9154145.390871637
              ]
            ]
          ]
        ]
      }
    },
    {
      "type": "Feature",
      "properties": {
        "Id": 2,
        "ID": 2,
        "Nama": "Pos Damkar Rencana Minggir / Tempel",
        "NAMA": "Pos Damkar Rencana Minggir / Tempel",
        "nama": "Pos Damkar Rencana Minggir / Tempel",
        "Kabupaten": "Kabupaten Sleman",
        "Kategori": "Rencana"
      },
      "geometry": {
        "type": "MultiPolygon",
        "coordinates": [
          [
            [
              [
                422047.259079867,
                9147002.23878349
              ],
              [
                422046.3338234794,
                9146884.433903651
              ],
              [
                422043.55828260997,
                9146766.658090403
              ],
              [
                422038.9331420818,
                9146648.940403167
              ],
              [
                422032.459543079,
                9146531.30988702
              ],
              [
                422024.13908286544,
                9146413.79556553
              ],
              [
                422013.9738143901,
                9146296.4264336
              ],
              [
                422001.9662457808,
                9146179.231450306
              ],
              [
                421988.1193397256,
                9146062.239531757
              ],
              [
                421972.43651274114,
                9145945.479543958
              ],
              [
                421954.92163433053,
                9145828.980295688
              ],
              [
                421935.5790260278,
                9145712.770531394
              ],
              [
                421914.41346033214,
                9145596.878924098
              ],
              [
                421891.43015953025,
                9145481.334068317
              ],
              [
                421866.6347944076,
                9145366.164473016
              ],
              [
                421840.03348284954,
                9145251.398554571
              ],
              [
                421811.6327883317,
                9145137.064629754
              ],
              [
                421781.4397183005,
                9145023.19090875
              ],
              [
                421749.46172244404,
                9144909.805488195
              ],
              [
                421715.70669085445,
                9144796.936344247
              ],
              [
                421680.1829520806,
                9144684.611325677
              ],
              [
                421642.8992710736,
                9144572.858147005
              ],
              [
                421603.8648470237,
                9144461.70438165
              ],
              [
                421563.089311091,
                9144351.177455146
              ],
              [
                421520.58272402885,
                9144241.304638354
              ],
              [
                421476.3555737016,
                9144132.11304075
              ],
              [
                421430.41877249687,
                9144023.629603729
              ],
              [
                421382.7836546328,
                9143915.881093951
              ],
              [
                421333.46197336214,
                9143808.894096753
              ],
              [
                421282.4658980716,
                9143702.69500957
              ],
              [
                421229.80801127973,
                9143597.310035443
              ],
              [
                421175.5013055322,
                9143492.765176537
              ],
              [
                421119.55918019597,
                9143389.086227726
              ],
              [
                421061.9954381534,
                9143286.298770247
              ],
              [
                421002.8242823966,
                9143184.428165361
              ],
              [
                420942.0603125227,
                9143083.49954812
              ],
              [
                420879.7185211321,
                9142983.537821148
              ],
              [
                420815.814290129,
                9142884.567648504
              ],
              [
                420750.3633869262,
                9142786.6134496
              ],
              [
                420683.38196055463,
                9142689.699393166
              ],
              [
                420614.88653767906,
                9142593.849391297
              ],
              [
                420544.89401852014,
                9142499.087093545
              ],
              [
                420473.42167268466,
                9142405.435881093
              ],
              [
                420400.4871349045,
                9142312.918860972
              ],
              [
                420326.1084006854,
                9142221.558860375
              ],
              [
                420250.3038218672,
                9142131.378421014
              ],
              [
                420173.0921020954,
                9142042.399793563
              ],
              [
                420094.49229220656,
                9141954.644932166
              ],
              [
                420014.52378552756,
                9141868.135489024
              ],
              [
                419933.2063130909,
                9141782.892809048
              ],
              [
                419850.55993876606,
                9141698.93792459
              ],
              [
                419766.60505430936,
                9141616.291550266
              ],
              [
                419681.36237433215,
                9141534.97407783
              ],
              [
                419594.8529311903,
                9141455.005571151
              ],
              [
                419507.09806979436,
                9141376.40576126
              ],
              [
                419418.11944234336,
                9141299.19404149
              ],
              [
                419327.93900298217,
                9141223.389462672
              ],
              [
                419236.5790023848,
                9141149.010728452
              ],
              [
                419144.06198226433,
                9141076.076190673
              ],
              [
                419050.41076981113,
                9141004.603844836
              ],
              [
                418955.6484720605,
                9140934.611325677
              ],
              [
                418859.7984701916,
                9140866.115902802
              ],
              [
                418762.88441375794,
                9140799.13447643
              ],
              [
                418664.93021485297,
                9140733.683573227
              ],
              [
                418565.9600422095,
                9140669.779342225
              ],
              [
                418465.9983152366,
                9140607.437550833
              ],
              [
                418365.0696979948,
                9140546.67358096
              ],
              [
                418263.19909311004,
                9140487.502425203
              ],
              [
                418160.41163562983,
                9140429.938683162
              ],
              [
                418056.7326868213,
                9140373.996557824
              ],
              [
                417952.18782791356,
                9140319.689852078
              ],
              [
                417846.8028537863,
                9140267.031965286
              ],
              [
                417740.603766605,
                9140216.035889994
              ],
              [
                417633.6167694053,
                9140166.714208724
              ],
              [
                417525.86825962784,
                9140119.07909086
              ],
              [
                417417.3848226052,
                9140073.142289655
              ],
              [
                417308.1932250021,
                9140028.915139329
              ],
              [
                417198.32040821144,
                9139986.408552267
              ],
              [
                417087.79348170664,
                9139945.633016333
              ],
              [
                416976.6397163531,
                9139906.598592283
              ],
              [
                416864.88653767906,
                9139869.314911276
              ],
              [
                416752.56151910924,
                9139833.791172503
              ],
              [
                416639.6923751612,
                9139800.036140913
              ],
              [
                416526.30695460725,
                9139768.058145056
              ],
              [
                416412.43323360337,
                9139737.865075026
              ],
              [
                416298.0993087863,
                9139709.464380506
              ],
              [
                416183.333390341,
                9139682.86306895
              ],
              [
                416068.1637950408,
                9139658.067703826
              ],
              [
                415952.6189392599,
                9139635.084403025
              ],
              [
                415836.72733196255,
                9139613.91883733
              ],
              [
                415720.5175676687,
                9139594.576229027
              ],
              [
                415604.01831939886,
                9139577.061350616
              ],
              [
                415487.25833159924,
                9139561.378523631
              ],
              [
                415370.26641304983,
                9139547.531617576
              ],
              [
                415253.07142975583,
                9139535.524048967
              ],
              [
                415135.70229782583,
                9139525.358780492
              ],
              [
                415018.1879763368,
                9139517.038320279
              ],
              [
                414900.55746018933,
                9139510.564721275
              ],
              [
                414782.83977295295,
                9139505.939580746
              ],
              [
                414665.06395970564,
                9139503.164039878
              ],
              [
                414547.259079867,
                9139502.23878349
              ],
              [
                414429.4542000283,
                9139503.164039878
              ],
              [
                414311.678386781,
                9139505.939580746
              ],
              [
                414193.96069954464,
                9139510.564721275
              ],
              [
                414076.3301833971,
                9139517.038320279
              ],
              [
                413958.81586190814,
                9139525.358780492
              ],
              [
                413841.44672997814,
                9139535.524048967
              ],
              [
                413724.25174668414,
                9139547.531617576
              ],
              [
                413607.2598281347,
                9139561.378523631
              ],
              [
                413490.4998403351,
                9139577.061350616
              ],
              [
                413374.0005920653,
                9139594.576229027
              ],
              [
                413257.7908277714,
                9139613.91883733
              ],
              [
                413141.89922047406,
                9139635.084403025
              ],
              [
                413026.35436469316,
                9139658.067703826
              ],
              [
                412911.1847693929,
                9139682.86306895
              ],
              [
                412796.4188509477,
                9139709.464380506
              ],
              [
                412682.0849261306,
                9139737.865075026
              ],
              [
                412568.21120512666,
                9139768.058145056
              ],
              [
                412454.82578457275,
                9139800.036140913
              ],
              [
                412341.95664062473,
                9139833.791172503
              ],
              [
                412229.6316220549,
                9139869.314911276
              ],
              [
                412117.8784433809,
                9139906.598592283
              ],
              [
                412006.7246780273,
                9139945.633016333
              ],
              [
                411896.19775152253,
                9139986.408552267
              ],
              [
                411786.3249347319,
                9140028.915139329
              ],
              [
                411677.1333371288,
                9140073.142289655
              ],
              [
                411568.64990010613,
                9140119.07909086
              ],
              [
                411460.90139032865,
                9140166.714208724
              ],
              [
                411353.91439312894,
                9140216.035889994
              ],
              [
                411247.71530594764,
                9140267.031965286
              ],
              [
                411142.3303318204,
                9140319.689852078
              ],
              [
                411037.78547291266,
                9140373.996557824
              ],
              [
                410934.10652410414,
                9140429.938683162
              ],
              [
                410831.3190666239,
                9140487.502425203
              ],
              [
                410729.4484617392,
                9140546.67358096
              ],
              [
                410628.5198444974,
                9140607.437550833
              ],
              [
                410528.5581175245,
                9140669.779342225
              ],
              [
                410429.587944881,
                9140733.683573227
              ],
              [
                410331.633745976,
                9140799.13447643
              ],
              [
                410234.71968954237,
                9140866.115902802
              ],
              [
                410138.86968767346,
                9140934.611325677
              ],
              [
                410044.10738992284,
                9141004.603844836
              ],
              [
                409950.45617746963,
                9141076.076190673
              ],
              [
                409857.9391573492,
                9141149.010728452
              ],
              [
                409766.5791567518,
                9141223.389462672
              ],
              [
                409676.3987173906,
                9141299.19404149
              ],
              [
                409587.4200899396,
                9141376.40576126
              ],
              [
                409499.6652285437,
                9141455.005571151
              ],
              [
                409413.1557854018,
                9141534.97407783
              ],
              [
                409327.9131054246,
                9141616.291550266
              ],
              [
                409243.9582209679,
                9141698.93792459
              ],
              [
                409161.31184664305,
                9141782.892809048
              ],
              [
                409079.9943742064,
                9141868.135489024
              ],
              [
                409000.0258675274,
                9141954.644932166
              ],
              [
                408921.42605763854,
                9142042.399793563
              ],
              [
                408844.21433786675,
                9142131.378421014
              ],
              [
                408768.40975904855,
                9142221.558860375
              ],
              [
                408694.0310248295,
                9142312.918860972
              ],
              [
                408621.0964870493,
                9142405.435881093
              ],
              [
                408549.62414121383,
                9142499.087093545
              ],
              [
                408479.6316220549,
                9142593.849391297
              ],
              [
                408411.1361991793,
                9142689.699393166
              ],
              [
                408344.1547728078,
                9142786.6134496
              ],
              [
                408278.703869605,
                9142884.567648504
              ],
              [
                408214.7996386019,
                9142983.537821148
              ],
              [
                408152.4578472113,
                9143083.49954812
              ],
              [
                408091.6938773374,
                9143184.428165361
              ],
              [
                408032.5227215806,
                9143286.298770247
              ],
              [
                407974.958979538,
                9143389.086227726
              ],
              [
                407919.0168542018,
                9143492.765176537
              ],
              [
                407864.71014845424,
                9143597.310035443
              ],
              [
                407812.0522616624,
                9143702.69500957
              ],
              [
                407761.05618637183,
                9143808.894096753
              ],
              [
                407711.73450510117,
                9143915.881093951
              ],
              [
                407664.0993872371,
                9144023.629603729
              ],
              [
                407618.16258603235,
                9144132.11304075
              ],
              [
                407573.9354357051,
                9144241.304638354
              ],
              [
                407531.428848643,
                9144351.177455146
              ],
              [
                407490.6533127103,
                9144461.70438165
              ],
              [
                407451.6188886604,
                9144572.858147005
              ],
              [
                407414.33520765335,
                9144684.611325677
              ],
              [
                407378.8114688795,
                9144796.936344247
              ],
              [
                407345.0564372899,
                9144909.805488195
              ],
              [
                407313.0784414335,
                9145023.19090875
              ],
              [
                407282.88537140226,
                9145137.064629754
              ],
              [
                407254.4846768844,
                9145251.398554571
              ],
              [
                407227.8833653264,
                9145366.164473016
              ],
              [
                407203.0880002037,
                9145481.334068317
              ],
              [
                407180.1046994018,
                9145596.878924098
              ],
              [
                407158.93913370615,
                9145712.770531394
              ],
              [
                407139.59652540344,
                9145828.980295688
              ],
              [
                407122.0816469928,
                9145945.479543958
              ],
              [
                407106.3988200084,
                9146062.239531757
              ],
              [
                407092.55191395315,
                9146179.231450306
              ],
              [
                407080.5443453439,
                9146296.4264336
              ],
              [
                407070.3790768685,
                9146413.79556553
              ],
              [
                407062.05861665495,
                9146531.30988702
              ],
              [
                407055.5850176522,
                9146648.940403167
              ],
              [
                407050.959877124,
                9146766.658090403
              ],
              [
                407048.18433625455,
                9146884.433903651
              ],
              [
                407047.259079867,
                9147002.23878349
              ],
              [
                407048.18433625455,
                9147120.043663329
              ],
              [
                407050.959877124,
                9147237.819476577
              ],
              [
                407055.5850176522,
                9147355.537163813
              ],
              [
                407062.05861665495,
                9147473.16767996
              ],
              [
                407070.3790768685,
                9147590.68200145
              ],
              [
                407080.5443453439,
                9147708.05113338
              ],
              [
                407092.55191395315,
                9147825.246116674
              ],
              [
                407106.3988200084,
                9147942.238035223
              ],
              [
                407122.0816469928,
                9148058.998023022
              ],
              [
                407139.59652540344,
                9148175.497271292
              ],
              [
                407158.93913370615,
                9148291.707035586
              ],
              [
                407180.1046994018,
                9148407.598642882
              ],
              [
                407203.0880002037,
                9148523.143498663
              ],
              [
                407227.8833653264,
                9148638.313093964
              ],
              [
                407254.4846768844,
                9148753.079012409
              ],
              [
                407282.88537140226,
                9148867.412937226
              ],
              [
                407313.0784414335,
                9148981.28665823
              ],
              [
                407345.0564372899,
                9149094.672078785
              ],
              [
                407378.8114688795,
                9149207.541222733
              ],
              [
                407414.33520765335,
                9149319.866241302
              ],
              [
                407451.6188886604,
                9149431.619419975
              ],
              [
                407490.6533127103,
                9149542.77318533
              ],
              [
                407531.428848643,
                9149653.300111834
              ],
              [
                407573.9354357051,
                9149763.172928626
              ],
              [
                407618.16258603235,
                9149872.364526229
              ],
              [
                407664.0993872371,
                9149980.847963251
              ],
              [
                407711.73450510117,
                9150088.596473029
              ],
              [
                407761.05618637183,
                9150195.583470227
              ],
              [
                407812.0522616624,
                9150301.78255741
              ],
              [
                407864.71014845424,
                9150407.167531537
              ],
              [
                407919.0168542018,
                9150511.712390443
              ],
              [
                407974.958979538,
                9150615.391339254
              ],
              [
                408032.5227215806,
                9150718.178796733
              ],
              [
                408091.6938773374,
                9150820.049401619
              ],
              [
                408152.4578472113,
                9150920.97801886
              ],
              [
                408214.7996386019,
                9151020.939745832
              ],
              [
                408278.703869605,
                9151119.909918476
              ],
              [
                408344.1547728078,
                9151217.86411738
              ],
              [
                408411.13619917934,
                9151314.778173814
              ],
              [
                408479.6316220549,
                9151410.628175683
              ],
              [
                408549.62414121383,
                9151505.390473435
              ],
              [
                408621.0964870493,
                9151599.041685887
              ],
              [
                408694.0310248295,
                9151691.558706008
              ],
              [
                408768.40975904855,
                9151782.918706605
              ],
              [
                408844.21433786675,
                9151873.099145966
              ],
              [
                408921.42605763854,
                9151962.077773416
              ],
              [
                409000.0258675274,
                9152049.832634814
              ],
              [
                409079.9943742064,
                9152136.342077956
              ],
              [
                409161.31184664305,
                9152221.584757932
              ],
              [
                409243.9582209679,
                9152305.53964239
              ],
              [
                409327.9131054246,
                9152388.186016714
              ],
              [
                409413.1557854018,
                9152469.50348915
              ],
              [
                409499.6652285437,
                9152549.471995829
              ],
              [
                409587.4200899396,
                9152628.07180572
              ],
              [
                409676.3987173906,
                9152705.28352549
              ],
              [
                409766.5791567518,
                9152781.088104308
              ],
              [
                409857.9391573492,
                9152855.466838527
              ],
              [
                409950.45617746963,
                9152928.401376307
              ],
              [
                410044.10738992284,
                9152999.873722143
              ],
              [
                410138.86968767346,
                9153069.866241302
              ],
              [
                410234.7196895424,
                9153138.361664178
              ],
              [
                410331.633745976,
                9153205.34309055
              ],
              [
                410429.587944881,
                9153270.793993752
              ],
              [
                410528.5581175245,
                9153334.698224755
              ],
              [
                410628.5198444974,
                9153397.040016146
              ],
              [
                410729.44846173923,
                9153457.80398602
              ],
              [
                410831.3190666239,
                9153516.975141777
              ],
              [
                410934.10652410414,
                9153574.538883818
              ],
              [
                411037.78547291266,
                9153630.481009156
              ],
              [
                411142.33033182035,
                9153684.787714902
              ],
              [
                411247.71530594764,
                9153737.445601694
              ],
              [
                411353.91439312894,
                9153788.441676985
              ],
              [
                411460.90139032865,
                9153837.763358256
              ],
              [
                411568.64990010613,
                9153885.39847612
              ],
              [
                411677.1333371288,
                9153931.335277325
              ],
              [
                411786.3249347319,
                9153975.562427651
              ],
              [
                411896.19775152253,
                9154018.069014713
              ],
              [
                412006.7246780273,
                9154058.844550647
              ],
              [
                412117.8784433809,
                9154097.878974697
              ],
              [
                412229.6316220549,
                9154135.162655704
              ],
              [
                412341.95664062473,
                9154170.686394477
              ],
              [
                412454.82578457275,
                9154204.441426067
              ],
              [
                412568.2112051267,
                9154236.419421924
              ],
              [
                412682.0849261306,
                9154266.612491954
              ],
              [
                412796.4188509477,
                9154295.013186473
              ],
              [
                412911.18476939294,
                9154321.61449803
              ],
              [
                413026.35436469316,
                9154346.409863153
              ],
              [
                413141.89922047406,
                9154369.393163955
              ],
              [
                413257.7908277714,
                9154390.55872965
              ],
              [
                413374.0005920653,
                9154409.901337953
              ],
              [
                413490.4998403351,
                9154427.416216364
              ],
              [
                413607.25982813473,
                9154443.099043349
              ],
              [
                413724.25174668414,
                9154456.945949404
              ],
              [
                413841.44672997814,
                9154468.953518013
              ],
              [
                413958.81586190814,
                9154479.118786488
              ],
              [
                414076.33018339716,
                9154487.439246701
              ],
              [
                414193.96069954464,
                9154493.912845705
              ],
              [
                414311.678386781,
                9154498.537986234
              ],
              [
                414429.4542000283,
                9154501.313527102
              ],
              [
                414547.259079867,
                9154502.23878349
              ],
              [
                414665.06395970564,
                9154501.313527102
              ],
              [
                414782.83977295295,
                9154498.537986234
              ],
              [
                414900.55746018933,
                9154493.912845705
              ],
              [
                415018.18797633686,
                9154487.439246701
              ],
              [
                415135.70229782583,
                9154479.118786488
              ],
              [
                415253.07142975583,
                9154468.953518013
              ],
              [
                415370.26641304983,
                9154456.945949404
              ],
              [
                415487.25833159924,
                9154443.099043349
              ],
              [
                415604.01831939886,
                9154427.416216364
              ],
              [
                415720.5175676687,
                9154409.901337953
              ],
              [
                415836.72733196255,
                9154390.55872965
              ],
              [
                415952.6189392599,
                9154369.393163955
              ],
              [
                416068.1637950408,
                9154346.409863153
              ],
              [
                416183.3333903411,
                9154321.61449803
              ],
              [
                416298.0993087863,
                9154295.013186473
              ],
              [
                416412.43323360337,
                9154266.612491954
              ],
              [
                416526.3069546073,
                9154236.419421924
              ],
              [
                416639.6923751612,
                9154204.441426067
              ],
              [
                416752.56151910924,
                9154170.686394477
              ],
              [
                416864.88653767906,
                9154135.162655704
              ],
              [
                416976.6397163531,
                9154097.878974697
              ],
              [
                417087.7934817067,
                9154058.844550647
              ],
              [
                417198.32040821144,
                9154018.069014713
              ],
              [
                417308.1932250021,
                9153975.562427651
              ],
              [
                417417.3848226052,
                9153931.335277325
              ],
              [
                417525.86825962784,
                9153885.39847612
              ],
              [
                417633.6167694053,
                9153837.763358256
              ],
              [
                417740.603766605,
                9153788.441676985
              ],
              [
                417846.8028537863,
                9153737.445601694
              ],
              [
                417952.1878279136,
                9153684.787714902
              ],
              [
                418056.7326868213,
                9153630.481009156
              ],
              [
                418160.41163562983,
                9153574.538883818
              ],
              [
                418263.19909311004,
                9153516.975141777
              ],
              [
                418365.0696979948,
                9153457.80398602
              ],
              [
                418465.9983152366,
                9153397.040016146
              ],
              [
                418565.9600422095,
                9153334.698224755
              ],
              [
                418664.93021485297,
                9153270.793993752
              ],
              [
                418762.88441375794,
                9153205.34309055
              ],
              [
                418859.7984701916,
                9153138.361664178
              ],
              [
                418955.64847206057,
                9153069.866241302
              ],
              [
                419050.41076981113,
                9152999.873722143
              ],
              [
                419144.06198226433,
                9152928.401376307
              ],
              [
                419236.5790023848,
                9152855.466838527
              ],
              [
                419327.93900298217,
                9152781.088104308
              ],
              [
                419418.11944234336,
                9152705.28352549
              ],
              [
                419507.09806979436,
                9152628.07180572
              ],
              [
                419594.8529311903,
                9152549.471995829
              ],
              [
                419681.36237433215,
                9152469.50348915
              ],
              [
                419766.60505430936,
                9152388.186016714
              ],
              [
                419850.5599387661,
                9152305.53964239
              ],
              [
                419933.2063130909,
                9152221.584757932
              ],
              [
                420014.52378552756,
                9152136.342077956
              ],
              [
                420094.49229220656,
                9152049.832634814
              ],
              [
                420173.0921020954,
                9151962.077773416
              ],
              [
                420250.3038218672,
                9151873.099145966
              ],
              [
                420326.1084006854,
                9151782.918706605
              ],
              [
                420400.4871349045,
                9151691.558706008
              ],
              [
                420473.42167268466,
                9151599.041685887
              ],
              [
                420544.89401852014,
                9151505.390473435
              ],
              [
                420614.8865376791,
                9151410.628175683
              ],
              [
                420683.3819605547,
                9151314.778173814
              ],
              [
                420750.3633869262,
                9151217.86411738
              ],
              [
                420815.814290129,
                9151119.909918476
              ],
              [
                420879.7185211321,
                9151020.939745832
              ],
              [
                420942.0603125227,
                9150920.97801886
              ],
              [
                421002.8242823966,
                9150820.049401619
              ],
              [
                421061.9954381534,
                9150718.178796733
              ],
              [
                421119.55918019597,
                9150615.391339254
              ],
              [
                421175.5013055322,
                9150511.712390443
              ],
              [
                421229.80801127973,
                9150407.167531537
              ],
              [
                421282.4658980716,
                9150301.78255741
              ],
              [
                421333.46197336214,
                9150195.583470227
              ],
              [
                421382.7836546328,
                9150088.596473029
              ],
              [
                421430.41877249687,
                9149980.847963251
              ],
              [
                421476.3555737016,
                9149872.364526229
              ],
              [
                421520.58272402885,
                9149763.172928626
              ],
              [
                421563.089311091,
                9149653.300111834
              ],
              [
                421603.8648470237,
                9149542.77318533
              ],
              [
                421642.8992710736,
                9149431.619419975
              ],
              [
                421680.1829520806,
                9149319.866241302
              ],
              [
                421715.70669085445,
                9149207.541222733
              ],
              [
                421749.46172244404,
                9149094.672078785
              ],
              [
                421781.4397183005,
                9148981.28665823
              ],
              [
                421811.6327883317,
                9148867.412937226
              ],
              [
                421840.03348284954,
                9148753.079012409
              ],
              [
                421866.6347944076,
                9148638.313093964
              ],
              [
                421891.43015953025,
                9148523.143498663
              ],
              [
                421914.41346033214,
                9148407.598642882
              ],
              [
                421935.5790260278,
                9148291.707035586
              ],
              [
                421954.92163433053,
                9148175.497271292
              ],
              [
                421972.43651274114,
                9148058.998023022
              ],
              [
                421988.1193397256,
                9147942.238035223
              ],
              [
                422001.9662457808,
                9147825.246116674
              ],
              [
                422013.9738143901,
                9147708.05113338
              ],
              [
                422024.13908286544,
                9147590.68200145
              ],
              [
                422032.459543079,
                9147473.16767996
              ],
              [
                422038.9331420818,
                9147355.537163813
              ],
              [
                422043.55828260997,
                9147237.819476577
              ],
              [
                422046.3338234794,
                9147120.043663329
              ],
              [
                422047.259079867,
                9147002.23878349
              ]
            ]
          ]
        ]
      }
    },
    {
      "type": "Feature",
      "properties": {
        "Id": 3,
        "ID": 3,
        "Nama": "Pos Damkar Rencana Bandara YIA / Temon",
        "NAMA": "Pos Damkar Rencana Bandara YIA / Temon",
        "nama": "Pos Damkar Rencana Bandara YIA / Temon",
        "Kabupaten": "Kabupaten Kulon Progo",
        "Kategori": "Rencana"
      },
      "geometry": {
        "type": "MultiPolygon",
        "coordinates": [
          [
            [
              [
                409473.28686524124,
                9129671.196263721
              ],
              [
                409472.3616088537,
                9129553.391383883
              ],
              [
                409469.58606798423,
                9129435.615570635
              ],
              [
                409464.96092745604,
                9129317.897883398
              ],
              [
                409458.4873284533,
                9129200.267367251
              ],
              [
                409450.1668682397,
                9129082.753045762
              ],
              [
                409440.00159976433,
                9128965.383913832
              ],
              [
                409427.9940311551,
                9128848.188930538
              ],
              [
                409414.14712509984,
                9128731.197011989
              ],
              [
                409398.4642981154,
                9128614.43702419
              ],
              [
                409380.9494197048,
                9128497.93777592
              ],
              [
                409361.6068114021,
                9128381.728011625
              ],
              [
                409340.4412457064,
                9128265.83640433
              ],
              [
                409317.4579449045,
                9128150.291548548
              ],
              [
                409292.66257978184,
                9128035.121953247
              ],
              [
                409266.0612682238,
                9127920.356034802
              ],
              [
                409237.660573706,
                9127806.022109985
              ],
              [
                409207.46750367474,
                9127692.148388982
              ],
              [
                409175.4895078183,
                9127578.762968427
              ],
              [
                409141.7344762287,
                9127465.893824479
              ],
              [
                409106.2107374549,
                9127353.568805909
              ],
              [
                409068.92705644784,
                9127241.815627236
              ],
              [
                409029.89263239794,
                9127130.661861882
              ],
              [
                408989.11709646526,
                9127020.134935377
              ],
              [
                408946.6105094031,
                9126910.262118585
              ],
              [
                408902.3833590759,
                9126801.070520982
              ],
              [
                408856.4465578711,
                9126692.58708396
              ],
              [
                408808.81144000706,
                9126584.838574182
              ],
              [
                408759.4897587364,
                9126477.851576984
              ],
              [
                408708.49368344585,
                9126371.652489802
              ],
              [
                408655.835796654,
                9126266.267515674
              ],
              [
                408601.52909090644,
                9126161.722656768
              ],
              [
                408545.5869655702,
                9126058.043707957
              ],
              [
                408488.02322352765,
                9125955.256250478
              ],
              [
                408428.85206777084,
                9125853.385645593
              ],
              [
                408368.08809789695,
                9125752.457028352
              ],
              [
                408305.74630650633,
                9125652.495301379
              ],
              [
                408241.84207550326,
                9125553.525128735
              ],
              [
                408176.39117230044,
                9125455.57092983
              ],
              [
                408109.40974592895,
                9125358.656873398
              ],
              [
                408040.9143230533,
                9125262.806871528
              ],
              [
                407970.9218038944,
                9125168.044573776
              ],
              [
                407899.4494580589,
                9125074.393361324
              ],
              [
                407826.51492027874,
                9124981.876341203
              ],
              [
                407752.1361860597,
                9124890.516340606
              ],
              [
                407676.3316072415,
                9124800.335901245
              ],
              [
                407599.1198874697,
                9124711.357273795
              ],
              [
                407520.5200775808,
                9124623.602412397
              ],
              [
                407440.5515709018,
                9124537.092969256
              ],
              [
                407359.2340984652,
                9124451.85028928
              ],
              [
                407276.5877241403,
                9124367.895404821
              ],
              [
                407192.6328396836,
                9124285.249030497
              ],
              [
                407107.3901597064,
                9124203.931558061
              ],
              [
                407020.88071656454,
                9124123.963051382
              ],
              [
                406933.1258551686,
                9124045.363241492
              ],
              [
                406844.1472277176,
                9123968.151521722
              ],
              [
                406753.9667883564,
                9123892.346942903
              ],
              [
                406662.60678775905,
                9123817.968208684
              ],
              [
                406570.0897676386,
                9123745.033670904
              ],
              [
                406476.4385551854,
                9123673.561325068
              ],
              [
                406381.67625743477,
                9123603.568805909
              ],
              [
                406285.82625556586,
                9123535.073383033
              ],
              [
                406188.9121991322,
                9123468.091956662
              ],
              [
                406090.9580002272,
                9123402.641053459
              ],
              [
                405991.98782758374,
                9123338.736822456
              ],
              [
                405892.02610061085,
                9123276.395031065
              ],
              [
                405791.09748336906,
                9123215.63106119
              ],
              [
                405689.2268784843,
                9123156.459905434
              ],
              [
                405586.4394210041,
                9123098.896163393
              ],
              [
                405482.7604721956,
                9123042.954038056
              ],
              [
                405378.2156132879,
                9122988.647332309
              ],
              [
                405272.8306391606,
                9122935.989445517
              ],
              [
                405166.6315519793,
                9122884.993370226
              ],
              [
                405059.6445547796,
                9122835.671688955
              ],
              [
                404951.8960450021,
                9122788.036571091
              ],
              [
                404843.41260797944,
                9122742.099769887
              ],
              [
                404734.22101037635,
                9122697.87261956
              ],
              [
                404624.3481935857,
                9122655.366032498
              ],
              [
                404513.8212670809,
                9122614.590496564
              ],
              [
                404402.66750172735,
                9122575.556072515
              ],
              [
                404290.9143230533,
                9122538.272391507
              ],
              [
                404178.5893044835,
                9122502.748652734
              ],
              [
                404065.7201605355,
                9122468.993621144
              ],
              [
                403952.3347399815,
                9122437.015625287
              ],
              [
                403838.4610189776,
                9122406.822555257
              ],
              [
                403724.12709416053,
                9122378.421860738
              ],
              [
                403609.36117571534,
                9122351.82054918
              ],
              [
                403494.19158041506,
                9122327.025184058
              ],
              [
                403378.64672463416,
                9122304.041883256
              ],
              [
                403262.7551173368,
                9122282.87631756
              ],
              [
                403146.54535304295,
                9122263.533709258
              ],
              [
                403030.0461047731,
                9122246.018830847
              ],
              [
                402913.2861169735,
                9122230.336003862
              ],
              [
                402796.2941984241,
                9122216.489097808
              ],
              [
                402679.0992151301,
                9122204.481529199
              ],
              [
                402561.7300832001,
                9122194.316260723
              ],
              [
                402444.21576171106,
                9122185.99580051
              ],
              [
                402326.5852455636,
                9122179.522201506
              ],
              [
                402208.8675583272,
                9122174.897060977
              ],
              [
                402091.0917450799,
                9122172.12152011
              ],
              [
                401973.28686524124,
                9122171.196263721
              ],
              [
                401855.4819854026,
                9122172.12152011
              ],
              [
                401737.7061721553,
                9122174.897060977
              ],
              [
                401619.9884849189,
                9122179.522201506
              ],
              [
                401502.35796877136,
                9122185.99580051
              ],
              [
                401384.8436472824,
                9122194.316260723
              ],
              [
                401267.4745153524,
                9122204.481529199
              ],
              [
                401150.2795320584,
                9122216.489097808
              ],
              [
                401033.28761350893,
                9122230.336003862
              ],
              [
                400916.52762570936,
                9122246.018830847
              ],
              [
                400800.02837743954,
                9122263.533709258
              ],
              [
                400683.8186131457,
                9122282.87631756
              ],
              [
                400567.9270058483,
                9122304.041883256
              ],
              [
                400452.3821500674,
                9122327.025184058
              ],
              [
                400337.21255476715,
                9122351.82054918
              ],
              [
                400222.44663632195,
                9122378.421860738
              ],
              [
                400108.11271150486,
                9122406.822555257
              ],
              [
                399994.2389905009,
                9122437.015625287
              ],
              [
                399880.853569947,
                9122468.993621144
              ],
              [
                399767.984425999,
                9122502.748652734
              ],
              [
                399655.65940742916,
                9122538.272391507
              ],
              [
                399543.90622875514,
                9122575.556072515
              ],
              [
                399432.7524634015,
                9122614.590496564
              ],
              [
                399322.2255368968,
                9122655.366032498
              ],
              [
                399212.35272010614,
                9122697.87261956
              ],
              [
                399103.16112250305,
                9122742.099769887
              ],
              [
                398994.6776854804,
                9122788.036571091
              ],
              [
                398886.9291757029,
                9122835.671688955
              ],
              [
                398779.9421785032,
                9122884.993370226
              ],
              [
                398673.7430913219,
                9122935.989445517
              ],
              [
                398568.3581171947,
                9122988.647332309
              ],
              [
                398463.8132582869,
                9123042.954038056
              ],
              [
                398360.1343094784,
                9123098.896163393
              ],
              [
                398257.3468519982,
                9123156.459905434
              ],
              [
                398155.47624711343,
                9123215.63106119
              ],
              [
                398054.54762987164,
                9123276.395031065
              ],
              [
                397954.58590289875,
                9123338.736822456
              ],
              [
                397855.61573025526,
                9123402.641053459
              ],
              [
                397757.6615313503,
                9123468.091956662
              ],
              [
                397660.7474749166,
                9123535.073383033
              ],
              [
                397564.8974730477,
                9123603.568805909
              ],
              [
                397470.1351752971,
                9123673.561325068
              ],
              [
                397376.4839628439,
                9123745.033670904
              ],
              [
                397283.96694272343,
                9123817.968208684
              ],
              [
                397192.60694212606,
                9123892.346942903
              ],
              [
                397102.42650276487,
                9123968.151521722
              ],
              [
                397013.44787531387,
                9124045.363241492
              ],
              [
                396925.69301391795,
                9124123.963051382
              ],
              [
                396839.1835707761,
                9124203.931558061
              ],
              [
                396753.94089079887,
                9124285.249030497
              ],
              [
                396669.98600634217,
                9124367.895404821
              ],
              [
                396587.3396320173,
                9124451.85028928
              ],
              [
                396506.02215958067,
                9124537.092969256
              ],
              [
                396426.05365290167,
                9124623.602412397
              ],
              [
                396347.4538430128,
                9124711.357273795
              ],
              [
                396270.242123241,
                9124800.335901245
              ],
              [
                396194.4375444228,
                9124890.516340606
              ],
              [
                396120.05881020374,
                9124981.876341203
              ],
              [
                396047.12427242356,
                9125074.393361324
              ],
              [
                395975.6519265881,
                9125168.044573776
              ],
              [
                395905.65940742916,
                9125262.806871528
              ],
              [
                395837.16398455354,
                9125358.656873398
              ],
              [
                395770.18255818204,
                9125455.57092983
              ],
              [
                395704.73165497923,
                9125553.525128735
              ],
              [
                395640.82742397615,
                9125652.495301379
              ],
              [
                395578.48563258554,
                9125752.457028352
              ],
              [
                395517.72166271164,
                9125853.385645593
              ],
              [
                395458.5505069548,
                9125955.256250478
              ],
              [
                395400.98676491226,
                9126058.043707957
              ],
              [
                395345.04463957605,
                9126161.722656768
              ],
              [
                395290.7379338285,
                9126266.267515674
              ],
              [
                395238.08004703664,
                9126371.652489802
              ],
              [
                395187.0839717461,
                9126477.851576984
              ],
              [
                395137.7622904754,
                9126584.838574182
              ],
              [
                395090.12717261136,
                9126692.58708396
              ],
              [
                395044.1903714066,
                9126801.070520982
              ],
              [
                394999.9632210794,
                9126910.262118585
              ],
              [
                394957.45663401723,
                9127020.134935377
              ],
              [
                394916.68109808455,
                9127130.661861882
              ],
              [
                394877.64667403465,
                9127241.815627236
              ],
              [
                394840.3629930276,
                9127353.568805909
              ],
              [
                394804.8392542538,
                9127465.893824479
              ],
              [
                394771.0842226642,
                9127578.762968427
              ],
              [
                394739.10622680775,
                9127692.148388982
              ],
              [
                394708.9131567765,
                9127806.022109985
              ],
              [
                394680.5124622587,
                9127920.356034802
              ],
              [
                394653.91115070065,
                9128035.121953247
              ],
              [
                394629.115785578,
                9128150.291548548
              ],
              [
                394606.1324847761,
                9128265.83640433
              ],
              [
                394584.9669190804,
                9128381.728011625
              ],
              [
                394565.6243107777,
                9128497.93777592
              ],
              [
                394548.1094323671,
                9128614.43702419
              ],
              [
                394532.42660538264,
                9128731.197011989
              ],
              [
                394518.5796993274,
                9128848.188930538
              ],
              [
                394506.57213071815,
                9128965.383913832
              ],
              [
                394496.4068622428,
                9129082.753045762
              ],
              [
                394488.0864020292,
                9129200.267367251
              ],
              [
                394481.61280302645,
                9129317.897883398
              ],
              [
                394476.98766249826,
                9129435.615570635
              ],
              [
                394474.2121216288,
                9129553.391383883
              ],
              [
                394473.28686524124,
                9129671.196263721
              ],
              [
                394474.2121216288,
                9129789.00114356
              ],
              [
                394476.98766249826,
                9129906.776956808
              ],
              [
                394481.61280302645,
                9130024.494644044
              ],
              [
                394488.0864020292,
                9130142.125160191
              ],
              [
                394496.4068622428,
                9130259.63948168
              ],
              [
                394506.57213071815,
                9130377.00861361
              ],
              [
                394518.5796993274,
                9130494.203596905
              ],
              [
                394532.42660538264,
                9130611.195515454
              ],
              [
                394548.1094323671,
                9130727.955503253
              ],
              [
                394565.6243107777,
                9130844.454751523
              ],
              [
                394584.9669190804,
                9130960.664515818
              ],
              [
                394606.1324847761,
                9131076.556123113
              ],
              [
                394629.115785578,
                9131192.100978894
              ],
              [
                394653.91115070065,
                9131307.270574195
              ],
              [
                394680.5124622587,
                9131422.03649264
              ],
              [
                394708.9131567765,
                9131536.370417457
              ],
              [
                394739.10622680775,
                9131650.24413846
              ],
              [
                394771.0842226642,
                9131763.629559016
              ],
              [
                394804.8392542538,
                9131876.498702964
              ],
              [
                394840.3629930276,
                9131988.823721534
              ],
              [
                394877.64667403465,
                9132100.576900207
              ],
              [
                394916.68109808455,
                9132211.73066556
              ],
              [
                394957.45663401723,
                9132322.257592065
              ],
              [
                394999.9632210794,
                9132432.130408857
              ],
              [
                395044.1903714066,
                9132541.32200646
              ],
              [
                395090.12717261136,
                9132649.805443482
              ],
              [
                395137.7622904754,
                9132757.55395326
              ],
              [
                395187.0839717461,
                9132864.540950458
              ],
              [
                395238.08004703664,
                9132970.74003764
              ],
              [
                395290.7379338285,
                9133076.125011768
              ],
              [
                395345.04463957605,
                9133180.669870675
              ],
              [
                395400.98676491226,
                9133284.348819485
              ],
              [
                395458.55050695484,
                9133387.136276964
              ],
              [
                395517.72166271164,
                9133489.00688185
              ],
              [
                395578.48563258554,
                9133589.93549909
              ],
              [
                395640.82742397615,
                9133689.897226064
              ],
              [
                395704.73165497923,
                9133788.867398707
              ],
              [
                395770.18255818204,
                9133886.821597612
              ],
              [
                395837.1639845536,
                9133983.735654045
              ],
              [
                395905.65940742916,
                9134079.585655915
              ],
              [
                395975.6519265881,
                9134174.347953666
              ],
              [
                396047.12427242356,
                9134267.999166118
              ],
              [
                396120.05881020374,
                9134360.51618624
              ],
              [
                396194.4375444228,
                9134451.876186837
              ],
              [
                396270.242123241,
                9134542.056626197
              ],
              [
                396347.4538430128,
                9134631.035253648
              ],
              [
                396426.05365290167,
                9134718.790115045
              ],
              [
                396506.02215958067,
                9134805.299558187
              ],
              [
                396587.3396320173,
                9134890.542238163
              ],
              [
                396669.98600634217,
                9134974.497122621
              ],
              [
                396753.94089079887,
                9135057.143496946
              ],
              [
                396839.1835707761,
                9135138.460969381
              ],
              [
                396925.69301391795,
                9135218.42947606
              ],
              [
                397013.44787531387,
                9135297.02928595
              ],
              [
                397102.42650276487,
                9135374.24100572
              ],
              [
                397192.60694212606,
                9135450.045584539
              ],
              [
                397283.96694272343,
                9135524.424318759
              ],
              [
                397376.4839628439,
                9135597.358856538
              ],
              [
                397470.1351752971,
                9135668.831202375
              ],
              [
                397564.8974730477,
                9135738.823721534
              ],
              [
                397660.7474749167,
                9135807.31914441
              ],
              [
                397757.6615313503,
                9135874.30057078
              ],
              [
                397855.61573025526,
                9135939.751473984
              ],
              [
                397954.58590289875,
                9136003.655704986
              ],
              [
                398054.54762987164,
                9136065.997496378
              ],
              [
                398155.4762471135,
                9136126.761466252
              ],
              [
                398257.3468519982,
                9136185.932622008
              ],
              [
                398360.1343094784,
                9136243.49636405
              ],
              [
                398463.8132582869,
                9136299.438489387
              ],
              [
                398568.3581171946,
                9136353.745195134
              ],
              [
                398673.7430913219,
                9136406.403081926
              ],
              [
                398779.9421785032,
                9136457.399157217
              ],
              [
                398886.9291757029,
                9136506.720838487
              ],
              [
                398994.6776854804,
                9136554.355956351
              ],
              [
                399103.16112250305,
                9136600.292757556
              ],
              [
                399212.35272010614,
                9136644.519907882
              ],
              [
                399322.2255368968,
                9136687.026494944
              ],
              [
                399432.7524634016,
                9136727.802030878
              ],
              [
                399543.90622875514,
                9136766.836454928
              ],
              [
                399655.65940742916,
                9136804.120135935
              ],
              [
                399767.984425999,
                9136839.643874709
              ],
              [
                399880.853569947,
                9136873.398906298
              ],
              [
                399994.238990501,
                9136905.376902156
              ],
              [
                400108.11271150486,
                9136935.569972185
              ],
              [
                400222.44663632195,
                9136963.970666705
              ],
              [
                400337.2125547672,
                9136990.571978262
              ],
              [
                400452.3821500674,
                9137015.367343385
              ],
              [
                400567.9270058483,
                9137038.350644186
              ],
              [
                400683.8186131457,
                9137059.516209882
              ],
              [
                400800.02837743954,
                9137078.858818185
              ],
              [
                400916.52762570936,
                9137096.373696595
              ],
              [
                401033.287613509,
                9137112.05652358
              ],
              [
                401150.2795320584,
                9137125.903429635
              ],
              [
                401267.4745153524,
                9137137.910998244
              ],
              [
                401384.8436472824,
                9137148.076266719
              ],
              [
                401502.3579687714,
                9137156.396726932
              ],
              [
                401619.9884849189,
                9137162.870325936
              ],
              [
                401737.7061721553,
                9137167.495466465
              ],
              [
                401855.4819854026,
                9137170.271007333
              ],
              [
                401973.28686524124,
                9137171.196263721
              ],
              [
                402091.0917450799,
                9137170.271007333
              ],
              [
                402208.8675583272,
                9137167.495466463
              ],
              [
                402326.5852455636,
                9137162.870325936
              ],
              [
                402444.2157617111,
                9137156.396726932
              ],
              [
                402561.7300832001,
                9137148.076266719
              ],
              [
                402679.0992151301,
                9137137.910998244
              ],
              [
                402796.2941984241,
                9137125.903429635
              ],
              [
                402913.2861169735,
                9137112.05652358
              ],
              [
                403030.0461047731,
                9137096.373696595
              ],
              [
                403146.54535304295,
                9137078.858818185
              ],
              [
                403262.7551173368,
                9137059.516209882
              ],
              [
                403378.64672463416,
                9137038.350644186
              ],
              [
                403494.19158041506,
                9137015.367343385
              ],
              [
                403609.36117571534,
                9136990.571978262
              ],
              [
                403724.12709416053,
                9136963.970666705
              ],
              [
                403838.4610189776,
                9136935.569972185
              ],
              [
                403952.33473998157,
                9136905.376902156
              ],
              [
                404065.7201605355,
                9136873.398906298
              ],
              [
                404178.5893044835,
                9136839.643874709
              ],
              [
                404290.9143230533,
                9136804.120135935
              ],
              [
                404402.66750172735,
                9136766.836454928
              ],
              [
                404513.82126708096,
                9136727.802030878
              ],
              [
                404624.3481935857,
                9136687.026494944
              ],
              [
                404734.22101037635,
                9136644.519907882
              ],
              [
                404843.41260797944,
                9136600.292757556
              ],
              [
                404951.8960450021,
                9136554.355956351
              ],
              [
                405059.6445547796,
                9136506.720838487
              ],
              [
                405166.6315519793,
                9136457.399157217
              ],
              [
                405272.8306391606,
                9136406.403081926
              ],
              [
                405378.2156132879,
                9136353.745195134
              ],
              [
                405482.7604721956,
                9136299.438489387
              ],
              [
                405586.4394210041,
                9136243.49636405
              ],
              [
                405689.2268784843,
                9136185.932622008
              ],
              [
                405791.09748336906,
                9136126.761466252
              ],
              [
                405892.02610061085,
                9136065.997496378
              ],
              [
                405991.98782758374,
                9136003.655704986
              ],
              [
                406090.9580002272,
                9135939.751473984
              ],
              [
                406188.9121991322,
                9135874.30057078
              ],
              [
                406285.82625556586,
                9135807.31914441
              ],
              [
                406381.67625743477,
                9135738.823721534
              ],
              [
                406476.4385551854,
                9135668.831202375
              ],
              [
                406570.0897676386,
                9135597.358856538
              ],
              [
                406662.60678775905,
                9135524.424318759
              ],
              [
                406753.9667883564,
                9135450.045584539
              ],
              [
                406844.1472277176,
                9135374.24100572
              ],
              [
                406933.1258551686,
                9135297.02928595
              ],
              [
                407020.88071656454,
                9135218.42947606
              ],
              [
                407107.3901597064,
                9135138.460969381
              ],
              [
                407192.6328396836,
                9135057.143496946
              ],
              [
                407276.5877241404,
                9134974.497122621
              ],
              [
                407359.2340984652,
                9134890.542238163
              ],
              [
                407440.5515709018,
                9134805.299558187
              ],
              [
                407520.5200775808,
                9134718.790115045
              ],
              [
                407599.1198874697,
                9134631.035253648
              ],
              [
                407676.3316072415,
                9134542.056626197
              ],
              [
                407752.1361860597,
                9134451.876186837
              ],
              [
                407826.51492027874,
                9134360.51618624
              ],
              [
                407899.4494580589,
                9134267.999166118
              ],
              [
                407970.9218038944,
                9134174.347953666
              ],
              [
                408040.9143230533,
                9134079.585655915
              ],
              [
                408109.40974592895,
                9133983.735654045
              ],
              [
                408176.39117230044,
                9133886.821597612
              ],
              [
                408241.84207550326,
                9133788.867398707
              ],
              [
                408305.74630650633,
                9133689.897226064
              ],
              [
                408368.08809789695,
                9133589.93549909
              ],
              [
                408428.85206777084,
                9133489.00688185
              ],
              [
                408488.0232235277,
                9133387.136276964
              ],
              [
                408545.5869655702,
                9133284.348819485
              ],
              [
                408601.52909090644,
                9133180.669870675
              ],
              [
                408655.835796654,
                9133076.125011768
              ],
              [
                408708.49368344585,
                9132970.74003764
              ],
              [
                408759.4897587364,
                9132864.540950458
              ],
              [
                408808.81144000706,
                9132757.55395326
              ],
              [
                408856.4465578711,
                9132649.805443482
              ],
              [
                408902.3833590759,
                9132541.32200646
              ],
              [
                408946.6105094031,
                9132432.130408857
              ],
              [
                408989.11709646526,
                9132322.257592065
              ],
              [
                409029.89263239794,
                9132211.73066556
              ],
              [
                409068.92705644784,
                9132100.576900207
              ],
              [
                409106.2107374549,
                9131988.823721534
              ],
              [
                409141.7344762287,
                9131876.498702964
              ],
              [
                409175.4895078183,
                9131763.629559016
              ],
              [
                409207.46750367474,
                9131650.24413846
              ],
              [
                409237.660573706,
                9131536.370417457
              ],
              [
                409266.0612682238,
                9131422.03649264
              ],
              [
                409292.66257978184,
                9131307.270574195
              ],
              [
                409317.4579449045,
                9131192.100978894
              ],
              [
                409340.4412457064,
                9131076.556123113
              ],
              [
                409361.6068114021,
                9130960.664515818
              ],
              [
                409380.9494197048,
                9130844.454751523
              ],
              [
                409398.4642981154,
                9130727.955503253
              ],
              [
                409414.14712509984,
                9130611.195515454
              ],
              [
                409427.9940311551,
                9130494.203596905
              ],
              [
                409440.00159976433,
                9130377.00861361
              ],
              [
                409450.1668682397,
                9130259.63948168
              ],
              [
                409458.4873284533,
                9130142.125160191
              ],
              [
                409464.96092745604,
                9130024.494644044
              ],
              [
                409469.58606798423,
                9129906.776956808
              ],
              [
                409472.3616088537,
                9129789.00114356
              ],
              [
                409473.28686524124,
                9129671.196263721
              ]
            ]
          ]
        ]
      }
    },
    {
      "type": "Feature",
      "properties": {
        "Id": 4,
        "ID": 4,
        "Nama": "Pos Damkar Rencana Bambanglipuro / Sanden",
        "NAMA": "Pos Damkar Rencana Bambanglipuro / Sanden",
        "nama": "Pos Damkar Rencana Bambanglipuro / Sanden",
        "Kabupaten": "Kabupaten Bantul",
        "Kategori": "Rencana"
      },
      "geometry": {
        "type": "MultiPolygon",
        "coordinates": [
          [
            [
              [
                434518.6844973301,
                9125231.163589833
              ],
              [
                434517.75924094254,
                9125113.358709995
              ],
              [
                434514.9837000731,
                9124995.582896747
              ],
              [
                434510.3585595449,
                9124877.86520951
              ],
              [
                434503.88496054214,
                9124760.234693363
              ],
              [
                434495.56450032856,
                9124642.720371874
              ],
              [
                434485.3992318532,
                9124525.351239944
              ],
              [
                434473.39166324394,
                9124408.15625665
              ],
              [
                434459.5447571887,
                9124291.1643381
              ],
              [
                434443.86193020426,
                9124174.404350301
              ],
              [
                434426.34705179365,
                9124057.905102031
              ],
              [
                434407.00444349094,
                9123941.695337737
              ],
              [
                434385.83887779526,
                9123825.803730441
              ],
              [
                434362.8555769934,
                9123710.25887466
              ],
              [
                434338.0602118707,
                9123595.08927936
              ],
              [
                434311.45890031266,
                9123480.323360914
              ],
              [
                434283.05820579483,
                9123365.989436097
              ],
              [
                434252.8651357636,
                9123252.115715094
              ],
              [
                434220.88713990716,
                9123138.730294539
              ],
              [
                434187.1321083176,
                9123025.86115059
              ],
              [
                434151.60836954374,
                9122913.53613202
              ],
              [
                434114.3246885367,
                9122801.782953348
              ],
              [
                434075.2902644868,
                9122690.629187994
              ],
              [
                434034.5147285541,
                9122580.10226149
              ],
              [
                433992.00814149197,
                9122470.229444697
              ],
              [
                433947.78099116473,
                9122361.037847094
              ],
              [
                433901.84418996,
                9122252.554410072
              ],
              [
                433854.2090720959,
                9122144.805900294
              ],
              [
                433804.88739082526,
                9122037.818903096
              ],
              [
                433753.8913155347,
                9121931.619815914
              ],
              [
                433701.23342874285,
                9121826.234841786
              ],
              [
                433646.9267229953,
                9121721.68998288
              ],
              [
                433590.9845976591,
                9121618.01103407
              ],
              [
                433533.4208556165,
                9121515.22357659
              ],
              [
                433474.2496998597,
                9121413.352971705
              ],
              [
                433413.4857299858,
                9121312.424354464
              ],
              [
                433351.1439385952,
                9121212.462627491
              ],
              [
                433287.2397075921,
                9121113.492454847
              ],
              [
                433221.7888043893,
                9121015.538255943
              ],
              [
                433154.8073780178,
                9120918.62419951
              ],
              [
                433086.3119551422,
                9120822.77419764
              ],
              [
                433016.31943598326,
                9120728.011899889
              ],
              [
                432944.8470901478,
                9120634.360687437
              ],
              [
                432871.9125523676,
                9120541.843667315
              ],
              [
                432797.53381814854,
                9120450.483666718
              ],
              [
                432721.72923933034,
                9120360.303227358
              ],
              [
                432644.51751955855,
                9120271.324599907
              ],
              [
                432565.9177096697,
                9120183.56973851
              ],
              [
                432485.9492029907,
                9120097.060295368
              ],
              [
                432404.63173055404,
                9120011.817615392
              ],
              [
                432321.9853562292,
                9119927.862730933
              ],
              [
                432238.0304717725,
                9119845.216356609
              ],
              [
                432152.7877917953,
                9119763.898884173
              ],
              [
                432066.2783486534,
                9119683.930377495
              ],
              [
                431978.5234872575,
                9119605.330567604
              ],
              [
                431889.5448598065,
                9119528.118847834
              ],
              [
                431799.3644204453,
                9119452.314269016
              ],
              [
                431708.0044198479,
                9119377.935534796
              ],
              [
                431615.48739972746,
                9119305.000997016
              ],
              [
                431521.83618727425,
                9119233.52865118
              ],
              [
                431427.0738895236,
                9119163.53613202
              ],
              [
                431331.2238876547,
                9119095.040709145
              ],
              [
                431234.30983122106,
                9119028.059282774
              ],
              [
                431136.3556323161,
                9118962.60837957
              ],
              [
                431037.3854596726,
                9118898.704148568
              ],
              [
                430937.4237326997,
                9118836.362357177
              ],
              [
                430836.4951154579,
                9118775.598387303
              ],
              [
                430734.62451057317,
                9118716.427231546
              ],
              [
                430631.83705309295,
                9118658.863489505
              ],
              [
                430528.15810428443,
                9118602.921364168
              ],
              [
                430423.61324537673,
                9118548.61465842
              ],
              [
                430318.22827124945,
                9118495.956771629
              ],
              [
                430212.02918406815,
                9118444.960696338
              ],
              [
                430105.04218686844,
                9118395.639015067
              ],
              [
                429997.29367709096,
                9118348.003897203
              ],
              [
                429888.8102400683,
                9118302.067095999
              ],
              [
                429779.6186424652,
                9118257.839945672
              ],
              [
                429669.74582567456,
                9118215.33335861
              ],
              [
                429559.21889916976,
                9118174.557822676
              ],
              [
                429448.0651338162,
                9118135.523398627
              ],
              [
                429336.3119551422,
                9118098.23971762
              ],
              [
                429223.98693657236,
                9118062.715978846
              ],
              [
                429111.11779262434,
                9118028.960947257
              ],
              [
                428997.7323720704,
                9117996.982951399
              ],
              [
                428883.8586510665,
                9117966.78988137
              ],
              [
                428769.5247262494,
                9117938.38918685
              ],
              [
                428654.7588078042,
                9117911.787875293
              ],
              [
                428539.5892125039,
                9117886.99251017
              ],
              [
                428424.044356723,
                9117864.009209368
              ],
              [
                428308.1527494257,
                9117842.843643673
              ],
              [
                428191.9429851318,
                9117823.50103537
              ],
              [
                428075.443736862,
                9117805.98615696
              ],
              [
                427958.68374906236,
                9117790.303329974
              ],
              [
                427841.69183051295,
                9117776.45642392
              ],
              [
                427724.49684721895,
                9117764.44885531
              ],
              [
                427607.12771528895,
                9117754.283586835
              ],
              [
                427489.6133937999,
                9117745.963126622
              ],
              [
                427371.98287765245,
                9117739.489527619
              ],
              [
                427254.2651904161,
                9117734.86438709
              ],
              [
                427136.48937716876,
                9117732.088846222
              ],
              [
                427018.6844973301,
                9117731.163589833
              ],
              [
                426900.87961749145,
                9117732.088846222
              ],
              [
                426783.10380424414,
                9117734.86438709
              ],
              [
                426665.38611700776,
                9117739.489527619
              ],
              [
                426547.7556008602,
                9117745.963126622
              ],
              [
                426430.24127937126,
                9117754.283586835
              ],
              [
                426312.87214744126,
                9117764.44885531
              ],
              [
                426195.67716414726,
                9117776.45642392
              ],
              [
                426078.6852455978,
                9117790.303329974
              ],
              [
                425961.9252577982,
                9117805.98615696
              ],
              [
                425845.4260095284,
                9117823.50103537
              ],
              [
                425729.21624523454,
                9117842.843643673
              ],
              [
                425613.3246379372,
                9117864.009209368
              ],
              [
                425497.7797821563,
                9117886.99251017
              ],
              [
                425382.610186856,
                9117911.787875293
              ],
              [
                425267.8442684108,
                9117938.38918685
              ],
              [
                425153.5103435937,
                9117966.78988137
              ],
              [
                425039.6366225898,
                9117996.982951399
              ],
              [
                424926.25120203587,
                9118028.960947257
              ],
              [
                424813.38205808785,
                9118062.715978846
              ],
              [
                424701.057039518,
                9118098.23971762
              ],
              [
                424589.303860844,
                9118135.523398627
              ],
              [
                424478.1500954904,
                9118174.557822676
              ],
              [
                424367.62316898565,
                9118215.33335861
              ],
              [
                424257.750352195,
                9118257.839945672
              ],
              [
                424148.5587545919,
                9118302.067095999
              ],
              [
                424040.07531756925,
                9118348.003897203
              ],
              [
                423932.3268077918,
                9118395.639015067
              ],
              [
                423825.33981059206,
                9118444.960696338
              ],
              [
                423719.14072341076,
                9118495.956771629
              ],
              [
                423613.75574928353,
                9118548.61465842
              ],
              [
                423509.2108903758,
                9118602.921364168
              ],
              [
                423405.53194156726,
                9118658.863489505
              ],
              [
                423302.74448408704,
                9118716.427231546
              ],
              [
                423200.8738792023,
                9118775.598387303
              ],
              [
                423099.9452619605,
                9118836.362357177
              ],
              [
                422999.9835349876,
                9118898.704148568
              ],
              [
                422901.0133623441,
                9118962.60837957
              ],
              [
                422803.05916343915,
                9119028.059282774
              ],
              [
                422706.1451070055,
                9119095.040709145
              ],
              [
                422610.2951051366,
                9119163.53613202
              ],
              [
                422515.53280738596,
                9119233.52865118
              ],
              [
                422421.88159493275,
                9119305.000997016
              ],
              [
                422329.3645748123,
                9119377.935534796
              ],
              [
                422238.0045742149,
                9119452.314269016
              ],
              [
                422147.8241348537,
                9119528.118847834
              ],
              [
                422058.84550740273,
                9119605.330567604
              ],
              [
                421971.0906460068,
                9119683.930377495
              ],
              [
                421884.58120286494,
                9119763.898884173
              ],
              [
                421799.33852288773,
                9119845.216356609
              ],
              [
                421715.383638431,
                9119927.862730933
              ],
              [
                421632.73726410617,
                9120011.817615392
              ],
              [
                421551.4197916695,
                9120097.060295368
              ],
              [
                421471.45128499053,
                9120183.56973851
              ],
              [
                421392.85147510166,
                9120271.324599907
              ],
              [
                421315.6397553299,
                9120360.303227358
              ],
              [
                421239.83517651167,
                9120450.483666718
              ],
              [
                421165.4564422926,
                9120541.843667315
              ],
              [
                421092.5219045124,
                9120634.360687437
              ],
              [
                421021.04955867695,
                9120728.011899889
              ],
              [
                420951.057039518,
                9120822.77419764
              ],
              [
                420882.5616166424,
                9120918.62419951
              ],
              [
                420815.5801902709,
                9121015.538255943
              ],
              [
                420750.1292870681,
                9121113.492454847
              ],
              [
                420686.225056065,
                9121212.462627491
              ],
              [
                420623.8832646744,
                9121312.424354464
              ],
              [
                420563.1192948005,
                9121413.352971705
              ],
              [
                420503.94813904364,
                9121515.22357659
              ],
              [
                420446.3843970011,
                9121618.01103407
              ],
              [
                420390.4422716649,
                9121721.68998288
              ],
              [
                420336.13556591736,
                9121826.234841786
              ],
              [
                420283.4776791255,
                9121931.619815914
              ],
              [
                420232.48160383495,
                9122037.818903096
              ],
              [
                420183.1599225643,
                9122144.805900294
              ],
              [
                420135.5248047002,
                9122252.554410072
              ],
              [
                420089.5880034955,
                9122361.037847094
              ],
              [
                420045.36085316824,
                9122470.229444697
              ],
              [
                420002.8542661061,
                9122580.10226149
              ],
              [
                419962.0787301734,
                9122690.629187994
              ],
              [
                419923.0443061235,
                9122801.782953348
              ],
              [
                419885.76062511647,
                9122913.53613202
              ],
              [
                419850.23688634264,
                9123025.86115059
              ],
              [
                419816.48185475304,
                9123138.730294539
              ],
              [
                419784.5038588966,
                9123252.115715094
              ],
              [
                419754.3107888654,
                9123365.989436097
              ],
              [
                419725.91009434755,
                9123480.323360914
              ],
              [
                419699.3087827895,
                9123595.08927936
              ],
              [
                419674.51341766684,
                9123710.25887466
              ],
              [
                419651.53011686495,
                9123825.803730441
              ],
              [
                419630.3645511693,
                9123941.695337737
              ],
              [
                419611.02194286656,
                9124057.905102031
              ],
              [
                419593.50706445595,
                9124174.404350301
              ],
              [
                419577.8242374715,
                9124291.1643381
              ],
              [
                419563.9773314163,
                9124408.15625665
              ],
              [
                419551.969762807,
                9124525.351239944
              ],
              [
                419541.80449433165,
                9124642.720371874
              ],
              [
                419533.48403411807,
                9124760.234693363
              ],
              [
                419527.0104351153,
                9124877.86520951
              ],
              [
                419522.3852945871,
                9124995.582896747
              ],
              [
                419519.60975371767,
                9125113.358709995
              ],
              [
                419518.6844973301,
                9125231.163589833
              ],
              [
                419519.60975371767,
                9125348.968469672
              ],
              [
                419522.3852945871,
                9125466.74428292
              ],
              [
                419527.0104351153,
                9125584.461970156
              ],
              [
                419533.48403411807,
                9125702.092486303
              ],
              [
                419541.80449433165,
                9125819.606807793
              ],
              [
                419551.969762807,
                9125936.975939723
              ],
              [
                419563.9773314163,
                9126054.170923017
              ],
              [
                419577.8242374715,
                9126171.162841566
              ],
              [
                419593.50706445595,
                9126287.922829365
              ],
              [
                419611.02194286656,
                9126404.422077635
              ],
              [
                419630.3645511693,
                9126520.63184193
              ],
              [
                419651.53011686495,
                9126636.523449225
              ],
              [
                419674.51341766684,
                9126752.068305006
              ],
              [
                419699.3087827895,
                9126867.237900307
              ],
              [
                419725.91009434755,
                9126982.003818752
              ],
              [
                419754.3107888654,
                9127096.33774357
              ],
              [
                419784.5038588966,
                9127210.211464573
              ],
              [
                419816.48185475304,
                9127323.596885128
              ],
              [
                419850.23688634264,
                9127436.466029076
              ],
              [
                419885.76062511647,
                9127548.791047646
              ],
              [
                419923.0443061235,
                9127660.544226319
              ],
              [
                419962.0787301734,
                9127771.697991673
              ],
              [
                420002.8542661061,
                9127882.224918177
              ],
              [
                420045.36085316824,
                9127992.09773497
              ],
              [
                420089.5880034955,
                9128101.289332572
              ],
              [
                420135.5248047002,
                9128209.772769595
              ],
              [
                420183.1599225643,
                9128317.521279372
              ],
              [
                420232.48160383495,
                9128424.50827657
              ],
              [
                420283.4776791255,
                9128530.707363753
              ],
              [
                420336.13556591736,
                9128636.09233788
              ],
              [
                420390.4422716649,
                9128740.637196787
              ],
              [
                420446.3843970011,
                9128844.316145597
              ],
              [
                420503.9481390437,
                9128947.103603076
              ],
              [
                420563.1192948005,
                9129048.974207962
              ],
              [
                420623.8832646744,
                9129149.902825203
              ],
              [
                420686.225056065,
                9129249.864552176
              ],
              [
                420750.1292870681,
                9129348.83472482
              ],
              [
                420815.5801902709,
                9129446.788923724
              ],
              [
                420882.56161664246,
                9129543.702980157
              ],
              [
                420951.057039518,
                9129639.552982027
              ],
              [
                421021.04955867695,
                9129734.315279778
              ],
              [
                421092.5219045124,
                9129827.96649223
              ],
              [
                421165.4564422926,
                9129920.483512351
              ],
              [
                421239.83517651167,
                9130011.843512949
              ],
              [
                421315.6397553299,
                9130102.023952309
              ],
              [
                421392.85147510166,
                9130191.00257976
              ],
              [
                421471.45128499053,
                9130278.757441157
              ],
              [
                421551.4197916695,
                9130365.266884299
              ],
              [
                421632.73726410617,
                9130450.509564275
              ],
              [
                421715.383638431,
                9130534.464448733
              ],
              [
                421799.33852288773,
                9130617.110823058
              ],
              [
                421884.58120286494,
                9130698.428295493
              ],
              [
                421971.0906460068,
                9130778.396802172
              ],
              [
                422058.84550740273,
                9130856.996612063
              ],
              [
                422147.8241348537,
                9130934.208331833
              ],
              [
                422238.0045742149,
                9131010.012910651
              ],
              [
                422329.3645748123,
                9131084.39164487
              ],
              [
                422421.88159493275,
                9131157.32618265
              ],
              [
                422515.53280738596,
                9131228.798528487
              ],
              [
                422610.2951051366,
                9131298.791047646
              ],
              [
                422706.14510700555,
                9131367.286470521
              ],
              [
                422803.05916343915,
                9131434.267896893
              ],
              [
                422901.0133623441,
                9131499.718800096
              ],
              [
                422999.9835349876,
                9131563.623031098
              ],
              [
                423099.9452619605,
                9131625.96482249
              ],
              [
                423200.87387920235,
                9131686.728792364
              ],
              [
                423302.74448408704,
                9131745.89994812
              ],
              [
                423405.53194156726,
                9131803.463690162
              ],
              [
                423509.2108903758,
                9131859.405815499
              ],
              [
                423613.7557492835,
                9131913.712521246
              ],
              [
                423719.14072341076,
                9131966.370408038
              ],
              [
                423825.33981059206,
                9132017.366483329
              ],
              [
                423932.3268077918,
                9132066.6881646
              ],
              [
                424040.07531756925,
                9132114.323282463
              ],
              [
                424148.5587545919,
                9132160.260083668
              ],
              [
                424257.750352195,
                9132204.487233995
              ],
              [
                424367.62316898565,
                9132246.993821057
              ],
              [
                424478.15009549045,
                9132287.76935699
              ],
              [
                424589.303860844,
                9132326.80378104
              ],
              [
                424701.057039518,
                9132364.087462047
              ],
              [
                424813.38205808785,
                9132399.61120082
              ],
              [
                424926.25120203587,
                9132433.36623241
              ],
              [
                425039.63662258984,
                9132465.344228268
              ],
              [
                425153.5103435937,
                9132495.537298298
              ],
              [
                425267.8442684108,
                9132523.937992817
              ],
              [
                425382.61018685607,
                9132550.539304374
              ],
              [
                425497.7797821563,
                9132575.334669497
              ],
              [
                425613.3246379372,
                9132598.317970298
              ],
              [
                425729.21624523454,
                9132619.483535994
              ],
              [
                425845.4260095284,
                9132638.826144297
              ],
              [
                425961.9252577982,
                9132656.341022708
              ],
              [
                426078.68524559785,
                9132672.023849692
              ],
              [
                426195.67716414726,
                9132685.870755747
              ],
              [
                426312.87214744126,
                9132697.878324356
              ],
              [
                426430.24127937126,
                9132708.043592831
              ],
              [
                426547.7556008603,
                9132716.364053044
              ],
              [
                426665.38611700776,
                9132722.837652048
              ],
              [
                426783.10380424414,
                9132727.462792577
              ],
              [
                426900.87961749145,
                9132730.238333445
              ],
              [
                427018.6844973301,
                9132731.163589833
              ],
              [
                427136.48937716876,
                9132730.238333445
              ],
              [
                427254.2651904161,
                9132727.462792575
              ],
              [
                427371.98287765245,
                9132722.837652048
              ],
              [
                427489.6133938,
                9132716.364053044
              ],
              [
                427607.12771528895,
                9132708.043592831
              ],
              [
                427724.49684721895,
                9132697.878324356
              ],
              [
                427841.69183051295,
                9132685.870755747
              ],
              [
                427958.68374906236,
                9132672.023849692
              ],
              [
                428075.443736862,
                9132656.341022708
              ],
              [
                428191.9429851318,
                9132638.826144297
              ],
              [
                428308.1527494257,
                9132619.483535994
              ],
              [
                428424.044356723,
                9132598.317970298
              ],
              [
                428539.5892125039,
                9132575.334669497
              ],
              [
                428654.7588078042,
                9132550.539304374
              ],
              [
                428769.5247262494,
                9132523.937992817
              ],
              [
                428883.8586510665,
                9132495.537298298
              ],
              [
                428997.73237207043,
                9132465.344228268
              ],
              [
                429111.11779262434,
                9132433.36623241
              ],
              [
                429223.98693657236,
                9132399.61120082
              ],
              [
                429336.3119551422,
                9132364.087462047
              ],
              [
                429448.0651338162,
                9132326.80378104
              ],
              [
                429559.2188991698,
                9132287.76935699
              ],
              [
                429669.74582567456,
                9132246.993821057
              ],
              [
                429779.6186424652,
                9132204.487233995
              ],
              [
                429888.8102400683,
                9132160.260083668
              ],
              [
                429997.29367709096,
                9132114.323282463
              ],
              [
                430105.04218686844,
                9132066.6881646
              ],
              [
                430212.02918406815,
                9132017.366483329
              ],
              [
                430318.22827124945,
                9131966.370408038
              ],
              [
                430423.61324537673,
                9131913.712521246
              ],
              [
                430528.15810428443,
                9131859.405815499
              ],
              [
                430631.83705309295,
                9131803.463690162
              ],
              [
                430734.62451057317,
                9131745.89994812
              ],
              [
                430836.4951154579,
                9131686.728792364
              ],
              [
                430937.4237326997,
                9131625.96482249
              ],
              [
                431037.3854596726,
                9131563.623031098
              ],
              [
                431136.3556323161,
                9131499.718800096
              ],
              [
                431234.30983122106,
                9131434.267896893
              ],
              [
                431331.2238876547,
                9131367.286470521
              ],
              [
                431427.0738895236,
                9131298.791047646
              ],
              [
                431521.83618727425,
                9131228.798528487
              ],
              [
                431615.48739972746,
                9131157.32618265
              ],
              [
                431708.0044198479,
                9131084.39164487
              ],
              [
                431799.3644204453,
                9131010.012910651
              ],
              [
                431889.5448598065,
                9130934.208331833
              ],
              [
                431978.5234872575,
                9130856.996612063
              ],
              [
                432066.2783486534,
                9130778.396802172
              ],
              [
                432152.7877917953,
                9130698.428295493
              ],
              [
                432238.0304717725,
                9130617.110823058
              ],
              [
                432321.98535622924,
                9130534.464448733
              ],
              [
                432404.63173055404,
                9130450.509564275
              ],
              [
                432485.9492029907,
                9130365.266884299
              ],
              [
                432565.9177096697,
                9130278.757441157
              ],
              [
                432644.51751955855,
                9130191.00257976
              ],
              [
                432721.72923933034,
                9130102.023952309
              ],
              [
                432797.53381814854,
                9130011.843512949
              ],
              [
                432871.9125523676,
                9129920.483512351
              ],
              [
                432944.8470901478,
                9129827.96649223
              ],
              [
                433016.31943598326,
                9129734.315279778
              ],
              [
                433086.3119551422,
                9129639.552982027
              ],
              [
                433154.8073780178,
                9129543.702980157
              ],
              [
                433221.7888043893,
                9129446.788923724
              ],
              [
                433287.2397075921,
                9129348.83472482
              ],
              [
                433351.1439385952,
                9129249.864552176
              ],
              [
                433413.4857299858,
                9129149.902825203
              ],
              [
                433474.2496998597,
                9129048.974207962
              ],
              [
                433533.42085561657,
                9128947.103603076
              ],
              [
                433590.9845976591,
                9128844.316145597
              ],
              [
                433646.9267229953,
                9128740.637196787
              ],
              [
                433701.23342874285,
                9128636.09233788
              ],
              [
                433753.8913155347,
                9128530.707363753
              ],
              [
                433804.88739082526,
                9128424.50827657
              ],
              [
                433854.2090720959,
                9128317.521279372
              ],
              [
                433901.84418996,
                9128209.772769595
              ],
              [
                433947.78099116473,
                9128101.289332572
              ],
              [
                433992.00814149197,
                9127992.09773497
              ],
              [
                434034.5147285541,
                9127882.224918177
              ],
              [
                434075.2902644868,
                9127771.697991673
              ],
              [
                434114.3246885367,
                9127660.544226319
              ],
              [
                434151.60836954374,
                9127548.791047646
              ],
              [
                434187.1321083176,
                9127436.466029076
              ],
              [
                434220.88713990716,
                9127323.596885128
              ],
              [
                434252.8651357636,
                9127210.211464573
              ],
              [
                434283.05820579483,
                9127096.33774357
              ],
              [
                434311.45890031266,
                9126982.003818752
              ],
              [
                434338.0602118707,
                9126867.237900307
              ],
              [
                434362.8555769934,
                9126752.068305006
              ],
              [
                434385.83887779526,
                9126636.523449225
              ],
              [
                434407.00444349094,
                9126520.63184193
              ],
              [
                434426.34705179365,
                9126404.422077635
              ],
              [
                434443.86193020426,
                9126287.922829365
              ],
              [
                434459.5447571887,
                9126171.162841566
              ],
              [
                434473.39166324394,
                9126054.170923017
              ],
              [
                434485.3992318532,
                9125936.975939723
              ],
              [
                434495.56450032856,
                9125819.606807793
              ],
              [
                434503.88496054214,
                9125702.092486303
              ],
              [
                434510.3585595449,
                9125584.461970156
              ],
              [
                434514.9837000731,
                9125466.74428292
              ],
              [
                434517.75924094254,
                9125348.968469672
              ],
              [
                434518.6844973301,
                9125231.163589833
              ]
            ]
          ]
        ]
      }
    },
    {
      "type": "Feature",
      "properties": {
        "Id": 5,
        "ID": 5,
        "Nama": "Pos Damkar Rencana Pajangan",
        "NAMA": "Pos Damkar Rencana Pajangan",
        "nama": "Pos Damkar Rencana Pajangan",
        "Kabupaten": "Kabupaten Bantul",
        "Kategori": "Rencana"
      },
      "geometry": {
        "type": "MultiPolygon",
        "coordinates": [
          [
            [
              [
                424665.2562367416,
                9135872.779130153
              ],
              [
                424664.33098035405,
                9135754.974250315
              ],
              [
                424661.5554394846,
                9135637.198437067
              ],
              [
                424656.9302989564,
                9135519.48074983
              ],
              [
                424650.45669995365,
                9135401.850233683
              ],
              [
                424642.13623974007,
                9135284.335912194
              ],
              [
                424631.9709712647,
                9135166.966780264
              ],
              [
                424619.96340265544,
                9135049.77179697
              ],
              [
                424606.1164966002,
                9134932.77987842
              ],
              [
                424590.43366961577,
                9134816.019890621
              ],
              [
                424572.91879120516,
                9134699.520642351
              ],
              [
                424553.57618290244,
                9134583.310878057
              ],
              [
                424532.41061720677,
                9134467.419270761
              ],
              [
                424509.4273164049,
                9134351.87441498
              ],
              [
                424484.6319512822,
                9134236.70481968
              ],
              [
                424458.03063972417,
                9134121.938901234
              ],
              [
                424429.62994520634,
                9134007.604976417
              ],
              [
                424399.4368751751,
                9133893.731255414
              ],
              [
                424367.45887931867,
                9133780.345834859
              ],
              [
                424333.7038477291,
                9133667.47669091
              ],
              [
                424298.18010895525,
                9133555.15167234
              ],
              [
                424260.8964279482,
                9133443.398493668
              ],
              [
                424221.8620038983,
                9133332.244728314
              ],
              [
                424181.0864679656,
                9133221.71780181
              ],
              [
                424138.5798809035,
                9133111.844985018
              ],
              [
                424094.35273057624,
                9133002.653387414
              ],
              [
                424048.4159293715,
                9132894.169950392
              ],
              [
                424000.78081150743,
                9132786.421440614
              ],
              [
                423951.45913023676,
                9132679.434443416
              ],
              [
                423900.4630549462,
                9132573.235356234
              ],
              [
                423847.80516815436,
                9132467.850382106
              ],
              [
                423793.4984624068,
                9132363.3055232
              ],
              [
                423737.5563370706,
                9132259.62657439
              ],
              [
                423679.992595028,
                9132156.83911691
              ],
              [
                423620.8214392712,
                9132054.968512025
              ],
              [
                423560.0574693973,
                9131954.039894784
              ],
              [
                423497.7156780067,
                9131854.078167811
              ],
              [
                423433.8114470036,
                9131755.107995167
              ],
              [
                423368.3605438008,
                9131657.153796263
              ],
              [
                423301.37911742926,
                9131560.23973983
              ],
              [
                423232.8836945537,
                9131464.38973796
              ],
              [
                423162.89117539476,
                9131369.627440209
              ],
              [
                423091.4188295593,
                9131275.976227757
              ],
              [
                423018.4842917791,
                9131183.459207635
              ],
              [
                422944.10555756005,
                9131092.099207038
              ],
              [
                422868.30097874184,
                9131001.918767678
              ],
              [
                422791.08925897005,
                9130912.940140227
              ],
              [
                422712.4894490812,
                9130825.18527883
              ],
              [
                422632.5209424022,
                9130738.675835688
              ],
              [
                422551.20346996555,
                9130653.433155712
              ],
              [
                422468.5570956407,
                9130569.478271253
              ],
              [
                422384.602211184,
                9130486.83189693
              ],
              [
                422299.3595312068,
                9130405.514424494
              ],
              [
                422212.8500880649,
                9130325.545917815
              ],
              [
                422125.095226669,
                9130246.946107924
              ],
              [
                422036.116599218,
                9130169.734388154
              ],
              [
                421945.9361598568,
                9130093.929809336
              ],
              [
                421854.5761592594,
                9130019.551075116
              ],
              [
                421762.05913913896,
                9129946.616537336
              ],
              [
                421668.40792668576,
                9129875.1441915
              ],
              [
                421573.64562893513,
                9129805.15167234
              ],
              [
                421477.7956270662,
                9129736.656249465
              ],
              [
                421380.88157063257,
                9129669.674823094
              ],
              [
                421282.9273717276,
                9129604.22391989
              ],
              [
                421183.9571990841,
                9129540.319688888
              ],
              [
                421083.9954721112,
                9129477.977897497
              ],
              [
                420983.0668548694,
                9129417.213927623
              ],
              [
                420881.19624998467,
                9129358.042771867
              ],
              [
                420778.40879250446,
                9129300.479029825
              ],
              [
                420674.72984369594,
                9129244.536904488
              ],
              [
                420570.1849847882,
                9129190.230198741
              ],
              [
                420464.80001066095,
                9129137.572311949
              ],
              [
                420358.60092347965,
                9129086.576236658
              ],
              [
                420251.61392627994,
                9129037.254555387
              ],
              [
                420143.86541650246,
                9128989.619437523
              ],
              [
                420035.3819794798,
                9128943.682636319
              ],
              [
                419926.1903818767,
                9128899.455485992
              ],
              [
                419816.31756508606,
                9128856.94889893
              ],
              [
                419705.79063858127,
                9128816.173362996
              ],
              [
                419594.6368732277,
                9128777.138938947
              ],
              [
                419482.8836945537,
                9128739.85525794
              ],
              [
                419370.55867598386,
                9128704.331519166
              ],
              [
                419257.68953203585,
                9128670.576487577
              ],
              [
                419144.3041114819,
                9128638.598491719
              ],
              [
                419030.430390478,
                9128608.40542169
              ],
              [
                418916.0964656609,
                9128580.00472717
              ],
              [
                418801.33054721565,
                9128553.403415613
              ],
              [
                418686.16095191543,
                9128528.60805049
              ],
              [
                418570.61609613453,
                9128505.624749688
              ],
              [
                418454.7244888372,
                9128484.459183993
              ],
              [
                418338.5147245433,
                9128465.11657569
              ],
              [
                418222.0154762735,
                9128447.60169728
              ],
              [
                418105.25548847386,
                9128431.918870294
              ],
              [
                417988.26356992446,
                9128418.07196424
              ],
              [
                417871.06858663046,
                9128406.06439563
              ],
              [
                417753.69945470046,
                9128395.899127156
              ],
              [
                417636.18513321143,
                9128387.578666942
              ],
              [
                417518.55461706396,
                9128381.105067939
              ],
              [
                417400.8369298276,
                9128376.47992741
              ],
              [
                417283.06111658027,
                9128373.704386542
              ],
              [
                417165.2562367416,
                9128372.779130153
              ],
              [
                417047.45135690295,
                9128373.704386542
              ],
              [
                416929.67554365564,
                9128376.47992741
              ],
              [
                416811.95785641926,
                9128381.105067939
              ],
              [
                416694.32734027173,
                9128387.578666942
              ],
              [
                416576.81301878276,
                9128395.899127156
              ],
              [
                416459.44388685276,
                9128406.06439563
              ],
              [
                416342.24890355876,
                9128418.07196424
              ],
              [
                416225.2569850093,
                9128431.918870294
              ],
              [
                416108.49699720973,
                9128447.60169728
              ],
              [
                415991.9977489399,
                9128465.11657569
              ],
              [
                415875.78798464604,
                9128484.459183993
              ],
              [
                415759.8963773487,
                9128505.624749688
              ],
              [
                415644.3515215678,
                9128528.60805049
              ],
              [
                415529.1819262675,
                9128553.403415613
              ],
              [
                415414.4160078223,
                9128580.00472717
              ],
              [
                415300.0820830052,
                9128608.40542169
              ],
              [
                415186.2083620013,
                9128638.598491719
              ],
              [
                415072.8229414474,
                9128670.576487577
              ],
              [
                414959.95379749936,
                9128704.331519166
              ],
              [
                414847.62877892953,
                9128739.85525794
              ],
              [
                414735.8756002555,
                9128777.138938947
              ],
              [
                414624.72183490195,
                9128816.173362996
              ],
              [
                414514.19490839716,
                9128856.94889893
              ],
              [
                414404.3220916065,
                9128899.455485992
              ],
              [
                414295.1304940034,
                9128943.682636319
              ],
              [
                414186.64705698076,
                9128989.619437523
              ],
              [
                414078.8985472033,
                9129037.254555387
              ],
              [
                413971.91155000357,
                9129086.576236658
              ],
              [
                413865.71246282227,
                9129137.572311949
              ],
              [
                413760.32748869504,
                9129190.230198741
              ],
              [
                413655.7826297873,
                9129244.536904488
              ],
              [
                413552.10368097876,
                9129300.479029825
              ],
              [
                413449.31622349855,
                9129358.042771867
              ],
              [
                413347.4456186138,
                9129417.213927623
              ],
              [
                413246.517001372,
                9129477.977897497
              ],
              [
                413146.5552743991,
                9129540.319688888
              ],
              [
                413047.5851017556,
                9129604.22391989
              ],
              [
                412949.63090285065,
                9129669.674823094
              ],
              [
                412852.716846417,
                9129736.656249465
              ],
              [
                412756.8668445481,
                9129805.15167234
              ],
              [
                412662.10454679746,
                9129875.1441915
              ],
              [
                412568.45333434426,
                9129946.616537336
              ],
              [
                412475.9363142238,
                9130019.551075116
              ],
              [
                412384.5763136264,
                9130093.929809336
              ],
              [
                412294.39587426523,
                9130169.734388154
              ],
              [
                412205.41724681424,
                9130246.946107924
              ],
              [
                412117.6623854183,
                9130325.545917815
              ],
              [
                412031.15294227644,
                9130405.514424494
              ],
              [
                411945.91026229924,
                9130486.83189693
              ],
              [
                411861.95537784253,
                9130569.478271253
              ],
              [
                411779.3090035177,
                9130653.433155712
              ],
              [
                411697.99153108103,
                9130738.675835688
              ],
              [
                411618.02302440203,
                9130825.18527883
              ],
              [
                411539.42321451317,
                9130912.940140227
              ],
              [
                411462.2114947414,
                9131001.918767678
              ],
              [
                411386.4069159232,
                9131092.099207038
              ],
              [
                411312.0281817041,
                9131183.459207635
              ],
              [
                411239.09364392393,
                9131275.976227757
              ],
              [
                411167.62129808846,
                9131369.627440209
              ],
              [
                411097.62877892953,
                9131464.38973796
              ],
              [
                411029.1333560539,
                9131560.23973983
              ],
              [
                410962.1519296824,
                9131657.153796263
              ],
              [
                410896.7010264796,
                9131755.107995167
              ],
              [
                410832.7967954765,
                9131854.078167811
              ],
              [
                410770.4550040859,
                9131954.039894784
              ],
              [
                410709.691034212,
                9132054.968512025
              ],
              [
                410650.5198784552,
                9132156.83911691
              ],
              [
                410592.9561364126,
                9132259.62657439
              ],
              [
                410537.0140110764,
                9132363.3055232
              ],
              [
                410482.70730532886,
                9132467.850382106
              ],
              [
                410430.049418537,
                9132573.235356234
              ],
              [
                410379.05334324646,
                9132679.434443416
              ],
              [
                410329.7316619758,
                9132786.421440614
              ],
              [
                410282.09654411173,
                9132894.169950392
              ],
              [
                410236.159742907,
                9133002.653387414
              ],
              [
                410191.93259257975,
                9133111.844985018
              ],
              [
                410149.4260055176,
                9133221.71780181
              ],
              [
                410108.6504695849,
                9133332.244728314
              ],
              [
                410069.616045535,
                9133443.398493668
              ],
              [
                410032.332364528,
                9133555.15167234
              ],
              [
                409996.80862575414,
                9133667.47669091
              ],
              [
                409963.05359416455,
                9133780.345834859
              ],
              [
                409931.0755983081,
                9133893.731255414
              ],
              [
                409900.8825282769,
                9134007.604976417
              ],
              [
                409872.48183375906,
                9134121.938901234
              ],
              [
                409845.880522201,
                9134236.70481968
              ],
              [
                409821.08515707834,
                9134351.87441498
              ],
              [
                409798.10185627645,
                9134467.419270761
              ],
              [
                409776.9362905808,
                9134583.310878057
              ],
              [
                409757.59368227806,
                9134699.520642351
              ],
              [
                409740.07880386745,
                9134816.019890621
              ],
              [
                409724.395976883,
                9134932.77987842
              ],
              [
                409710.5490708278,
                9135049.77179697
              ],
              [
                409698.5415022185,
                9135166.966780264
              ],
              [
                409688.37623374315,
                9135284.335912194
              ],
              [
                409680.0557735296,
                9135401.850233683
              ],
              [
                409673.5821745268,
                9135519.48074983
              ],
              [
                409668.9570339986,
                9135637.198437067
              ],
              [
                409666.1814931292,
                9135754.974250315
              ],
              [
                409665.2562367416,
                9135872.779130153
              ],
              [
                409666.1814931292,
                9135990.584009992
              ],
              [
                409668.9570339986,
                9136108.35982324
              ],
              [
                409673.5821745268,
                9136226.077510476
              ],
              [
                409680.0557735296,
                9136343.708026623
              ],
              [
                409688.37623374315,
                9136461.222348113
              ],
              [
                409698.5415022185,
                9136578.591480043
              ],
              [
                409710.5490708278,
                9136695.786463337
              ],
              [
                409724.395976883,
                9136812.778381886
              ],
              [
                409740.07880386745,
                9136929.538369685
              ],
              [
                409757.59368227806,
                9137046.037617955
              ],
              [
                409776.9362905808,
                9137162.24738225
              ],
              [
                409798.10185627645,
                9137278.138989545
              ],
              [
                409821.08515707834,
                9137393.683845326
              ],
              [
                409845.880522201,
                9137508.853440627
              ],
              [
                409872.48183375906,
                9137623.619359072
              ],
              [
                409900.8825282769,
                9137737.95328389
              ],
              [
                409931.0755983081,
                9137851.827004893
              ],
              [
                409963.05359416455,
                9137965.212425448
              ],
              [
                409996.80862575414,
                9138078.081569396
              ],
              [
                410032.332364528,
                9138190.406587966
              ],
              [
                410069.616045535,
                9138302.159766639
              ],
              [
                410108.6504695849,
                9138413.313531993
              ],
              [
                410149.4260055176,
                9138523.840458497
              ],
              [
                410191.93259257975,
                9138633.71327529
              ],
              [
                410236.159742907,
                9138742.904872892
              ],
              [
                410282.09654411173,
                9138851.388309915
              ],
              [
                410329.7316619758,
                9138959.136819692
              ],
              [
                410379.05334324646,
                9139066.12381689
              ],
              [
                410430.049418537,
                9139172.322904073
              ],
              [
                410482.70730532886,
                9139277.7078782
              ],
              [
                410537.0140110764,
                9139382.252737107
              ],
              [
                410592.9561364126,
                9139485.931685917
              ],
              [
                410650.5198784552,
                9139588.719143396
              ],
              [
                410709.691034212,
                9139690.589748282
              ],
              [
                410770.4550040859,
                9139791.518365523
              ],
              [
                410832.7967954765,
                9139891.480092496
              ],
              [
                410896.7010264796,
                9139990.45026514
              ],
              [
                410962.1519296824,
                9140088.404464044
              ],
              [
                411029.13335605396,
                9140185.318520477
              ],
              [
                411097.62877892953,
                9140281.168522347
              ],
              [
                411167.62129808846,
                9140375.930820098
              ],
              [
                411239.09364392393,
                9140469.58203255
              ],
              [
                411312.0281817041,
                9140562.099052671
              ],
              [
                411386.4069159232,
                9140653.459053269
              ],
              [
                411462.2114947414,
                9140743.63949263
              ],
              [
                411539.42321451317,
                9140832.61812008
              ],
              [
                411618.02302440203,
                9140920.372981478
              ],
              [
                411697.99153108103,
                9141006.882424619
              ],
              [
                411779.3090035177,
                9141092.125104595
              ],
              [
                411861.95537784253,
                9141176.079989053
              ],
              [
                411945.91026229924,
                9141258.726363378
              ],
              [
                412031.15294227644,
                9141340.043835813
              ],
              [
                412117.6623854183,
                9141420.012342492
              ],
              [
                412205.41724681424,
                9141498.612152383
              ],
              [
                412294.39587426523,
                9141575.823872153
              ],
              [
                412384.5763136264,
                9141651.628450971
              ],
              [
                412475.9363142238,
                9141726.00718519
              ],
              [
                412568.45333434426,
                9141798.94172297
              ],
              [
                412662.10454679746,
                9141870.414068807
              ],
              [
                412756.8668445481,
                9141940.406587966
              ],
              [
                412852.71684641705,
                9142008.902010841
              ],
              [
                412949.63090285065,
                9142075.883437213
              ],
              [
                413047.5851017556,
                9142141.334340416
              ],
              [
                413146.5552743991,
                9142205.238571418
              ],
              [
                413246.517001372,
                9142267.58036281
              ],
              [
                413347.44561861386,
                9142328.344332684
              ],
              [
                413449.31622349855,
                9142387.51548844
              ],
              [
                413552.10368097876,
                9142445.079230482
              ],
              [
                413655.7826297873,
                9142501.021355819
              ],
              [
                413760.327488695,
                9142555.328061566
              ],
              [
                413865.71246282227,
                9142607.985948358
              ],
              [
                413971.91155000357,
                9142658.982023649
              ],
              [
                414078.8985472033,
                9142708.30370492
              ],
              [
                414186.64705698076,
                9142755.938822784
              ],
              [
                414295.1304940034,
                9142801.875623988
              ],
              [
                414404.3220916065,
                9142846.102774315
              ],
              [
                414514.19490839716,
                9142888.609361377
              ],
              [
                414624.72183490195,
                9142929.38489731
              ],
              [
                414735.8756002555,
                9142968.41932136
              ],
              [
                414847.62877892953,
                9143005.703002367
              ],
              [
                414959.95379749936,
                9143041.22674114
              ],
              [
                415072.8229414474,
                9143074.98177273
              ],
              [
                415186.20836200134,
                9143106.959768588
              ],
              [
                415300.0820830052,
                9143137.152838618
              ],
              [
                415414.4160078223,
                9143165.553533137
              ],
              [
                415529.18192626757,
                9143192.154844694
              ],
              [
                415644.3515215678,
                9143216.950209817
              ],
              [
                415759.8963773487,
                9143239.933510618
              ],
              [
                415875.78798464604,
                9143261.099076314
              ],
              [
                415991.9977489399,
                9143280.441684617
              ],
              [
                416108.49699720973,
                9143297.956563028
              ],
              [
                416225.25698500936,
                9143313.639390012
              ],
              [
                416342.24890355876,
                9143327.486296067
              ],
              [
                416459.44388685276,
                9143339.493864676
              ],
              [
                416576.81301878276,
                9143349.659133151
              ],
              [
                416694.3273402718,
                9143357.979593365
              ],
              [
                416811.95785641926,
                9143364.453192368
              ],
              [
                416929.67554365564,
                9143369.078332897
              ],
              [
                417047.45135690295,
                9143371.853873765
              ],
              [
                417165.2562367416,
                9143372.779130153
              ],
              [
                417283.06111658027,
                9143371.853873765
              ],
              [
                417400.8369298276,
                9143369.078332897
              ],
              [
                417518.55461706396,
                9143364.453192368
              ],
              [
                417636.1851332115,
                9143357.979593365
              ],
              [
                417753.69945470046,
                9143349.659133151
              ],
              [
                417871.06858663046,
                9143339.493864676
              ],
              [
                417988.26356992446,
                9143327.486296067
              ],
              [
                418105.25548847386,
                9143313.639390012
              ],
              [
                418222.0154762735,
                9143297.956563028
              ],
              [
                418338.5147245433,
                9143280.441684617
              ],
              [
                418454.7244888372,
                9143261.099076314
              ],
              [
                418570.61609613453,
                9143239.933510618
              ],
              [
                418686.16095191543,
                9143216.950209817
              ],
              [
                418801.3305472157,
                9143192.154844694
              ],
              [
                418916.0964656609,
                9143165.553533137
              ],
              [
                419030.430390478,
                9143137.152838618
              ],
              [
                419144.30411148194,
                9143106.959768588
              ],
              [
                419257.68953203585,
                9143074.98177273
              ],
              [
                419370.55867598386,
                9143041.22674114
              ],
              [
                419482.8836945537,
                9143005.703002367
              ],
              [
                419594.6368732277,
                9142968.41932136
              ],
              [
                419705.7906385813,
                9142929.38489731
              ],
              [
                419816.31756508606,
                9142888.609361377
              ],
              [
                419926.1903818767,
                9142846.102774315
              ],
              [
                420035.3819794798,
                9142801.875623988
              ],
              [
                420143.86541650246,
                9142755.938822784
              ],
              [
                420251.61392627994,
                9142708.30370492
              ],
              [
                420358.60092347965,
                9142658.982023649
              ],
              [
                420464.80001066095,
                9142607.985948358
              ],
              [
                420570.18498478824,
                9142555.328061566
              ],
              [
                420674.72984369594,
                9142501.021355819
              ],
              [
                420778.40879250446,
                9142445.079230482
              ],
              [
                420881.19624998467,
                9142387.51548844
              ],
              [
                420983.0668548694,
                9142328.344332684
              ],
              [
                421083.9954721112,
                9142267.58036281
              ],
              [
                421183.9571990841,
                9142205.238571418
              ],
              [
                421282.9273717276,
                9142141.334340416
              ],
              [
                421380.88157063257,
                9142075.883437213
              ],
              [
                421477.7956270662,
                9142008.902010841
              ],
              [
                421573.6456289352,
                9141940.406587966
              ],
              [
                421668.40792668576,
                9141870.414068807
              ],
              [
                421762.05913913896,
                9141798.94172297
              ],
              [
                421854.5761592594,
                9141726.00718519
              ],
              [
                421945.9361598568,
                9141651.628450971
              ],
              [
                422036.116599218,
                9141575.823872153
              ],
              [
                422125.095226669,
                9141498.612152383
              ],
              [
                422212.8500880649,
                9141420.012342492
              ],
              [
                422299.3595312068,
                9141340.043835813
              ],
              [
                422384.602211184,
                9141258.726363378
              ],
              [
                422468.55709564075,
                9141176.079989053
              ],
              [
                422551.20346996555,
                9141092.125104595
              ],
              [
                422632.5209424022,
                9141006.882424619
              ],
              [
                422712.4894490812,
                9140920.372981478
              ],
              [
                422791.08925897005,
                9140832.61812008
              ],
              [
                422868.30097874184,
                9140743.63949263
              ],
              [
                422944.10555756005,
                9140653.459053269
              ],
              [
                423018.4842917791,
                9140562.099052671
              ],
              [
                423091.4188295593,
                9140469.58203255
              ],
              [
                423162.89117539476,
                9140375.930820098
              ],
              [
                423232.88369455375,
                9140281.168522347
              ],
              [
                423301.3791174293,
                9140185.318520477
              ],
              [
                423368.3605438008,
                9140088.404464044
              ],
              [
                423433.8114470036,
                9139990.45026514
              ],
              [
                423497.7156780067,
                9139891.480092496
              ],
              [
                423560.0574693973,
                9139791.518365523
              ],
              [
                423620.8214392712,
                9139690.589748282
              ],
              [
                423679.992595028,
                9139588.719143396
              ],
              [
                423737.5563370706,
                9139485.931685917
              ],
              [
                423793.4984624068,
                9139382.252737107
              ],
              [
                423847.80516815436,
                9139277.7078782
              ],
              [
                423900.4630549462,
                9139172.322904073
              ],
              [
                423951.45913023676,
                9139066.12381689
              ],
              [
                424000.78081150743,
                9138959.136819692
              ],
              [
                424048.4159293715,
                9138851.388309915
              ],
              [
                424094.35273057624,
                9138742.904872892
              ],
              [
                424138.5798809035,
                9138633.71327529
              ],
              [
                424181.0864679656,
                9138523.840458497
              ],
              [
                424221.8620038983,
                9138413.313531993
              ],
              [
                424260.8964279482,
                9138302.159766639
              ],
              [
                424298.18010895525,
                9138190.406587966
              ],
              [
                424333.7038477291,
                9138078.081569396
              ],
              [
                424367.45887931867,
                9137965.212425448
              ],
              [
                424399.4368751751,
                9137851.827004893
              ],
              [
                424429.62994520634,
                9137737.95328389
              ],
              [
                424458.03063972417,
                9137623.619359072
              ],
              [
                424484.6319512822,
                9137508.853440627
              ],
              [
                424509.4273164049,
                9137393.683845326
              ],
              [
                424532.41061720677,
                9137278.138989545
              ],
              [
                424553.57618290244,
                9137162.24738225
              ],
              [
                424572.91879120516,
                9137046.037617955
              ],
              [
                424590.43366961577,
                9136929.538369685
              ],
              [
                424606.1164966002,
                9136812.778381886
              ],
              [
                424619.96340265544,
                9136695.786463337
              ],
              [
                424631.9709712647,
                9136578.591480043
              ],
              [
                424642.13623974007,
                9136461.222348113
              ],
              [
                424650.45669995365,
                9136343.708026623
              ],
              [
                424656.9302989564,
                9136226.077510476
              ],
              [
                424661.5554394846,
                9136108.35982324
              ],
              [
                424664.33098035405,
                9135990.584009992
              ],
              [
                424665.2562367416,
                9135872.779130153
              ]
            ]
          ]
        ]
      }
    },
    {
      "type": "Feature",
      "properties": {
        "Id": 6,
        "ID": 6,
        "Nama": "Pos Damkar Rencana Baciro / Gondokusuman",
        "NAMA": "Pos Damkar Rencana Baciro / Gondokusuman",
        "nama": "Pos Damkar Rencana Baciro / Gondokusuman",
        "Kabupaten": "Kota Yogyakarta",
        "Kategori": "Rencana"
      },
      "geometry": {
        "type": "MultiPolygon",
        "coordinates": [
          [
            [
              [
                439849.8647999992,
                9137983.201
              ],
              [
                439848.93954361166,
                9137865.39612016
              ],
              [
                439846.1640027422,
                9137747.620306913
              ],
              [
                439841.538862214,
                9137629.902619677
              ],
              [
                439835.06526321126,
                9137512.27210353
              ],
              [
                439826.7448029977,
                9137394.75778204
              ],
              [
                439816.5795345223,
                9137277.38865011
              ],
              [
                439804.57196591306,
                9137160.193666816
              ],
              [
                439790.7250598578,
                9137043.201748267
              ],
              [
                439775.0422328734,
                9136926.441760467
              ],
              [
                439757.52735446277,
                9136809.942512197
              ],
              [
                439738.18474616006,
                9136693.732747903
              ],
              [
                439717.0191804644,
                9136577.841140607
              ],
              [
                439694.0358796625,
                9136462.296284826
              ],
              [
                439669.2405145398,
                9136347.126689525
              ],
              [
                439642.6392029818,
                9136232.36077108
              ],
              [
                439614.23850846395,
                9136118.026846264
              ],
              [
                439584.0454384327,
                9136004.15312526
              ],
              [
                439552.0674425763,
                9135890.767704705
              ],
              [
                439518.3124109867,
                9135777.898560757
              ],
              [
                439482.78867221286,
                9135665.573542187
              ],
              [
                439445.5049912058,
                9135553.820363514
              ],
              [
                439406.4705671559,
                9135442.66659816
              ],
              [
                439365.69503122324,
                9135332.139671655
              ],
              [
                439323.1884441611,
                9135222.266854864
              ],
              [
                439278.96129383385,
                9135113.07525726
              ],
              [
                439233.0244926291,
                9135004.591820238
              ],
              [
                439185.38937476504,
                9134896.84331046
              ],
              [
                439136.0676934944,
                9134789.856313262
              ],
              [
                439085.07161820383,
                9134683.65722608
              ],
              [
                439032.413731412,
                9134578.272251952
              ],
              [
                438978.1070256644,
                9134473.727393046
              ],
              [
                438922.1649003282,
                9134370.048444236
              ],
              [
                438864.60115828563,
                9134267.260986757
              ],
              [
                438805.4300025288,
                9134165.39038187
              ],
              [
                438744.66603265493,
                9134064.46176463
              ],
              [
                438682.3242412643,
                9133964.500037657
              ],
              [
                438618.42001026124,
                9133865.529865013
              ],
              [
                438552.9691070584,
                9133767.57566611
              ],
              [
                438485.98768068687,
                9133670.661609676
              ],
              [
                438417.4922578113,
                9133574.811607806
              ],
              [
                438347.4997386524,
                9133480.049310055
              ],
              [
                438276.0273928169,
                9133386.398097603
              ],
              [
                438203.0928550367,
                9133293.881077481
              ],
              [
                438128.71412081766,
                9133202.521076884
              ],
              [
                438052.90954199946,
                9133112.340637524
              ],
              [
                437975.69782222767,
                9133023.362010073
              ],
              [
                437897.0980123388,
                9132935.607148675
              ],
              [
                437817.1295056598,
                9132849.097705534
              ],
              [
                437735.81203322316,
                9132763.855025558
              ],
              [
                437653.1656588983,
                9132679.9001411
              ],
              [
                437569.2107744416,
                9132597.253766775
              ],
              [
                437483.9680944644,
                9132515.93629434
              ],
              [
                437397.4586513225,
                9132435.96778766
              ],
              [
                437309.7037899266,
                9132357.36797777
              ],
              [
                437220.7251624756,
                9132280.156258
              ],
              [
                437130.5447231144,
                9132204.351679182
              ],
              [
                437039.18472251703,
                9132129.972944962
              ],
              [
                436946.6677023966,
                9132057.038407182
              ],
              [
                436853.0164899434,
                9131985.566061346
              ],
              [
                436758.25419219275,
                9131915.573542187
              ],
              [
                436662.40419032384,
                9131847.078119311
              ],
              [
                436565.4901338902,
                9131780.09669294
              ],
              [
                436467.5359349852,
                9131714.645789737
              ],
              [
                436368.5657623417,
                9131650.741558734
              ],
              [
                436268.60403536883,
                9131588.399767343
              ],
              [
                436167.67541812704,
                9131527.635797469
              ],
              [
                436065.8048132423,
                9131468.464641713
              ],
              [
                435963.0173557621,
                9131410.900899671
              ],
              [
                435859.33840695355,
                9131354.958774334
              ],
              [
                435754.7935480458,
                9131300.652068587
              ],
              [
                435649.40857391857,
                9131247.994181795
              ],
              [
                435543.20948673727,
                9131196.998106504
              ],
              [
                435436.22248953755,
                9131147.676425233
              ],
              [
                435328.4739797601,
                9131100.04130737
              ],
              [
                435219.9905427374,
                9131054.104506165
              ],
              [
                435110.79894513433,
                9131009.877355838
              ],
              [
                435000.9261283437,
                9130967.370768776
              ],
              [
                434890.3992018389,
                9130926.595232842
              ],
              [
                434779.24543648533,
                9130887.560808793
              ],
              [
                434667.4922578113,
                9130850.277127786
              ],
              [
                434555.1672392415,
                9130814.753389012
              ],
              [
                434442.29809529346,
                9130780.998357423
              ],
              [
                434328.9126747395,
                9130749.020361565
              ],
              [
                434215.0389537356,
                9130718.827291535
              ],
              [
                434100.7050289185,
                9130690.426597016
              ],
              [
                433985.93911047326,
                9130663.825285459
              ],
              [
                433870.76951517304,
                9130639.029920336
              ],
              [
                433755.22465939214,
                9130616.046619534
              ],
              [
                433639.3330520948,
                9130594.881053839
              ],
              [
                433523.12328780093,
                9130575.538445536
              ],
              [
                433406.6240395311,
                9130558.023567125
              ],
              [
                433289.8640517315,
                9130542.34074014
              ],
              [
                433172.87213318207,
                9130528.493834086
              ],
              [
                433055.67714988807,
                9130516.486265477
              ],
              [
                432938.3080179581,
                9130506.320997002
              ],
              [
                432820.79369646905,
                9130498.000536788
              ],
              [
                432703.1631803216,
                9130491.526937785
              ],
              [
                432585.4454930852,
                9130486.901797256
              ],
              [
                432467.6696798379,
                9130484.126256388
              ],
              [
                432349.8647999992,
                9130483.201
              ],
              [
                432232.05992016057,
                9130484.126256388
              ],
              [
                432114.28410691326,
                9130486.901797256
              ],
              [
                431996.5664196769,
                9130491.526937785
              ],
              [
                431878.93590352935,
                9130498.000536788
              ],
              [
                431761.4215820404,
                9130506.320997002
              ],
              [
                431644.0524501104,
                9130516.486265477
              ],
              [
                431526.8574668164,
                9130528.493834086
              ],
              [
                431409.8655482669,
                9130542.34074014
              ],
              [
                431293.10556046735,
                9130558.023567125
              ],
              [
                431176.6063121975,
                9130575.538445536
              ],
              [
                431060.39654790366,
                9130594.881053839
              ],
              [
                430944.5049406063,
                9130616.046619534
              ],
              [
                430828.9600848254,
                9130639.029920336
              ],
              [
                430713.7904895251,
                9130663.825285459
              ],
              [
                430599.02457107994,
                9130690.426597016
              ],
              [
                430484.69064626284,
                9130718.827291535
              ],
              [
                430370.8169252589,
                9130749.020361565
              ],
              [
                430257.431504705,
                9130780.998357423
              ],
              [
                430144.562360757,
                9130814.753389012
              ],
              [
                430032.23734218715,
                9130850.277127786
              ],
              [
                429920.4841635131,
                9130887.560808793
              ],
              [
                429809.33039815957,
                9130926.595232842
              ],
              [
                429698.80347165477,
                9130967.370768776
              ],
              [
                429588.9306548641,
                9131009.877355838
              ],
              [
                429479.73905726103,
                9131054.104506165
              ],
              [
                429371.2556202384,
                9131100.04130737
              ],
              [
                429263.5071104609,
                9131147.676425233
              ],
              [
                429156.5201132612,
                9131196.998106504
              ],
              [
                429050.3210260799,
                9131247.994181795
              ],
              [
                428944.93605195265,
                9131300.652068587
              ],
              [
                428840.3911930449,
                9131354.958774334
              ],
              [
                428736.7122442364,
                9131410.900899671
              ],
              [
                428633.92478675616,
                9131468.464641713
              ],
              [
                428532.0541818714,
                9131527.635797469
              ],
              [
                428431.1255646296,
                9131588.399767343
              ],
              [
                428331.1638376567,
                9131650.741558734
              ],
              [
                428232.19366501324,
                9131714.645789737
              ],
              [
                428134.23946610827,
                9131780.09669294
              ],
              [
                428037.3254096746,
                9131847.078119311
              ],
              [
                427941.4754078057,
                9131915.573542187
              ],
              [
                427846.7131100551,
                9131985.566061346
              ],
              [
                427753.0618976019,
                9132057.038407182
              ],
              [
                427660.5448774814,
                9132129.972944962
              ],
              [
                427569.18487688404,
                9132204.351679182
              ],
              [
                427479.00443752285,
                9132280.156258
              ],
              [
                427390.02581007185,
                9132357.36797777
              ],
              [
                427302.2709486759,
                9132435.96778766
              ],
              [
                427215.76150553406,
                9132515.93629434
              ],
              [
                427130.51882555685,
                9132597.253766775
              ],
              [
                427046.56394110015,
                9132679.9001411
              ],
              [
                426963.9175667753,
                9132763.855025558
              ],
              [
                426882.60009433865,
                9132849.097705534
              ],
              [
                426802.63158765965,
                9132935.607148675
              ],
              [
                426724.0317777708,
                9133023.362010073
              ],
              [
                426646.820057999,
                9133112.340637524
              ],
              [
                426571.0154791808,
                9133202.521076884
              ],
              [
                426496.6367449617,
                9133293.881077481
              ],
              [
                426423.70220718154,
                9133386.398097603
              ],
              [
                426352.2298613461,
                9133480.049310055
              ],
              [
                426282.23734218715,
                9133574.811607806
              ],
              [
                426213.7419193115,
                9133670.661609676
              ],
              [
                426146.76049294,
                9133767.57566611
              ],
              [
                426081.3095897372,
                9133865.529865013
              ],
              [
                426017.40535873413,
                9133964.500037657
              ],
              [
                425955.0635673435,
                9134064.46176463
              ],
              [
                425894.2995974696,
                9134165.39038187
              ],
              [
                425835.1284417128,
                9134267.260986757
              ],
              [
                425777.56469967024,
                9134370.048444236
              ],
              [
                425721.62257433403,
                9134473.727393046
              ],
              [
                425667.3158685865,
                9134578.272251952
              ],
              [
                425614.6579817946,
                9134683.65722608
              ],
              [
                425563.6619065041,
                9134789.856313262
              ],
              [
                425514.3402252334,
                9134896.84331046
              ],
              [
                425466.70510736934,
                9135004.591820238
              ],
              [
                425420.7683061646,
                9135113.07525726
              ],
              [
                425376.54115583736,
                9135222.266854864
              ],
              [
                425334.0345687752,
                9135332.139671655
              ],
              [
                425293.2590328425,
                9135442.66659816
              ],
              [
                425254.22460879263,
                9135553.820363514
              ],
              [
                425216.9409277856,
                9135665.573542187
              ],
              [
                425181.41718901176,
                9135777.898560757
              ],
              [
                425147.66215742216,
                9135890.767704705
              ],
              [
                425115.68416156573,
                9136004.15312526
              ],
              [
                425085.4910915345,
                9136118.026846264
              ],
              [
                425057.09039701667,
                9136232.36077108
              ],
              [
                425030.4890854586,
                9136347.126689525
              ],
              [
                425005.69372033596,
                9136462.296284826
              ],
              [
                424982.71041953407,
                9136577.841140607
              ],
              [
                424961.5448538384,
                9136693.732747903
              ],
              [
                424942.2022455357,
                9136809.942512197
              ],
              [
                424924.68736712507,
                9136926.441760467
              ],
              [
                424909.0045401406,
                9137043.201748267
              ],
              [
                424895.1576340854,
                9137160.193666816
              ],
              [
                424883.15006547613,
                9137277.38865011
              ],
              [
                424872.98479700077,
                9137394.75778204
              ],
              [
                424864.6643367872,
                9137512.27210353
              ],
              [
                424858.19073778443,
                9137629.902619677
              ],
              [
                424853.56559725624,
                9137747.620306913
              ],
              [
                424850.7900563868,
                9137865.39612016
              ],
              [
                424849.8647999992,
                9137983.201
              ],
              [
                424850.7900563868,
                9138101.005879838
              ],
              [
                424853.56559725624,
                9138218.781693086
              ],
              [
                424858.19073778443,
                9138336.499380322
              ],
              [
                424864.6643367872,
                9138454.12989647
              ],
              [
                424872.98479700077,
                9138571.644217959
              ],
              [
                424883.15006547613,
                9138689.013349889
              ],
              [
                424895.1576340854,
                9138806.208333183
              ],
              [
                424909.0045401406,
                9138923.200251732
              ],
              [
                424924.68736712507,
                9139039.960239531
              ],
              [
                424942.2022455357,
                9139156.459487801
              ],
              [
                424961.5448538384,
                9139272.669252096
              ],
              [
                424982.71041953407,
                9139388.560859391
              ],
              [
                425005.69372033596,
                9139504.105715172
              ],
              [
                425030.4890854586,
                9139619.275310474
              ],
              [
                425057.09039701667,
                9139734.041228918
              ],
              [
                425085.4910915345,
                9139848.375153735
              ],
              [
                425115.68416156573,
                9139962.248874739
              ],
              [
                425147.66215742216,
                9140075.634295294
              ],
              [
                425181.41718901176,
                9140188.503439242
              ],
              [
                425216.9409277856,
                9140300.828457812
              ],
              [
                425254.22460879263,
                9140412.581636485
              ],
              [
                425293.2590328425,
                9140523.735401839
              ],
              [
                425334.0345687752,
                9140634.262328343
              ],
              [
                425376.54115583736,
                9140744.135145135
              ],
              [
                425420.7683061646,
                9140853.326742738
              ],
              [
                425466.70510736934,
                9140961.81017976
              ],
              [
                425514.3402252334,
                9141069.558689538
              ],
              [
                425563.6619065041,
                9141176.545686737
              ],
              [
                425614.6579817946,
                9141282.744773919
              ],
              [
                425667.3158685865,
                9141388.129748046
              ],
              [
                425721.62257433403,
                9141492.674606953
              ],
              [
                425777.56469967024,
                9141596.353555763
              ],
              [
                425835.1284417128,
                9141699.141013242
              ],
              [
                425894.2995974696,
                9141801.011618128
              ],
              [
                425955.0635673435,
                9141901.940235369
              ],
              [
                426017.40535873413,
                9142001.901962342
              ],
              [
                426081.3095897372,
                9142100.872134985
              ],
              [
                426146.76049294,
                9142198.82633389
              ],
              [
                426213.7419193116,
                9142295.740390323
              ],
              [
                426282.23734218715,
                9142391.590392193
              ],
              [
                426352.2298613461,
                9142486.352689944
              ],
              [
                426423.70220718154,
                9142580.003902396
              ],
              [
                426496.6367449617,
                9142672.520922517
              ],
              [
                426571.0154791808,
                9142763.880923115
              ],
              [
                426646.820057999,
                9142854.061362475
              ],
              [
                426724.0317777708,
                9142943.039989926
              ],
              [
                426802.63158765965,
                9143030.794851324
              ],
              [
                426882.60009433865,
                9143117.304294465
              ],
              [
                426963.9175667753,
                9143202.546974441
              ],
              [
                427046.56394110015,
                9143286.5018589
              ],
              [
                427130.51882555685,
                9143369.148233224
              ],
              [
                427215.76150553406,
                9143450.46570566
              ],
              [
                427302.2709486759,
                9143530.434212338
              ],
              [
                427390.02581007185,
                9143609.034022229
              ],
              [
                427479.00443752285,
                9143686.245741999
              ],
              [
                427569.18487688404,
                9143762.050320817
              ],
              [
                427660.5448774814,
                9143836.429055037
              ],
              [
                427753.0618976019,
                9143909.363592817
              ],
              [
                427846.7131100551,
                9143980.835938653
              ],
              [
                427941.4754078057,
                9144050.828457812
              ],
              [
                428037.32540967467,
                9144119.323880687
              ],
              [
                428134.23946610827,
                9144186.305307059
              ],
              [
                428232.19366501324,
                9144251.756210262
              ],
              [
                428331.1638376567,
                9144315.660441265
              ],
              [
                428431.1255646296,
                9144378.002232656
              ],
              [
                428532.05418187147,
                9144438.76620253
              ],
              [
                428633.92478675616,
                9144497.937358286
              ],
              [
                428736.7122442364,
                9144555.501100328
              ],
              [
                428840.3911930449,
                9144611.443225665
              ],
              [
                428944.9360519526,
                9144665.749931412
              ],
              [
                429050.3210260799,
                9144718.407818204
              ],
              [
                429156.5201132612,
                9144769.403893495
              ],
              [
                429263.5071104609,
                9144818.725574765
              ],
              [
                429371.2556202384,
                9144866.36069263
              ],
              [
                429479.73905726103,
                9144912.297493834
              ],
              [
                429588.9306548641,
                9144956.52464416
              ],
              [
                429698.80347165477,
                9144999.031231223
              ],
              [
                429809.33039815957,
                9145039.806767156
              ],
              [
                429920.4841635131,
                9145078.841191206
              ],
              [
                430032.23734218715,
                9145116.124872213
              ],
              [
                430144.562360757,
                9145151.648610987
              ],
              [
                430257.431504705,
                9145185.403642576
              ],
              [
                430370.81692525896,
                9145217.381638434
              ],
              [
                430484.69064626284,
                9145247.574708464
              ],
              [
                430599.02457107994,
                9145275.975402983
              ],
              [
                430713.7904895252,
                9145302.57671454
              ],
              [
                430828.9600848254,
                9145327.372079663
              ],
              [
                430944.5049406063,
                9145350.355380464
              ],
              [
                431060.39654790366,
                9145371.52094616
              ],
              [
                431176.6063121975,
                9145390.863554463
              ],
              [
                431293.10556046735,
                9145408.378432874
              ],
              [
                431409.865548267,
                9145424.061259858
              ],
              [
                431526.8574668164,
                9145437.908165913
              ],
              [
                431644.0524501104,
                9145449.915734522
              ],
              [
                431761.4215820404,
                9145460.081002997
              ],
              [
                431878.9359035294,
                9145468.40146321
              ],
              [
                431996.5664196769,
                9145474.875062214
              ],
              [
                432114.28410691326,
                9145479.500202743
              ],
              [
                432232.05992016057,
                9145482.275743611
              ],
              [
                432349.8647999992,
                9145483.201
              ],
              [
                432467.6696798379,
                9145482.275743611
              ],
              [
                432585.4454930852,
                9145479.500202741
              ],
              [
                432703.1631803216,
                9145474.875062214
              ],
              [
                432820.7936964691,
                9145468.40146321
              ],
              [
                432938.3080179581,
                9145460.081002997
              ],
              [
                433055.67714988807,
                9145449.915734522
              ],
              [
                433172.87213318207,
                9145437.908165913
              ],
              [
                433289.8640517315,
                9145424.061259858
              ],
              [
                433406.6240395311,
                9145408.378432874
              ],
              [
                433523.12328780093,
                9145390.863554463
              ],
              [
                433639.3330520948,
                9145371.52094616
              ],
              [
                433755.22465939214,
                9145350.355380464
              ],
              [
                433870.76951517304,
                9145327.372079663
              ],
              [
                433985.9391104733,
                9145302.57671454
              ],
              [
                434100.7050289185,
                9145275.975402983
              ],
              [
                434215.0389537356,
                9145247.574708464
              ],
              [
                434328.91267473955,
                9145217.381638434
              ],
              [
                434442.29809529346,
                9145185.403642576
              ],
              [
                434555.1672392415,
                9145151.648610987
              ],
              [
                434667.4922578113,
                9145116.124872213
              ],
              [
                434779.24543648533,
                9145078.841191206
              ],
              [
                434890.39920183894,
                9145039.806767156
              ],
              [
                435000.9261283437,
                9144999.031231223
              ],
              [
                435110.79894513433,
                9144956.52464416
              ],
              [
                435219.9905427374,
                9144912.297493834
              ],
              [
                435328.4739797601,
                9144866.36069263
              ],
              [
                435436.22248953755,
                9144818.725574765
              ],
              [
                435543.20948673727,
                9144769.403893495
              ],
              [
                435649.40857391857,
                9144718.407818204
              ],
              [
                435754.79354804585,
                9144665.749931412
              ],
              [
                435859.33840695355,
                9144611.443225665
              ],
              [
                435963.0173557621,
                9144555.501100328
              ],
              [
                436065.8048132423,
                9144497.937358286
              ],
              [
                436167.67541812704,
                9144438.76620253
              ],
              [
                436268.60403536883,
                9144378.002232656
              ],
              [
                436368.5657623417,
                9144315.660441265
              ],
              [
                436467.5359349852,
                9144251.756210262
              ],
              [
                436565.4901338902,
                9144186.305307059
              ],
              [
                436662.40419032384,
                9144119.323880687
              ],
              [
                436758.2541921928,
                9144050.828457812
              ],
              [
                436853.0164899434,
                9143980.835938653
              ],
              [
                436946.6677023966,
                9143909.363592817
              ],
              [
                437039.18472251703,
                9143836.429055037
              ],
              [
                437130.5447231144,
                9143762.050320817
              ],
              [
                437220.7251624756,
                9143686.245741999
              ],
              [
                437309.7037899266,
                9143609.034022229
              ],
              [
                437397.4586513225,
                9143530.434212338
              ],
              [
                437483.9680944644,
                9143450.46570566
              ],
              [
                437569.2107744416,
                9143369.148233224
              ],
              [
                437653.16565889836,
                9143286.5018589
              ],
              [
                437735.81203322316,
                9143202.546974441
              ],
              [
                437817.1295056598,
                9143117.304294465
              ],
              [
                437897.0980123388,
                9143030.794851324
              ],
              [
                437975.69782222767,
                9142943.039989926
              ],
              [
                438052.90954199946,
                9142854.061362475
              ],
              [
                438128.71412081766,
                9142763.880923115
              ],
              [
                438203.0928550367,
                9142672.520922517
              ],
              [
                438276.0273928169,
                9142580.003902396
              ],
              [
                438347.4997386524,
                9142486.352689944
              ],
              [
                438417.49225781136,
                9142391.590392193
              ],
              [
                438485.9876806869,
                9142295.740390323
              ],
              [
                438552.9691070584,
                9142198.82633389
              ],
              [
                438618.42001026124,
                9142100.872134985
              ],
              [
                438682.3242412643,
                9142001.901962342
              ],
              [
                438744.66603265493,
                9141901.940235369
              ],
              [
                438805.4300025288,
                9141801.011618128
              ],
              [
                438864.60115828563,
                9141699.141013242
              ],
              [
                438922.1649003282,
                9141596.353555763
              ],
              [
                438978.1070256644,
                9141492.674606953
              ],
              [
                439032.413731412,
                9141388.129748046
              ],
              [
                439085.07161820383,
                9141282.744773919
              ],
              [
                439136.0676934944,
                9141176.545686737
              ],
              [
                439185.38937476504,
                9141069.558689538
              ],
              [
                439233.0244926291,
                9140961.81017976
              ],
              [
                439278.96129383385,
                9140853.326742738
              ],
              [
                439323.1884441611,
                9140744.135145135
              ],
              [
                439365.69503122324,
                9140634.262328343
              ],
              [
                439406.4705671559,
                9140523.735401839
              ],
              [
                439445.5049912058,
                9140412.581636485
              ],
              [
                439482.78867221286,
                9140300.828457812
              ],
              [
                439518.3124109867,
                9140188.503439242
              ],
              [
                439552.0674425763,
                9140075.634295294
              ],
              [
                439584.0454384327,
                9139962.248874739
              ],
              [
                439614.23850846395,
                9139848.375153735
              ],
              [
                439642.6392029818,
                9139734.041228918
              ],
              [
                439669.2405145398,
                9139619.275310474
              ],
              [
                439694.0358796625,
                9139504.105715172
              ],
              [
                439717.0191804644,
                9139388.560859391
              ],
              [
                439738.18474616006,
                9139272.669252096
              ],
              [
                439757.52735446277,
                9139156.459487801
              ],
              [
                439775.0422328734,
                9139039.960239531
              ],
              [
                439790.7250598578,
                9138923.200251732
              ],
              [
                439804.57196591306,
                9138806.208333183
              ],
              [
                439816.5795345223,
                9138689.013349889
              ],
              [
                439826.7448029977,
                9138571.644217959
              ],
              [
                439835.06526321126,
                9138454.12989647
              ],
              [
                439841.538862214,
                9138336.499380322
              ],
              [
                439846.1640027422,
                9138218.781693086
              ],
              [
                439848.93954361166,
                9138101.005879838
              ],
              [
                439849.8647999992,
                9137983.201
              ]
            ]
          ]
        ]
      }
    },
    {
      "type": "Feature",
      "properties": {
        "Id": 7,
        "ID": 7,
        "Nama": "Pos Damkar Rencana Kalasan / Prambanan",
        "NAMA": "Pos Damkar Rencana Kalasan / Prambanan",
        "nama": "Pos Damkar Rencana Kalasan / Prambanan",
        "Kabupaten": "Kabupaten Sleman",
        "Kategori": "Rencana"
      },
      "geometry": {
        "type": "MultiPolygon",
        "coordinates": [
          [
            [
              [
                450888.5349054782,
                9140476.908652486
              ],
              [
                450887.6096490906,
                9140359.103772648
              ],
              [
                450884.83410822117,
                9140241.3279594
              ],
              [
                450880.208967693,
                9140123.610272164
              ],
              [
                450873.7353686902,
                9140005.979756016
              ],
              [
                450865.41490847664,
                9139888.465434527
              ],
              [
                450855.2496400013,
                9139771.096302597
              ],
              [
                450843.242071392,
                9139653.901319303
              ],
              [
                450829.3951653368,
                9139536.909400754
              ],
              [
                450813.71233835234,
                9139420.149412954
              ],
              [
                450796.19745994173,
                9139303.650164684
              ],
              [
                450776.854851639,
                9139187.44040039
              ],
              [
                450755.68928594334,
                9139071.548793094
              ],
              [
                450732.70598514145,
                9138956.003937313
              ],
              [
                450707.9106200188,
                9138840.834342012
              ],
              [
                450681.30930846074,
                9138726.068423567
              ],
              [
                450652.9086139429,
                9138611.73449875
              ],
              [
                450622.7155439117,
                9138497.860777747
              ],
              [
                450590.73754805524,
                9138384.475357192
              ],
              [
                450556.98251646565,
                9138271.606213244
              ],
              [
                450521.4587776918,
                9138159.281194674
              ],
              [
                450484.1750966848,
                9138047.528016001
              ],
              [
                450445.1406726349,
                9137936.374250647
              ],
              [
                450404.3651367022,
                9137825.847324142
              ],
              [
                450361.85854964005,
                9137715.97450735
              ],
              [
                450317.6313993128,
                9137606.782909747
              ],
              [
                450271.69459810806,
                9137498.299472725
              ],
              [
                450224.059480244,
                9137390.550962947
              ],
              [
                450174.73779897334,
                9137283.563965749
              ],
              [
                450123.7417236828,
                9137177.364878567
              ],
              [
                450071.08383689093,
                9137071.97990444
              ],
              [
                450016.7771311434,
                9136967.435045533
              ],
              [
                449960.83500580717,
                9136863.756096723
              ],
              [
                449903.2712637646,
                9136760.968639243
              ],
              [
                449844.1001080078,
                9136659.098034358
              ],
              [
                449783.3361381339,
                9136558.169417117
              ],
              [
                449720.9943467433,
                9136458.207690144
              ],
              [
                449657.0901157402,
                9136359.2375175
              ],
              [
                449591.6392125374,
                9136261.283318596
              ],
              [
                449524.65778616583,
                9136164.369262163
              ],
              [
                449456.16236329026,
                9136068.519260293
              ],
              [
                449386.16984413133,
                9135973.756962541
              ],
              [
                449314.69749829586,
                9135880.10575009
              ],
              [
                449241.7629605157,
                9135787.588729968
              ],
              [
                449167.3842262966,
                9135696.228729371
              ],
              [
                449091.5796474784,
                9135606.04829001
              ],
              [
                449014.3679277066,
                9135517.06966256
              ],
              [
                448935.76811781776,
                9135429.314801162
              ],
              [
                448855.79961113876,
                9135342.80535802
              ],
              [
                448774.4821387021,
                9135257.562678045
              ],
              [
                448691.83576437726,
                9135173.607793586
              ],
              [
                448607.88087992056,
                9135090.961419262
              ],
              [
                448522.63819994335,
                9135009.643946826
              ],
              [
                448436.1287568015,
                9134929.675440148
              ],
              [
                448348.37389540556,
                9134851.075630257
              ],
              [
                448259.39526795456,
                9134773.863910487
              ],
              [
                448169.21482859337,
                9134698.059331669
              ],
              [
                448077.854827996,
                9134623.680597449
              ],
              [
                447985.33780787553,
                9134550.74605967
              ],
              [
                447891.68659542233,
                9134479.273713833
              ],
              [
                447796.9242976717,
                9134409.281194674
              ],
              [
                447701.0742958028,
                9134340.785771798
              ],
              [
                447604.16023936914,
                9134273.804345427
              ],
              [
                447506.20604046417,
                9134208.353442224
              ],
              [
                447407.2358678207,
                9134144.449211221
              ],
              [
                447307.2741408478,
                9134082.10741983
              ],
              [
                447206.345523606,
                9134021.343449956
              ],
              [
                447104.47491872124,
                9133962.1722942
              ],
              [
                447001.68746124103,
                9133904.608552158
              ],
              [
                446898.0085124325,
                9133848.66642682
              ],
              [
                446793.46365352476,
                9133794.359721074
              ],
              [
                446688.0786793975,
                9133741.701834282
              ],
              [
                446581.8795922162,
                9133690.70575899
              ],
              [
                446474.8925950165,
                9133641.38407772
              ],
              [
                446367.14408523904,
                9133593.748959856
              ],
              [
                446258.6606482164,
                9133547.812158652
              ],
              [
                446149.4690506133,
                9133503.585008325
              ],
              [
                446039.59623382264,
                9133461.078421263
              ],
              [
                445929.06930731784,
                9133420.30288533
              ],
              [
                445817.9155419643,
                9133381.26846128
              ],
              [
                445706.16236329026,
                9133343.984780272
              ],
              [
                445593.83734472044,
                9133308.461041499
              ],
              [
                445480.9682007724,
                9133274.70600991
              ],
              [
                445367.58278021845,
                9133242.728014052
              ],
              [
                445253.70905921457,
                9133212.534944022
              ],
              [
                445139.3751343975,
                9133184.134249503
              ],
              [
                445024.6092159522,
                9133157.532937946
              ],
              [
                444909.439620652,
                9133132.737572823
              ],
              [
                444793.8947648711,
                9133109.754272021
              ],
              [
                444678.00315757375,
                9133088.588706326
              ],
              [
                444561.7933932799,
                9133069.246098023
              ],
              [
                444445.29414501006,
                9133051.731219612
              ],
              [
                444328.53415721044,
                9133036.048392627
              ],
              [
                444211.54223866103,
                9133022.201486573
              ],
              [
                444094.347255367,
                9133010.193917964
              ],
              [
                443976.97812343703,
                9133000.028649488
              ],
              [
                443859.463801948,
                9132991.708189275
              ],
              [
                443741.83328580053,
                9132985.234590271
              ],
              [
                443624.11559856415,
                9132980.609449742
              ],
              [
                443506.33978531684,
                9132977.833908875
              ],
              [
                443388.5349054782,
                9132976.908652486
              ],
              [
                443270.7300256395,
                9132977.833908875
              ],
              [
                443152.9542123922,
                9132980.609449742
              ],
              [
                443035.23652515584,
                9132985.234590271
              ],
              [
                442917.6060090083,
                9132991.708189275
              ],
              [
                442800.09168751934,
                9133000.028649488
              ],
              [
                442682.72255558934,
                9133010.193917964
              ],
              [
                442565.52757229534,
                9133022.201486573
              ],
              [
                442448.5356537459,
                9133036.048392627
              ],
              [
                442331.7756659463,
                9133051.731219612
              ],
              [
                442215.2764176765,
                9133069.246098023
              ],
              [
                442099.0666533826,
                9133088.588706326
              ],
              [
                441983.17504608526,
                9133109.754272021
              ],
              [
                441867.63019030436,
                9133132.737572823
              ],
              [
                441752.4605950041,
                9133157.532937946
              ],
              [
                441637.6946765589,
                9133184.134249503
              ],
              [
                441523.3607517418,
                9133212.534944022
              ],
              [
                441409.48703073786,
                9133242.728014052
              ],
              [
                441296.10161018395,
                9133274.70600991
              ],
              [
                441183.23246623593,
                9133308.461041499
              ],
              [
                441070.9074476661,
                9133343.984780272
              ],
              [
                440959.1542689921,
                9133381.26846128
              ],
              [
                440848.0005036385,
                9133420.30288533
              ],
              [
                440737.47357713373,
                9133461.078421263
              ],
              [
                440627.6007603431,
                9133503.585008325
              ],
              [
                440518.40916274,
                9133547.812158652
              ],
              [
                440409.92572571733,
                9133593.748959856
              ],
              [
                440302.17721593985,
                9133641.38407772
              ],
              [
                440195.19021874014,
                9133690.70575899
              ],
              [
                440088.99113155884,
                9133741.701834282
              ],
              [
                439983.6061574316,
                9133794.359721074
              ],
              [
                439879.06129852385,
                9133848.66642682
              ],
              [
                439775.38234971534,
                9133904.608552158
              ],
              [
                439672.5948922351,
                9133962.1722942
              ],
              [
                439570.7242873504,
                9134021.343449956
              ],
              [
                439469.7956701086,
                9134082.10741983
              ],
              [
                439369.8339431357,
                9134144.449211221
              ],
              [
                439270.8637704922,
                9134208.353442224
              ],
              [
                439172.9095715872,
                9134273.804345427
              ],
              [
                439075.99551515357,
                9134340.785771798
              ],
              [
                438980.14551328466,
                9134409.281194674
              ],
              [
                438885.38321553404,
                9134479.273713833
              ],
              [
                438791.73200308083,
                9134550.74605967
              ],
              [
                438699.2149829604,
                9134623.680597449
              ],
              [
                438607.854982363,
                9134698.059331669
              ],
              [
                438517.6745430018,
                9134773.863910487
              ],
              [
                438428.6959155508,
                9134851.075630257
              ],
              [
                438340.9410541549,
                9134929.675440148
              ],
              [
                438254.431611013,
                9135009.643946826
              ],
              [
                438169.1889310358,
                9135090.961419262
              ],
              [
                438085.2340465791,
                9135173.607793586
              ],
              [
                438002.58767225425,
                9135257.562678045
              ],
              [
                437921.2701998176,
                9135342.80535802
              ],
              [
                437841.3016931386,
                9135429.314801162
              ],
              [
                437762.70188324974,
                9135517.06966256
              ],
              [
                437685.49016347795,
                9135606.04829001
              ],
              [
                437609.68558465975,
                9135696.228729371
              ],
              [
                437535.3068504407,
                9135787.588729968
              ],
              [
                437462.3723126605,
                9135880.10575009
              ],
              [
                437390.89996682503,
                9135973.756962541
              ],
              [
                437320.9074476661,
                9136068.519260293
              ],
              [
                437252.4120247905,
                9136164.369262163
              ],
              [
                437185.430598419,
                9136261.283318596
              ],
              [
                437119.97969521617,
                9136359.2375175
              ],
              [
                437056.0754642131,
                9136458.207690144
              ],
              [
                436993.7336728225,
                9136558.169417117
              ],
              [
                436932.9697029486,
                9136659.098034358
              ],
              [
                436873.7985471918,
                9136760.968639243
              ],
              [
                436816.2348051492,
                9136863.756096723
              ],
              [
                436760.292679813,
                9136967.435045533
              ],
              [
                436705.98597406544,
                9137071.97990444
              ],
              [
                436653.3280872736,
                9137177.364878567
              ],
              [
                436602.33201198303,
                9137283.563965749
              ],
              [
                436553.01033071236,
                9137390.550962947
              ],
              [
                436505.3752128483,
                9137498.299472725
              ],
              [
                436459.43841164355,
                9137606.782909747
              ],
              [
                436415.2112613163,
                9137715.97450735
              ],
              [
                436372.7046742542,
                9137825.847324142
              ],
              [
                436331.9291383215,
                9137936.374250647
              ],
              [
                436292.8947142716,
                9138047.528016001
              ],
              [
                436255.61103326455,
                9138159.281194674
              ],
              [
                436220.0872944907,
                9138271.606213244
              ],
              [
                436186.3322629011,
                9138384.475357192
              ],
              [
                436154.3542670447,
                9138497.860777747
              ],
              [
                436124.16119701345,
                9138611.73449875
              ],
              [
                436095.7605024956,
                9138726.068423567
              ],
              [
                436069.1591909376,
                9138840.834342012
              ],
              [
                436044.3638258149,
                9138956.003937313
              ],
              [
                436021.380525013,
                9139071.548793094
              ],
              [
                436000.21495931735,
                9139187.44040039
              ],
              [
                435980.87235101464,
                9139303.650164684
              ],
              [
                435963.357472604,
                9139420.149412954
              ],
              [
                435947.6746456196,
                9139536.909400754
              ],
              [
                435933.82773956435,
                9139653.901319303
              ],
              [
                435921.8201709551,
                9139771.096302597
              ],
              [
                435911.6549024797,
                9139888.465434527
              ],
              [
                435903.33444226615,
                9140005.979756016
              ],
              [
                435896.8608432634,
                9140123.610272164
              ],
              [
                435892.2357027352,
                9140241.3279594
              ],
              [
                435889.46016186575,
                9140359.103772648
              ],
              [
                435888.5349054782,
                9140476.908652486
              ],
              [
                435889.46016186575,
                9140594.713532325
              ],
              [
                435892.2357027352,
                9140712.489345573
              ],
              [
                435896.8608432634,
                9140830.207032809
              ],
              [
                435903.33444226615,
                9140947.837548956
              ],
              [
                435911.6549024797,
                9141065.351870446
              ],
              [
                435921.8201709551,
                9141182.721002376
              ],
              [
                435933.82773956435,
                9141299.91598567
              ],
              [
                435947.6746456196,
                9141416.907904219
              ],
              [
                435963.357472604,
                9141533.667892018
              ],
              [
                435980.87235101464,
                9141650.167140288
              ],
              [
                436000.21495931735,
                9141766.376904583
              ],
              [
                436021.380525013,
                9141882.268511878
              ],
              [
                436044.3638258149,
                9141997.81336766
              ],
              [
                436069.1591909376,
                9142112.98296296
              ],
              [
                436095.7605024956,
                9142227.748881405
              ],
              [
                436124.16119701345,
                9142342.082806222
              ],
              [
                436154.3542670447,
                9142455.956527226
              ],
              [
                436186.3322629011,
                9142569.34194778
              ],
              [
                436220.0872944907,
                9142682.211091729
              ],
              [
                436255.61103326455,
                9142794.536110299
              ],
              [
                436292.8947142716,
                9142906.289288972
              ],
              [
                436331.9291383215,
                9143017.443054326
              ],
              [
                436372.7046742542,
                9143127.96998083
              ],
              [
                436415.2112613163,
                9143237.842797622
              ],
              [
                436459.43841164355,
                9143347.034395225
              ],
              [
                436505.3752128483,
                9143455.517832248
              ],
              [
                436553.01033071236,
                9143563.266342025
              ],
              [
                436602.33201198303,
                9143670.253339224
              ],
              [
                436653.3280872736,
                9143776.452426406
              ],
              [
                436705.98597406544,
                9143881.837400533
              ],
              [
                436760.292679813,
                9143986.38225944
              ],
              [
                436816.2348051492,
                9144090.06120825
              ],
              [
                436873.7985471918,
                9144192.84866573
              ],
              [
                436932.9697029486,
                9144294.719270615
              ],
              [
                436993.7336728225,
                9144395.647887856
              ],
              [
                437056.0754642131,
                9144495.609614829
              ],
              [
                437119.97969521617,
                9144594.579787472
              ],
              [
                437185.430598419,
                9144692.533986377
              ],
              [
                437252.41202479054,
                9144789.44804281
              ],
              [
                437320.9074476661,
                9144885.29804468
              ],
              [
                437390.89996682503,
                9144980.060342431
              ],
              [
                437462.3723126605,
                9145073.711554883
              ],
              [
                437535.3068504407,
                9145166.228575004
              ],
              [
                437609.68558465975,
                9145257.588575602
              ],
              [
                437685.49016347795,
                9145347.769014962
              ],
              [
                437762.70188324974,
                9145436.747642413
              ],
              [
                437841.3016931386,
                9145524.50250381
              ],
              [
                437921.2701998176,
                9145611.011946952
              ],
              [
                438002.58767225425,
                9145696.254626928
              ],
              [
                438085.2340465791,
                9145780.209511386
              ],
              [
                438169.1889310358,
                9145862.85588571
              ],
              [
                438254.431611013,
                9145944.173358146
              ],
              [
                438340.9410541549,
                9146024.141864825
              ],
              [
                438428.6959155508,
                9146102.741674716
              ],
              [
                438517.6745430018,
                9146179.953394486
              ],
              [
                438607.854982363,
                9146255.757973304
              ],
              [
                438699.2149829604,
                9146330.136707524
              ],
              [
                438791.73200308083,
                9146403.071245303
              ],
              [
                438885.38321553404,
                9146474.54359114
              ],
              [
                438980.14551328466,
                9146544.536110299
              ],
              [
                439075.9955151536,
                9146613.031533174
              ],
              [
                439172.9095715872,
                9146680.012959545
              ],
              [
                439270.8637704922,
                9146745.463862749
              ],
              [
                439369.8339431357,
                9146809.368093751
              ],
              [
                439469.7956701086,
                9146871.709885143
              ],
              [
                439570.72428735043,
                9146932.473855017
              ],
              [
                439672.5948922351,
                9146991.645010773
              ],
              [
                439775.38234971534,
                9147049.208752815
              ],
              [
                439879.06129852385,
                9147105.150878152
              ],
              [
                439983.60615743155,
                9147159.457583899
              ],
              [
                440088.99113155884,
                9147212.11547069
              ],
              [
                440195.19021874014,
                9147263.111545982
              ],
              [
                440302.17721593985,
                9147312.433227252
              ],
              [
                440409.92572571733,
                9147360.068345116
              ],
              [
                440518.40916274,
                9147406.00514632
              ],
              [
                440627.6007603431,
                9147450.232296648
              ],
              [
                440737.47357713373,
                9147492.73888371
              ],
              [
                440848.0005036385,
                9147533.514419643
              ],
              [
                440959.1542689921,
                9147572.548843693
              ],
              [
                441070.9074476661,
                9147609.8325247
              ],
              [
                441183.23246623593,
                9147645.356263474
              ],
              [
                441296.10161018395,
                9147679.111295063
              ],
              [
                441409.4870307379,
                9147711.08929092
              ],
              [
                441523.3607517418,
                9147741.28236095
              ],
              [
                441637.6946765589,
                9147769.68305547
              ],
              [
                441752.46059500414,
                9147796.284367027
              ],
              [
                441867.63019030436,
                9147821.07973215
              ],
              [
                441983.17504608526,
                9147844.063032951
              ],
              [
                442099.0666533826,
                9147865.228598647
              ],
              [
                442215.2764176765,
                9147884.57120695
              ],
              [
                442331.7756659463,
                9147902.08608536
              ],
              [
                442448.53565374593,
                9147917.768912345
              ],
              [
                442565.52757229534,
                9147931.6158184
              ],
              [
                442682.72255558934,
                9147943.623387009
              ],
              [
                442800.09168751934,
                9147953.788655484
              ],
              [
                442917.60600900836,
                9147962.109115697
              ],
              [
                443035.23652515584,
                9147968.582714701
              ],
              [
                443152.9542123922,
                9147973.20785523
              ],
              [
                443270.7300256395,
                9147975.983396098
              ],
              [
                443388.5349054782,
                9147976.908652486
              ],
              [
                443506.33978531684,
                9147975.983396098
              ],
              [
                443624.11559856415,
                9147973.207855228
              ],
              [
                443741.83328580053,
                9147968.582714701
              ],
              [
                443859.46380194806,
                9147962.109115697
              ],
              [
                443976.97812343703,
                9147953.788655484
              ],
              [
                444094.347255367,
                9147943.623387009
              ],
              [
                444211.54223866103,
                9147931.6158184
              ],
              [
                444328.53415721044,
                9147917.768912345
              ],
              [
                444445.29414501006,
                9147902.08608536
              ],
              [
                444561.7933932799,
                9147884.57120695
              ],
              [
                444678.00315757375,
                9147865.228598647
              ],
              [
                444793.8947648711,
                9147844.063032951
              ],
              [
                444909.439620652,
                9147821.07973215
              ],
              [
                445024.6092159523,
                9147796.284367027
              ],
              [
                445139.3751343975,
                9147769.68305547
              ],
              [
                445253.70905921457,
                9147741.28236095
              ],
              [
                445367.5827802185,
                9147711.08929092
              ],
              [
                445480.9682007724,
                9147679.111295063
              ],
              [
                445593.83734472044,
                9147645.356263474
              ],
              [
                445706.16236329026,
                9147609.8325247
              ],
              [
                445817.9155419643,
                9147572.548843693
              ],
              [
                445929.0693073179,
                9147533.514419643
              ],
              [
                446039.59623382264,
                9147492.73888371
              ],
              [
                446149.4690506133,
                9147450.232296648
              ],
              [
                446258.6606482164,
                9147406.00514632
              ],
              [
                446367.14408523904,
                9147360.068345116
              ],
              [
                446474.8925950165,
                9147312.433227252
              ],
              [
                446581.8795922162,
                9147263.111545982
              ],
              [
                446688.0786793975,
                9147212.11547069
              ],
              [
                446793.4636535248,
                9147159.457583899
              ],
              [
                446898.0085124325,
                9147105.150878152
              ],
              [
                447001.68746124103,
                9147049.208752815
              ],
              [
                447104.47491872124,
                9146991.645010773
              ],
              [
                447206.345523606,
                9146932.473855017
              ],
              [
                447307.2741408478,
                9146871.709885143
              ],
              [
                447407.2358678207,
                9146809.368093751
              ],
              [
                447506.20604046417,
                9146745.463862749
              ],
              [
                447604.16023936914,
                9146680.012959545
              ],
              [
                447701.0742958028,
                9146613.031533174
              ],
              [
                447796.92429767177,
                9146544.536110299
              ],
              [
                447891.68659542233,
                9146474.54359114
              ],
              [
                447985.33780787553,
                9146403.071245303
              ],
              [
                448077.854827996,
                9146330.136707524
              ],
              [
                448169.21482859337,
                9146255.757973304
              ],
              [
                448259.39526795456,
                9146179.953394486
              ],
              [
                448348.37389540556,
                9146102.741674716
              ],
              [
                448436.1287568015,
                9146024.141864825
              ],
              [
                448522.63819994335,
                9145944.173358146
              ],
              [
                448607.88087992056,
                9145862.85588571
              ],
              [
                448691.8357643773,
                9145780.209511386
              ],
              [
                448774.4821387021,
                9145696.254626928
              ],
              [
                448855.79961113876,
                9145611.011946952
              ],
              [
                448935.76811781776,
                9145524.50250381
              ],
              [
                449014.3679277066,
                9145436.747642413
              ],
              [
                449091.5796474784,
                9145347.769014962
              ],
              [
                449167.3842262966,
                9145257.588575602
              ],
              [
                449241.7629605157,
                9145166.228575004
              ],
              [
                449314.69749829586,
                9145073.711554883
              ],
              [
                449386.16984413133,
                9144980.060342431
              ],
              [
                449456.1623632903,
                9144885.29804468
              ],
              [
                449524.6577861659,
                9144789.44804281
              ],
              [
                449591.6392125374,
                9144692.533986377
              ],
              [
                449657.0901157402,
                9144594.579787472
              ],
              [
                449720.9943467433,
                9144495.609614829
              ],
              [
                449783.3361381339,
                9144395.647887856
              ],
              [
                449844.1001080078,
                9144294.719270615
              ],
              [
                449903.2712637646,
                9144192.84866573
              ],
              [
                449960.83500580717,
                9144090.06120825
              ],
              [
                450016.7771311434,
                9143986.38225944
              ],
              [
                450071.08383689093,
                9143881.837400533
              ],
              [
                450123.7417236828,
                9143776.452426406
              ],
              [
                450174.73779897334,
                9143670.253339224
              ],
              [
                450224.059480244,
                9143563.266342025
              ],
              [
                450271.69459810806,
                9143455.517832248
              ],
              [
                450317.6313993128,
                9143347.034395225
              ],
              [
                450361.85854964005,
                9143237.842797622
              ],
              [
                450404.3651367022,
                9143127.96998083
              ],
              [
                450445.1406726349,
                9143017.443054326
              ],
              [
                450484.1750966848,
                9142906.289288972
              ],
              [
                450521.4587776918,
                9142794.536110299
              ],
              [
                450556.98251646565,
                9142682.211091729
              ],
              [
                450590.73754805524,
                9142569.34194778
              ],
              [
                450622.7155439117,
                9142455.956527226
              ],
              [
                450652.9086139429,
                9142342.082806222
              ],
              [
                450681.30930846074,
                9142227.748881405
              ],
              [
                450707.9106200188,
                9142112.98296296
              ],
              [
                450732.70598514145,
                9141997.81336766
              ],
              [
                450755.68928594334,
                9141882.268511878
              ],
              [
                450776.854851639,
                9141766.376904583
              ],
              [
                450796.19745994173,
                9141650.167140288
              ],
              [
                450813.71233835234,
                9141533.667892018
              ],
              [
                450829.3951653368,
                9141416.907904219
              ],
              [
                450843.242071392,
                9141299.91598567
              ],
              [
                450855.2496400013,
                9141182.721002376
              ],
              [
                450865.41490847664,
                9141065.351870446
              ],
              [
                450873.7353686902,
                9140947.837548956
              ],
              [
                450880.208967693,
                9140830.207032809
              ],
              [
                450884.83410822117,
                9140712.489345573
              ],
              [
                450887.6096490906,
                9140594.713532325
              ],
              [
                450888.5349054782,
                9140476.908652486
              ]
            ]
          ]
        ]
      }
    },
    {
      "type": "Feature",
      "properties": {
        "Id": 8,
        "ID": 8,
        "Nama": "Pos Damkar Rencana Semin / Ngawen",
        "NAMA": "Pos Damkar Rencana Semin / Ngawen",
        "nama": "Pos Damkar Rencana Semin / Ngawen",
        "Kabupaten": "Kabupaten Gunungkidul",
        "Kategori": "Rencana"
      },
      "geometry": {
        "type": "MultiPolygon",
        "coordinates": [
          [
            [
              [
                474965.76912917796,
                9128337.11863708
              ],
              [
                474964.8438727904,
                9128219.31375724
              ],
              [
                474962.06833192095,
                9128101.537943993
              ],
              [
                474957.44319139275,
                9127983.820256757
              ],
              [
                474950.96959239,
                9127866.18974061
              ],
              [
                474942.6491321764,
                9127748.67541912
              ],
              [
                474932.48386370105,
                9127631.30628719
              ],
              [
                474920.4762950918,
                9127514.111303896
              ],
              [
                474906.62938903656,
                9127397.119385347
              ],
              [
                474890.9465620521,
                9127280.359397547
              ],
              [
                474873.4316836415,
                9127163.860149277
              ],
              [
                474854.0890753388,
                9127047.650384983
              ],
              [
                474832.9235096431,
                9126931.758777687
              ],
              [
                474809.94020884123,
                9126816.213921906
              ],
              [
                474785.14484371856,
                9126701.044326605
              ],
              [
                474758.5435321605,
                9126586.27840816
              ],
              [
                474730.1428376427,
                9126471.944483344
              ],
              [
                474699.94976761146,
                9126358.07076234
              ],
              [
                474667.971771755,
                9126244.685341785
              ],
              [
                474634.21674016543,
                9126131.816197837
              ],
              [
                474598.6930013916,
                9126019.491179267
              ],
              [
                474561.40932038456,
                9125907.738000594
              ],
              [
                474522.37489633466,
                9125796.58423524
              ],
              [
                474481.599360402,
                9125686.057308735
              ],
              [
                474439.0927733398,
                9125576.184491944
              ],
              [
                474394.8656230126,
                9125466.99289434
              ],
              [
                474348.92882180784,
                9125358.509457318
              ],
              [
                474301.2937039438,
                9125250.76094754
              ],
              [
                474251.9720226731,
                9125143.773950342
              ],
              [
                474200.97594738257,
                9125037.57486316
              ],
              [
                474148.3180605907,
                9124932.189889032
              ],
              [
                474094.01135484315,
                9124827.645030126
              ],
              [
                474038.06922950695,
                9124723.966081316
              ],
              [
                473980.50548746437,
                9124621.178623836
              ],
              [
                473921.33433170756,
                9124519.30801895
              ],
              [
                473860.57036183367,
                9124418.37940171
              ],
              [
                473798.22857044305,
                9124318.417674737
              ],
              [
                473734.32433944,
                9124219.447502093
              ],
              [
                473668.87343623716,
                9124121.493303189
              ],
              [
                473601.8920098656,
                9124024.579246756
              ],
              [
                473533.39658699004,
                9123928.729244886
              ],
              [
                473463.4040678311,
                9123833.966947135
              ],
              [
                473391.93172199564,
                9123740.315734683
              ],
              [
                473318.99718421546,
                9123647.798714561
              ],
              [
                473244.6184499964,
                9123556.438713964
              ],
              [
                473168.8138711782,
                9123466.258274604
              ],
              [
                473091.6021514064,
                9123377.279647153
              ],
              [
                473013.00234151754,
                9123289.524785755
              ],
              [
                472933.03383483854,
                9123203.015342614
              ],
              [
                472851.7163624019,
                9123117.772662638
              ],
              [
                472769.06998807704,
                9123033.81777818
              ],
              [
                472685.11510362034,
                9122951.171403855
              ],
              [
                472599.87242364313,
                9122869.85393142
              ],
              [
                472513.36298050126,
                9122789.88542474
              ],
              [
                472425.60811910534,
                9122711.28561485
              ],
              [
                472336.62949165434,
                9122634.07389508
              ],
              [
                472246.44905229314,
                9122558.269316262
              ],
              [
                472155.0890516958,
                9122483.890582042
              ],
              [
                472062.5720315753,
                9122410.956044262
              ],
              [
                471968.9208191221,
                9122339.483698426
              ],
              [
                471874.1585213715,
                9122269.491179267
              ],
              [
                471778.3085195026,
                9122200.995756391
              ],
              [
                471681.3944630689,
                9122134.01433002
              ],
              [
                471583.44026416395,
                9122068.563426817
              ],
              [
                471484.47009152046,
                9122004.659195814
              ],
              [
                471384.50836454757,
                9121942.317404423
              ],
              [
                471283.5797473058,
                9121881.553434549
              ],
              [
                471181.709142421,
                9121822.382278793
              ],
              [
                471078.9216849408,
                9121764.818536751
              ],
              [
                470975.2427361323,
                9121708.876411414
              ],
              [
                470870.69787722453,
                9121654.569705667
              ],
              [
                470765.3129030973,
                9121601.911818875
              ],
              [
                470659.113815916,
                9121550.915743584
              ],
              [
                470552.1268187163,
                9121501.594062313
              ],
              [
                470444.3783089388,
                9121453.95894445
              ],
              [
                470335.89487191616,
                9121408.022143245
              ],
              [
                470226.70327431307,
                9121363.794992918
              ],
              [
                470116.8304575224,
                9121321.288405856
              ],
              [
                470006.3035310176,
                9121280.512869922
              ],
              [
                469895.1497656641,
                9121241.478445873
              ],
              [
                469783.39658699004,
                9121204.194764866
              ],
              [
                469671.0715684202,
                9121168.671026092
              ],
              [
                469558.2024244722,
                9121134.915994503
              ],
              [
                469444.81700391823,
                9121102.937998645
              ],
              [
                469330.94328291435,
                9121072.744928615
              ],
              [
                469216.60935809725,
                9121044.344234096
              ],
              [
                469101.843439652,
                9121017.742922539
              ],
              [
                468986.6738443518,
                9120992.947557416
              ],
              [
                468871.1289885709,
                9120969.964256614
              ],
              [
                468755.23738127353,
                9120948.798690919
              ],
              [
                468639.02761697967,
                9120929.456082616
              ],
              [
                468522.52836870984,
                9120911.941204205
              ],
              [
                468405.7683809102,
                9120896.25837722
              ],
              [
                468288.7764623608,
                9120882.411471166
              ],
              [
                468171.5814790668,
                9120870.403902557
              ],
              [
                468054.2123471368,
                9120860.238634082
              ],
              [
                467936.6980256478,
                9120851.918173868
              ],
              [
                467819.0675095003,
                9120845.444574865
              ],
              [
                467701.34982226393,
                9120840.819434335
              ],
              [
                467583.5740090166,
                9120838.043893468
              ],
              [
                467465.76912917796,
                9120837.11863708
              ],
              [
                467347.9642493393,
                9120838.043893468
              ],
              [
                467230.188436092,
                9120840.819434335
              ],
              [
                467112.4707488556,
                9120845.444574865
              ],
              [
                466994.8402327081,
                9120851.918173868
              ],
              [
                466877.3259112191,
                9120860.238634082
              ],
              [
                466759.9567792891,
                9120870.403902557
              ],
              [
                466642.7617959951,
                9120882.411471166
              ],
              [
                466525.76987744565,
                9120896.25837722
              ],
              [
                466409.0098896461,
                9120911.941204205
              ],
              [
                466292.51064137626,
                9120929.456082616
              ],
              [
                466176.3008770824,
                9120948.798690919
              ],
              [
                466060.40926978504,
                9120969.964256614
              ],
              [
                465944.86441400414,
                9120992.947557416
              ],
              [
                465829.69481870387,
                9121017.742922539
              ],
              [
                465714.9289002587,
                9121044.344234096
              ],
              [
                465600.5949754416,
                9121072.744928615
              ],
              [
                465486.72125443764,
                9121102.937998645
              ],
              [
                465373.3358338837,
                9121134.915994503
              ],
              [
                465260.4666899357,
                9121168.671026092
              ],
              [
                465148.1416713659,
                9121204.194764866
              ],
              [
                465036.38849269185,
                9121241.478445873
              ],
              [
                464925.2347273383,
                9121280.512869922
              ],
              [
                464814.7078008335,
                9121321.288405856
              ],
              [
                464704.83498404286,
                9121363.794992918
              ],
              [
                464595.64338643977,
                9121408.022143245
              ],
              [
                464487.1599494171,
                9121453.95894445
              ],
              [
                464379.41143963963,
                9121501.594062313
              ],
              [
                464272.4244424399,
                9121550.915743584
              ],
              [
                464166.2253552586,
                9121601.911818875
              ],
              [
                464060.8403811314,
                9121654.569705667
              ],
              [
                463956.29552222363,
                9121708.876411414
              ],
              [
                463852.6165734151,
                9121764.818536751
              ],
              [
                463749.8291159349,
                9121822.382278793
              ],
              [
                463647.95851105015,
                9121881.553434549
              ],
              [
                463547.02989380836,
                9121942.317404423
              ],
              [
                463447.06816683547,
                9122004.659195814
              ],
              [
                463348.097994192,
                9122068.563426817
              ],
              [
                463250.143795287,
                9122134.01433002
              ],
              [
                463153.22973885335,
                9122200.995756391
              ],
              [
                463057.37973698444,
                9122269.491179267
              ],
              [
                462962.6174392338,
                9122339.483698426
              ],
              [
                462868.9662267806,
                9122410.956044262
              ],
              [
                462776.44920666015,
                9122483.890582042
              ],
              [
                462685.0892060628,
                9122558.269316262
              ],
              [
                462594.9087667016,
                9122634.07389508
              ],
              [
                462505.9301392506,
                9122711.28561485
              ],
              [
                462418.17527785467,
                9122789.88542474
              ],
              [
                462331.6658347128,
                9122869.85393142
              ],
              [
                462246.4231547356,
                9122951.171403855
              ],
              [
                462162.4682702789,
                9123033.81777818
              ],
              [
                462079.821895954,
                9123117.772662638
              ],
              [
                461998.5044235174,
                9123203.015342614
              ],
              [
                461918.5359168384,
                9123289.524785755
              ],
              [
                461839.9361069495,
                9123377.279647153
              ],
              [
                461762.72438717773,
                9123466.258274604
              ],
              [
                461686.9198083595,
                9123556.438713964
              ],
              [
                461612.54107414046,
                9123647.798714561
              ],
              [
                461539.6065363603,
                9123740.315734683
              ],
              [
                461468.1341905248,
                9123833.966947135
              ],
              [
                461398.1416713659,
                9123928.729244886
              ],
              [
                461329.64624849026,
                9124024.579246756
              ],
              [
                461262.66482211876,
                9124121.493303189
              ],
              [
                461197.21391891595,
                9124219.447502093
              ],
              [
                461133.3096879129,
                9124318.417674737
              ],
              [
                461070.96789652226,
                9124418.37940171
              ],
              [
                461010.20392664836,
                9124519.30801895
              ],
              [
                460951.03277089156,
                9124621.178623836
              ],
              [
                460893.469028849,
                9124723.966081316
              ],
              [
                460837.5269035128,
                9124827.645030126
              ],
              [
                460783.2201977652,
                9124932.189889032
              ],
              [
                460730.56231097336,
                9125037.57486316
              ],
              [
                460679.5662356828,
                9125143.773950342
              ],
              [
                460630.24455441214,
                9125250.76094754
              ],
              [
                460582.6094365481,
                9125358.509457318
              ],
              [
                460536.67263534333,
                9125466.99289434
              ],
              [
                460492.4454850161,
                9125576.184491944
              ],
              [
                460449.93889795395,
                9125686.057308735
              ],
              [
                460409.16336202127,
                9125796.58423524
              ],
              [
                460370.12893797137,
                9125907.738000594
              ],
              [
                460332.8452569643,
                9126019.491179267
              ],
              [
                460297.3215181905,
                9126131.816197837
              ],
              [
                460263.5664866009,
                9126244.685341785
              ],
              [
                460231.58849074447,
                9126358.07076234
              ],
              [
                460201.39542071323,
                9126471.944483344
              ],
              [
                460172.9947261954,
                9126586.27840816
              ],
              [
                460146.39341463736,
                9126701.044326605
              ],
              [
                460121.5980495147,
                9126816.213921906
              ],
              [
                460098.6147487128,
                9126931.758777687
              ],
              [
                460077.44918301713,
                9127047.650384983
              ],
              [
                460058.1065747144,
                9127163.860149277
              ],
              [
                460040.5916963038,
                9127280.359397547
              ],
              [
                460024.90886931936,
                9127397.119385347
              ],
              [
                460011.06196326413,
                9127514.111303896
              ],
              [
                459999.0543946549,
                9127631.30628719
              ],
              [
                459988.8891261795,
                9127748.67541912
              ],
              [
                459980.5686659659,
                9127866.18974061
              ],
              [
                459974.0950669632,
                9127983.820256757
              ],
              [
                459969.469926435,
                9128101.537943993
              ],
              [
                459966.6943855655,
                9128219.31375724
              ],
              [
                459965.76912917796,
                9128337.11863708
              ],
              [
                459966.6943855655,
                9128454.923516918
              ],
              [
                459969.469926435,
                9128572.699330166
              ],
              [
                459974.0950669632,
                9128690.417017402
              ],
              [
                459980.5686659659,
                9128808.04753355
              ],
              [
                459988.8891261795,
                9128925.561855039
              ],
              [
                459999.0543946549,
                9129042.930986969
              ],
              [
                460011.06196326413,
                9129160.125970263
              ],
              [
                460024.90886931936,
                9129277.117888812
              ],
              [
                460040.5916963038,
                9129393.877876611
              ],
              [
                460058.1065747144,
                9129510.377124881
              ],
              [
                460077.44918301713,
                9129626.586889176
              ],
              [
                460098.6147487128,
                9129742.478496471
              ],
              [
                460121.5980495147,
                9129858.023352252
              ],
              [
                460146.39341463736,
                9129973.192947553
              ],
              [
                460172.9947261954,
                9130087.958865998
              ],
              [
                460201.39542071323,
                9130202.292790815
              ],
              [
                460231.58849074447,
                9130316.166511819
              ],
              [
                460263.5664866009,
                9130429.551932374
              ],
              [
                460297.3215181905,
                9130542.421076322
              ],
              [
                460332.8452569643,
                9130654.746094892
              ],
              [
                460370.12893797137,
                9130766.499273565
              ],
              [
                460409.16336202127,
                9130877.653038919
              ],
              [
                460449.93889795395,
                9130988.179965423
              ],
              [
                460492.4454850161,
                9131098.052782215
              ],
              [
                460536.67263534333,
                9131207.244379818
              ],
              [
                460582.6094365481,
                9131315.72781684
              ],
              [
                460630.24455441214,
                9131423.476326618
              ],
              [
                460679.5662356828,
                9131530.463323817
              ],
              [
                460730.56231097336,
                9131636.662410999
              ],
              [
                460783.2201977652,
                9131742.047385126
              ],
              [
                460837.5269035128,
                9131846.592244033
              ],
              [
                460893.469028849,
                9131950.271192843
              ],
              [
                460951.03277089156,
                9132053.058650322
              ],
              [
                461010.20392664836,
                9132154.929255208
              ],
              [
                461070.96789652226,
                9132255.857872449
              ],
              [
                461133.3096879129,
                9132355.819599422
              ],
              [
                461197.21391891595,
                9132454.789772065
              ],
              [
                461262.66482211876,
                9132552.74397097
              ],
              [
                461329.6462484903,
                9132649.658027403
              ],
              [
                461398.1416713659,
                9132745.508029273
              ],
              [
                461468.1341905248,
                9132840.270327024
              ],
              [
                461539.6065363603,
                9132933.921539476
              ],
              [
                461612.54107414046,
                9133026.438559597
              ],
              [
                461686.9198083595,
                9133117.798560195
              ],
              [
                461762.72438717773,
                9133207.978999555
              ],
              [
                461839.9361069495,
                9133296.957627006
              ],
              [
                461918.5359168384,
                9133384.712488404
              ],
              [
                461998.5044235174,
                9133471.221931545
              ],
              [
                462079.821895954,
                9133556.464611521
              ],
              [
                462162.4682702789,
                9133640.41949598
              ],
              [
                462246.4231547356,
                9133723.065870304
              ],
              [
                462331.6658347128,
                9133804.38334274
              ],
              [
                462418.17527785467,
                9133884.351849418
              ],
              [
                462505.9301392506,
                9133962.951659309
              ],
              [
                462594.9087667016,
                9134040.163379079
              ],
              [
                462685.0892060628,
                9134115.967957897
              ],
              [
                462776.44920666015,
                9134190.346692117
              ],
              [
                462868.9662267806,
                9134263.281229896
              ],
              [
                462962.6174392338,
                9134334.753575733
              ],
              [
                463057.37973698444,
                9134404.746094892
              ],
              [
                463153.2297388534,
                9134473.241517767
              ],
              [
                463250.143795287,
                9134540.222944139
              ],
              [
                463348.097994192,
                9134605.673847342
              ],
              [
                463447.06816683547,
                9134669.578078344
              ],
              [
                463547.02989380836,
                9134731.919869736
              ],
              [
                463647.9585110502,
                9134792.68383961
              ],
              [
                463749.8291159349,
                9134851.854995366
              ],
              [
                463852.6165734151,
                9134909.418737408
              ],
              [
                463956.29552222363,
                9134965.360862745
              ],
              [
                464060.84038113133,
                9135019.667568492
              ],
              [
                464166.2253552586,
                9135072.325455284
              ],
              [
                464272.4244424399,
                9135123.321530575
              ],
              [
                464379.41143963963,
                9135172.643211845
              ],
              [
                464487.1599494171,
                9135220.27832971
              ],
              [
                464595.64338643977,
                9135266.215130914
              ],
              [
                464704.83498404286,
                9135310.44228124
              ],
              [
                464814.7078008335,
                9135352.948868303
              ],
              [
                464925.2347273383,
                9135393.724404236
              ],
              [
                465036.38849269185,
                9135432.758828286
              ],
              [
                465148.1416713659,
                9135470.042509293
              ],
              [
                465260.4666899357,
                9135505.566248067
              ],
              [
                465373.3358338837,
                9135539.321279656
              ],
              [
                465486.7212544377,
                9135571.299275514
              ],
              [
                465600.5949754416,
                9135601.492345544
              ],
              [
                465714.9289002587,
                9135629.893040063
              ],
              [
                465829.6948187039,
                9135656.49435162
              ],
              [
                465944.86441400414,
                9135681.289716743
              ],
              [
                466060.40926978504,
                9135704.273017544
              ],
              [
                466176.3008770824,
                9135725.43858324
              ],
              [
                466292.51064137626,
                9135744.781191543
              ],
              [
                466409.0098896461,
                9135762.296069954
              ],
              [
                466525.7698774457,
                9135777.978896938
              ],
              [
                466642.7617959951,
                9135791.825802993
              ],
              [
                466759.9567792891,
                9135803.833371602
              ],
              [
                466877.3259112191,
                9135813.998640077
              ],
              [
                466994.84023270814,
                9135822.31910029
              ],
              [
                467112.4707488556,
                9135828.792699294
              ],
              [
                467230.188436092,
                9135833.417839823
              ],
              [
                467347.9642493393,
                9135836.193380691
              ],
              [
                467465.76912917796,
                9135837.11863708
              ],
              [
                467583.5740090166,
                9135836.193380691
              ],
              [
                467701.34982226393,
                9135833.417839821
              ],
              [
                467819.0675095003,
                9135828.792699294
              ],
              [
                467936.69802564784,
                9135822.31910029
              ],
              [
                468054.2123471368,
                9135813.998640077
              ],
              [
                468171.5814790668,
                9135803.833371602
              ],
              [
                468288.7764623608,
                9135791.825802993
              ],
              [
                468405.7683809102,
                9135777.978896938
              ],
              [
                468522.52836870984,
                9135762.296069954
              ],
              [
                468639.02761697967,
                9135744.781191543
              ],
              [
                468755.23738127353,
                9135725.43858324
              ],
              [
                468871.1289885709,
                9135704.273017544
              ],
              [
                468986.6738443518,
                9135681.289716743
              ],
              [
                469101.84343965206,
                9135656.49435162
              ],
              [
                469216.60935809725,
                9135629.893040063
              ],
              [
                469330.94328291435,
                9135601.492345544
              ],
              [
                469444.8170039183,
                9135571.299275514
              ],
              [
                469558.2024244722,
                9135539.321279656
              ],
              [
                469671.0715684202,
                9135505.566248067
              ],
              [
                469783.39658699004,
                9135470.042509293
              ],
              [
                469895.1497656641,
                9135432.758828286
              ],
              [
                470006.3035310177,
                9135393.724404236
              ],
              [
                470116.8304575224,
                9135352.948868303
              ],
              [
                470226.70327431307,
                9135310.44228124
              ],
              [
                470335.89487191616,
                9135266.215130914
              ],
              [
                470444.3783089388,
                9135220.27832971
              ],
              [
                470552.1268187163,
                9135172.643211845
              ],
              [
                470659.113815916,
                9135123.321530575
              ],
              [
                470765.3129030973,
                9135072.325455284
              ],
              [
                470870.6978772246,
                9135019.667568492
              ],
              [
                470975.2427361323,
                9134965.360862745
              ],
              [
                471078.9216849408,
                9134909.418737408
              ],
              [
                471181.709142421,
                9134851.854995366
              ],
              [
                471283.5797473058,
                9134792.68383961
              ],
              [
                471384.50836454757,
                9134731.919869736
              ],
              [
                471484.47009152046,
                9134669.578078344
              ],
              [
                471583.44026416395,
                9134605.673847342
              ],
              [
                471681.3944630689,
                9134540.222944139
              ],
              [
                471778.3085195026,
                9134473.241517767
              ],
              [
                471874.15852137154,
                9134404.746094892
              ],
              [
                471968.9208191221,
                9134334.753575733
              ],
              [
                472062.5720315753,
                9134263.281229896
              ],
              [
                472155.0890516958,
                9134190.346692117
              ],
              [
                472246.44905229314,
                9134115.967957897
              ],
              [
                472336.62949165434,
                9134040.163379079
              ],
              [
                472425.60811910534,
                9133962.951659309
              ],
              [
                472513.36298050126,
                9133884.351849418
              ],
              [
                472599.87242364313,
                9133804.38334274
              ],
              [
                472685.11510362034,
                9133723.065870304
              ],
              [
                472769.0699880771,
                9133640.41949598
              ],
              [
                472851.7163624019,
                9133556.464611521
              ],
              [
                472933.03383483854,
                9133471.221931545
              ],
              [
                473013.00234151754,
                9133384.712488404
              ],
              [
                473091.6021514064,
                9133296.957627006
              ],
              [
                473168.8138711782,
                9133207.978999555
              ],
              [
                473244.6184499964,
                9133117.798560195
              ],
              [
                473318.99718421546,
                9133026.438559597
              ],
              [
                473391.93172199564,
                9132933.921539476
              ],
              [
                473463.4040678311,
                9132840.270327024
              ],
              [
                473533.3965869901,
                9132745.508029273
              ],
              [
                473601.89200986567,
                9132649.658027403
              ],
              [
                473668.87343623716,
                9132552.74397097
              ],
              [
                473734.32433944,
                9132454.789772065
              ],
              [
                473798.22857044305,
                9132355.819599422
              ],
              [
                473860.57036183367,
                9132255.857872449
              ],
              [
                473921.33433170756,
                9132154.929255208
              ],
              [
                473980.50548746437,
                9132053.058650322
              ],
              [
                474038.06922950695,
                9131950.271192843
              ],
              [
                474094.01135484315,
                9131846.592244033
              ],
              [
                474148.3180605907,
                9131742.047385126
              ],
              [
                474200.97594738257,
                9131636.662410999
              ],
              [
                474251.9720226731,
                9131530.463323817
              ],
              [
                474301.2937039438,
                9131423.476326618
              ],
              [
                474348.92882180784,
                9131315.72781684
              ],
              [
                474394.8656230126,
                9131207.244379818
              ],
              [
                474439.0927733398,
                9131098.052782215
              ],
              [
                474481.599360402,
                9130988.179965423
              ],
              [
                474522.37489633466,
                9130877.653038919
              ],
              [
                474561.40932038456,
                9130766.499273565
              ],
              [
                474598.6930013916,
                9130654.746094892
              ],
              [
                474634.21674016543,
                9130542.421076322
              ],
              [
                474667.971771755,
                9130429.551932374
              ],
              [
                474699.94976761146,
                9130316.166511819
              ],
              [
                474730.1428376427,
                9130202.292790815
              ],
              [
                474758.5435321605,
                9130087.958865998
              ],
              [
                474785.14484371856,
                9129973.192947553
              ],
              [
                474809.94020884123,
                9129858.023352252
              ],
              [
                474832.9235096431,
                9129742.478496471
              ],
              [
                474854.0890753388,
                9129626.586889176
              ],
              [
                474873.4316836415,
                9129510.377124881
              ],
              [
                474890.9465620521,
                9129393.877876611
              ],
              [
                474906.62938903656,
                9129277.117888812
              ],
              [
                474920.4762950918,
                9129160.125970263
              ],
              [
                474932.48386370105,
                9129042.930986969
              ],
              [
                474942.6491321764,
                9128925.561855039
              ],
              [
                474950.96959239,
                9128808.04753355
              ],
              [
                474957.44319139275,
                9128690.417017402
              ],
              [
                474962.06833192095,
                9128572.699330166
              ],
              [
                474964.8438727904,
                9128454.923516918
              ],
              [
                474965.76912917796,
                9128337.11863708
              ]
            ]
          ]
        ]
      }
    },
    {
      "type": "Feature",
      "properties": {
        "Id": 9,
        "ID": 9,
        "Nama": "Pos Damkar Rencana Dlingo / Panggang",
        "NAMA": "Pos Damkar Rencana Dlingo / Panggang",
        "nama": "Pos Damkar Rencana Dlingo / Panggang",
        "Kabupaten": "Kabupaten Bantul / Gunungkidul",
        "Kategori": "Rencana"
      },
      "geometry": {
        "type": "MultiPolygon",
        "coordinates": [
          [
            [
              [
                443495.0474000007,
                9115801.8259
              ],
              [
                443494.1221436131,
                9115684.021020161
              ],
              [
                443491.34660274367,
                9115566.245206913
              ],
              [
                443486.7214622155,
                9115448.527519677
              ],
              [
                443480.2478632127,
                9115330.89700353
              ],
              [
                443471.92740299914,
                9115213.38268204
              ],
              [
                443461.7621345238,
                9115096.01355011
              ],
              [
                443449.7545659145,
                9114978.818566816
              ],
              [
                443435.9076598593,
                9114861.826648267
              ],
              [
                443420.22483287484,
                9114745.066660468
              ],
              [
                443402.7099544642,
                9114628.567412198
              ],
              [
                443383.3673461615,
                9114512.357647903
              ],
              [
                443362.20178046584,
                9114396.466040608
              ],
              [
                443339.21847966395,
                9114280.921184827
              ],
              [
                443314.4231145413,
                9114165.751589525
              ],
              [
                443287.82180298324,
                9114050.98567108
              ],
              [
                443259.4211084654,
                9113936.651746264
              ],
              [
                443229.2280384342,
                9113822.77802526
              ],
              [
                443197.25004257774,
                9113709.392604705
              ],
              [
                443163.49501098815,
                9113596.523460757
              ],
              [
                443127.9712722143,
                9113484.198442187
              ],
              [
                443090.6875912073,
                9113372.445263514
              ],
              [
                443051.6531671574,
                9113261.29149816
              ],
              [
                443010.8776312247,
                9113150.764571656
              ],
              [
                442968.37104416254,
                9113040.891754864
              ],
              [
                442924.1438938353,
                9112931.70015726
              ],
              [
                442878.20709263056,
                9112823.216720238
              ],
              [
                442830.5719747665,
                9112715.46821046
              ],
              [
                442781.25029349583,
                9112608.481213262
              ],
              [
                442730.2542182053,
                9112502.28212608
              ],
              [
                442677.5963314134,
                9112396.897151953
              ],
              [
                442623.2896256659,
                9112292.352293046
              ],
              [
                442567.34750032966,
                9112188.673344236
              ],
              [
                442509.7837582871,
                9112085.885886757
              ],
              [
                442450.6126025303,
                9111984.015281871
              ],
              [
                442389.8486326564,
                9111883.08666463
              ],
              [
                442327.5068412658,
                9111783.124937657
              ],
              [
                442263.6026102627,
                9111684.154765014
              ],
              [
                442198.1517070599,
                9111586.20056611
              ],
              [
                442131.1702806883,
                9111489.286509676
              ],
              [
                442062.67485781276,
                9111393.436507806
              ],
              [
                441992.68233865383,
                9111298.674210055
              ],
              [
                441921.20999281836,
                9111205.022997603
              ],
              [
                441848.2754550382,
                9111112.505977482
              ],
              [
                441773.8967208191,
                9111021.145976884
              ],
              [
                441698.0921420009,
                9110930.965537524
              ],
              [
                441620.8804222291,
                9110841.986910073
              ],
              [
                441542.28061234026,
                9110754.232048675
              ],
              [
                441462.31210566126,
                9110667.722605534
              ],
              [
                441380.9946332246,
                9110582.479925558
              ],
              [
                441298.34825889976,
                9110498.5250411
              ],
              [
                441214.39337444305,
                9110415.878666775
              ],
              [
                441129.15069446585,
                9110334.56119434
              ],
              [
                441042.641251324,
                9110254.59268766
              ],
              [
                440954.88638992805,
                9110175.99287777
              ],
              [
                440865.90776247706,
                9110098.781158
              ],
              [
                440775.72732311586,
                9110022.976579182
              ],
              [
                440684.3673225185,
                9109948.597844962
              ],
              [
                440591.85030239803,
                9109875.663307182
              ],
              [
                440498.1990899448,
                9109804.190961346
              ],
              [
                440403.4367921942,
                9109734.198442187
              ],
              [
                440307.5867903253,
                9109665.703019312
              ],
              [
                440210.67273389164,
                9109598.72159294
              ],
              [
                440112.71853498666,
                9109533.270689737
              ],
              [
                440013.7483623432,
                9109469.366458734
              ],
              [
                439913.7866353703,
                9109407.024667343
              ],
              [
                439812.8580181285,
                9109346.26069747
              ],
              [
                439710.98741324374,
                9109287.089541713
              ],
              [
                439608.1999557635,
                9109229.525799671
              ],
              [
                439504.521006955,
                9109173.583674334
              ],
              [
                439399.97614804725,
                9109119.276968587
              ],
              [
                439294.59117392,
                9109066.619081795
              ],
              [
                439188.3920867387,
                9109015.623006504
              ],
              [
                439081.405089539,
                9108966.301325234
              ],
              [
                438973.65657976153,
                9108918.66620737
              ],
              [
                438865.1731427389,
                9108872.729406165
              ],
              [
                438755.9815451358,
                9108828.502255838
              ],
              [
                438646.10872834513,
                9108785.995668776
              ],
              [
                438535.58180184034,
                9108745.220132843
              ],
              [
                438424.4280364868,
                9108706.185708793
              ],
              [
                438312.67485781276,
                9108668.902027786
              ],
              [
                438200.34983924293,
                9108633.378289012
              ],
              [
                438087.4806952949,
                9108599.623257423
              ],
              [
                437974.09527474095,
                9108567.645261565
              ],
              [
                437860.22155373706,
                9108537.452191535
              ],
              [
                437745.88762891997,
                9108509.051497016
              ],
              [
                437631.1217104747,
                9108482.45018546
              ],
              [
                437515.9521151745,
                9108457.654820336
              ],
              [
                437400.4072593936,
                9108434.671519535
              ],
              [
                437284.51565209625,
                9108413.505953839
              ],
              [
                437168.3058878024,
                9108394.163345536
              ],
              [
                437051.80663953256,
                9108376.648467125
              ],
              [
                436935.04665173293,
                9108360.96564014
              ],
              [
                436818.0547331835,
                9108347.118734086
              ],
              [
                436700.8597498895,
                9108335.111165477
              ],
              [
                436583.4906179595,
                9108324.945897002
              ],
              [
                436465.9762964705,
                9108316.625436788
              ],
              [
                436348.345780323,
                9108310.151837785
              ],
              [
                436230.62809308665,
                9108305.526697256
              ],
              [
                436112.85227983934,
                9108302.751156388
              ],
              [
                435995.0474000007,
                9108301.8259
              ],
              [
                435877.242520162,
                9108302.751156388
              ],
              [
                435759.4667069147,
                9108305.526697256
              ],
              [
                435641.74901967833,
                9108310.151837785
              ],
              [
                435524.1185035308,
                9108316.625436788
              ],
              [
                435406.60418204183,
                9108324.945897002
              ],
              [
                435289.23505011183,
                9108335.111165477
              ],
              [
                435172.04006681783,
                9108347.118734086
              ],
              [
                435055.04814826837,
                9108360.96564014
              ],
              [
                434938.2881604688,
                9108376.648467125
              ],
              [
                434821.788912199,
                9108394.163345536
              ],
              [
                434705.5791479051,
                9108413.505953839
              ],
              [
                434589.68754060776,
                9108434.671519535
              ],
              [
                434474.14268482686,
                9108457.654820336
              ],
              [
                434358.9730895266,
                9108482.45018546
              ],
              [
                434244.2071710814,
                9108509.051497016
              ],
              [
                434129.8732462643,
                9108537.452191535
              ],
              [
                434015.99952526035,
                9108567.645261565
              ],
              [
                433902.61410470644,
                9108599.623257423
              ],
              [
                433789.7449607584,
                9108633.378289012
              ],
              [
                433677.4199421886,
                9108668.902027786
              ],
              [
                433565.6667635146,
                9108706.185708793
              ],
              [
                433454.512998161,
                9108745.220132843
              ],
              [
                433343.9860716562,
                9108785.995668776
              ],
              [
                433234.1132548656,
                9108828.502255838
              ],
              [
                433124.9216572625,
                9108872.729406165
              ],
              [
                433016.4382202398,
                9108918.66620737
              ],
              [
                432908.68971046235,
                9108966.301325234
              ],
              [
                432801.70271326264,
                9109015.623006504
              ],
              [
                432695.50362608134,
                9109066.619081795
              ],
              [
                432590.1186519541,
                9109119.276968587
              ],
              [
                432485.57379304635,
                9109173.583674334
              ],
              [
                432381.89484423783,
                9109229.525799671
              ],
              [
                432279.1073867576,
                9109287.089541713
              ],
              [
                432177.23678187287,
                9109346.26069747
              ],
              [
                432076.3081646311,
                9109407.024667343
              ],
              [
                431976.3464376582,
                9109469.366458734
              ],
              [
                431877.3762650147,
                9109533.270689737
              ],
              [
                431779.4220661097,
                9109598.72159294
              ],
              [
                431682.50800967606,
                9109665.703019312
              ],
              [
                431586.65800780716,
                9109734.198442187
              ],
              [
                431491.89571005653,
                9109804.190961346
              ],
              [
                431398.24449760333,
                9109875.663307182
              ],
              [
                431305.72747748287,
                9109948.597844962
              ],
              [
                431214.3674768855,
                9110022.976579182
              ],
              [
                431124.1870375243,
                9110098.781158
              ],
              [
                431035.2084100733,
                9110175.99287777
              ],
              [
                430947.4535486774,
                9110254.59268766
              ],
              [
                430860.9441055355,
                9110334.56119434
              ],
              [
                430775.7014255583,
                9110415.878666775
              ],
              [
                430691.7465411016,
                9110498.5250411
              ],
              [
                430609.10016677674,
                9110582.479925558
              ],
              [
                430527.7826943401,
                9110667.722605534
              ],
              [
                430447.8141876611,
                9110754.232048675
              ],
              [
                430369.21437777224,
                9110841.986910073
              ],
              [
                430292.00265800045,
                9110930.965537524
              ],
              [
                430216.19807918224,
                9111021.145976884
              ],
              [
                430141.8193449632,
                9111112.505977482
              ],
              [
                430068.884807183,
                9111205.022997603
              ],
              [
                429997.4124613475,
                9111298.674210055
              ],
              [
                429927.4199421886,
                9111393.436507806
              ],
              [
                429858.924519313,
                9111489.286509676
              ],
              [
                429791.9430929415,
                9111586.20056611
              ],
              [
                429726.49218973867,
                9111684.154765014
              ],
              [
                429662.5879587356,
                9111783.124937657
              ],
              [
                429600.246167345,
                9111883.08666463
              ],
              [
                429539.4821974711,
                9111984.015281871
              ],
              [
                429480.3110417143,
                9112085.885886757
              ],
              [
                429422.7472996717,
                9112188.673344236
              ],
              [
                429366.8051743355,
                9112292.352293046
              ],
              [
                429312.49846858793,
                9112396.897151953
              ],
              [
                429259.8405817961,
                9112502.28212608
              ],
              [
                429208.8445065055,
                9112608.481213262
              ],
              [
                429159.52282523486,
                9112715.46821046
              ],
              [
                429111.8877073708,
                9112823.216720238
              ],
              [
                429065.95090616605,
                9112931.70015726
              ],
              [
                429021.7237558388,
                9113040.891754864
              ],
              [
                428979.21716877667,
                9113150.764571656
              ],
              [
                428938.441632844,
                9113261.29149816
              ],
              [
                428899.4072087941,
                9113372.445263514
              ],
              [
                428862.12352778704,
                9113484.198442187
              ],
              [
                428826.5997890132,
                9113596.523460757
              ],
              [
                428792.8447574236,
                9113709.392604705
              ],
              [
                428760.8667615672,
                9113822.77802526
              ],
              [
                428730.67369153595,
                9113936.651746264
              ],
              [
                428702.2729970181,
                9114050.98567108
              ],
              [
                428675.6716854601,
                9114165.751589525
              ],
              [
                428650.8763203374,
                9114280.921184827
              ],
              [
                428627.8930195355,
                9114396.466040608
              ],
              [
                428606.72745383985,
                9114512.357647903
              ],
              [
                428587.38484553713,
                9114628.567412198
              ],
              [
                428569.8699671265,
                9114745.066660468
              ],
              [
                428554.1871401421,
                9114861.826648267
              ],
              [
                428540.34023408685,
                9114978.818566816
              ],
              [
                428528.3326654776,
                9115096.01355011
              ],
              [
                428518.1673970022,
                9115213.38268204
              ],
              [
                428509.84693678864,
                9115330.89700353
              ],
              [
                428503.3733377859,
                9115448.527519677
              ],
              [
                428498.7481972577,
                9115566.245206913
              ],
              [
                428495.97265638824,
                9115684.021020161
              ],
              [
                428495.0474000007,
                9115801.8259
              ],
              [
                428495.97265638824,
                9115919.630779838
              ],
              [
                428498.7481972577,
                9116037.406593086
              ],
              [
                428503.3733377859,
                9116155.124280322
              ],
              [
                428509.84693678864,
                9116272.75479647
              ],
              [
                428518.1673970022,
                9116390.269117959
              ],
              [
                428528.3326654776,
                9116507.638249889
              ],
              [
                428540.34023408685,
                9116624.833233183
              ],
              [
                428554.1871401421,
                9116741.825151732
              ],
              [
                428569.8699671265,
                9116858.585139532
              ],
              [
                428587.38484553713,
                9116975.084387802
              ],
              [
                428606.72745383985,
                9117091.294152096
              ],
              [
                428627.8930195355,
                9117207.185759392
              ],
              [
                428650.8763203374,
                9117322.730615173
              ],
              [
                428675.6716854601,
                9117437.900210474
              ],
              [
                428702.2729970181,
                9117552.666128919
              ],
              [
                428730.67369153595,
                9117667.000053735
              ],
              [
                428760.8667615672,
                9117780.873774739
              ],
              [
                428792.8447574236,
                9117894.259195294
              ],
              [
                428826.5997890132,
                9118007.128339242
              ],
              [
                428862.12352778704,
                9118119.453357812
              ],
              [
                428899.4072087941,
                9118231.206536485
              ],
              [
                428938.441632844,
                9118342.36030184
              ],
              [
                428979.21716877667,
                9118452.887228344
              ],
              [
                429021.7237558388,
                9118562.760045135
              ],
              [
                429065.95090616605,
                9118671.951642739
              ],
              [
                429111.8877073708,
                9118780.43507976
              ],
              [
                429159.52282523486,
                9118888.183589539
              ],
              [
                429208.8445065055,
                9118995.170586737
              ],
              [
                429259.8405817961,
                9119101.369673919
              ],
              [
                429312.49846858793,
                9119206.754648047
              ],
              [
                429366.8051743355,
                9119311.299506953
              ],
              [
                429422.7472996717,
                9119414.978455763
              ],
              [
                429480.3110417143,
                9119517.765913242
              ],
              [
                429539.4821974711,
                9119619.636518128
              ],
              [
                429600.246167345,
                9119720.56513537
              ],
              [
                429662.5879587356,
                9119820.526862342
              ],
              [
                429726.49218973867,
                9119919.497034986
              ],
              [
                429791.9430929415,
                9120017.45123389
              ],
              [
                429858.92451931303,
                9120114.365290323
              ],
              [
                429927.4199421886,
                9120210.215292193
              ],
              [
                429997.4124613475,
                9120304.977589944
              ],
              [
                430068.884807183,
                9120398.628802396
              ],
              [
                430141.8193449632,
                9120491.145822518
              ],
              [
                430216.19807918224,
                9120582.505823115
              ],
              [
                430292.00265800045,
                9120672.686262475
              ],
              [
                430369.21437777224,
                9120761.664889926
              ],
              [
                430447.8141876611,
                9120849.419751324
              ],
              [
                430527.7826943401,
                9120935.929194465
              ],
              [
                430609.10016677674,
                9121021.171874441
              ],
              [
                430691.7465411016,
                9121105.1267589
              ],
              [
                430775.7014255583,
                9121187.773133224
              ],
              [
                430860.9441055355,
                9121269.09060566
              ],
              [
                430947.4535486774,
                9121349.059112338
              ],
              [
                431035.2084100733,
                9121427.658922229
              ],
              [
                431124.1870375243,
                9121504.870641999
              ],
              [
                431214.3674768855,
                9121580.675220817
              ],
              [
                431305.72747748287,
                9121655.053955037
              ],
              [
                431398.24449760333,
                9121727.988492817
              ],
              [
                431491.89571005653,
                9121799.460838653
              ],
              [
                431586.65800780716,
                9121869.453357812
              ],
              [
                431682.5080096761,
                9121937.948780688
              ],
              [
                431779.4220661097,
                9122004.930207059
              ],
              [
                431877.3762650147,
                9122070.381110262
              ],
              [
                431976.3464376582,
                9122134.285341265
              ],
              [
                432076.3081646311,
                9122196.627132656
              ],
              [
                432177.2367818729,
                9122257.39110253
              ],
              [
                432279.1073867576,
                9122316.562258286
              ],
              [
                432381.89484423783,
                9122374.126000328
              ],
              [
                432485.57379304635,
                9122430.068125665
              ],
              [
                432590.11865195405,
                9122484.374831412
              ],
              [
                432695.50362608134,
                9122537.032718204
              ],
              [
                432801.70271326264,
                9122588.028793495
              ],
              [
                432908.68971046235,
                9122637.350474766
              ],
              [
                433016.4382202398,
                9122684.98559263
              ],
              [
                433124.9216572625,
                9122730.922393834
              ],
              [
                433234.1132548656,
                9122775.14954416
              ],
              [
                433343.9860716562,
                9122817.656131223
              ],
              [
                433454.512998161,
                9122858.431667157
              ],
              [
                433565.6667635146,
                9122897.466091206
              ],
              [
                433677.4199421886,
                9122934.749772213
              ],
              [
                433789.7449607584,
                9122970.273510987
              ],
              [
                433902.61410470644,
                9123004.028542576
              ],
              [
                434015.9995252604,
                9123036.006538434
              ],
              [
                434129.8732462643,
                9123066.199608464
              ],
              [
                434244.2071710814,
                9123094.600302983
              ],
              [
                434358.97308952664,
                9123121.20161454
              ],
              [
                434474.14268482686,
                9123145.996979663
              ],
              [
                434589.68754060776,
                9123168.980280465
              ],
              [
                434705.5791479051,
                9123190.14584616
              ],
              [
                434821.788912199,
                9123209.488454463
              ],
              [
                434938.2881604688,
                9123227.003332874
              ],
              [
                435055.0481482684,
                9123242.686159858
              ],
              [
                435172.04006681783,
                9123256.533065913
              ],
              [
                435289.23505011183,
                9123268.540634522
              ],
              [
                435406.60418204183,
                9123278.705902997
              ],
              [
                435524.11850353086,
                9123287.02636321
              ],
              [
                435641.74901967833,
                9123293.499962214
              ],
              [
                435759.4667069147,
                9123298.125102744
              ],
              [
                435877.242520162,
                9123300.900643611
              ],
              [
                435995.0474000007,
                9123301.8259
              ],
              [
                436112.85227983934,
                9123300.900643611
              ],
              [
                436230.62809308665,
                9123298.125102744
              ],
              [
                436348.345780323,
                9123293.499962214
              ],
              [
                436465.97629647056,
                9123287.02636321
              ],
              [
                436583.4906179595,
                9123278.705902997
              ],
              [
                436700.8597498895,
                9123268.540634522
              ],
              [
                436818.0547331835,
                9123256.533065913
              ],
              [
                436935.04665173293,
                9123242.686159858
              ],
              [
                437051.80663953256,
                9123227.003332874
              ],
              [
                437168.3058878024,
                9123209.488454463
              ],
              [
                437284.51565209625,
                9123190.14584616
              ],
              [
                437400.4072593936,
                9123168.980280465
              ],
              [
                437515.9521151745,
                9123145.996979663
              ],
              [
                437631.1217104748,
                9123121.20161454
              ],
              [
                437745.88762891997,
                9123094.600302983
              ],
              [
                437860.22155373706,
                9123066.199608464
              ],
              [
                437974.095274741,
                9123036.006538434
              ],
              [
                438087.4806952949,
                9123004.028542576
              ],
              [
                438200.34983924293,
                9122970.273510987
              ],
              [
                438312.67485781276,
                9122934.749772213
              ],
              [
                438424.4280364868,
                9122897.466091206
              ],
              [
                438535.5818018404,
                9122858.431667157
              ],
              [
                438646.10872834513,
                9122817.656131223
              ],
              [
                438755.9815451358,
                9122775.14954416
              ],
              [
                438865.1731427389,
                9122730.922393834
              ],
              [
                438973.65657976153,
                9122684.98559263
              ],
              [
                439081.405089539,
                9122637.350474766
              ],
              [
                439188.3920867387,
                9122588.028793495
              ],
              [
                439294.59117392,
                9122537.032718204
              ],
              [
                439399.9761480473,
                9122484.374831412
              ],
              [
                439504.521006955,
                9122430.068125665
              ],
              [
                439608.1999557635,
                9122374.126000328
              ],
              [
                439710.98741324374,
                9122316.562258286
              ],
              [
                439812.8580181285,
                9122257.39110253
              ],
              [
                439913.7866353703,
                9122196.627132656
              ],
              [
                440013.7483623432,
                9122134.285341265
              ],
              [
                440112.71853498666,
                9122070.381110262
              ],
              [
                440210.67273389164,
                9122004.930207059
              ],
              [
                440307.5867903253,
                9121937.948780688
              ],
              [
                440403.43679219426,
                9121869.453357812
              ],
              [
                440498.1990899448,
                9121799.460838653
              ],
              [
                440591.85030239803,
                9121727.988492817
              ],
              [
                440684.3673225185,
                9121655.053955037
              ],
              [
                440775.72732311586,
                9121580.675220817
              ],
              [
                440865.90776247706,
                9121504.870641999
              ],
              [
                440954.88638992805,
                9121427.658922229
              ],
              [
                441042.641251324,
                9121349.059112338
              ],
              [
                441129.15069446585,
                9121269.09060566
              ],
              [
                441214.39337444305,
                9121187.773133224
              ],
              [
                441298.3482588998,
                9121105.1267589
              ],
              [
                441380.9946332246,
                9121021.171874441
              ],
              [
                441462.31210566126,
                9120935.929194465
              ],
              [
                441542.28061234026,
                9120849.419751324
              ],
              [
                441620.8804222291,
                9120761.664889926
              ],
              [
                441698.0921420009,
                9120672.686262475
              ],
              [
                441773.8967208191,
                9120582.505823115
              ],
              [
                441848.2754550382,
                9120491.145822518
              ],
              [
                441921.20999281836,
                9120398.628802396
              ],
              [
                441992.68233865383,
                9120304.977589944
              ],
              [
                442062.6748578128,
                9120210.215292193
              ],
              [
                442131.1702806884,
                9120114.365290323
              ],
              [
                442198.1517070599,
                9120017.45123389
              ],
              [
                442263.6026102627,
                9119919.497034986
              ],
              [
                442327.5068412658,
                9119820.526862342
              ],
              [
                442389.8486326564,
                9119720.56513537
              ],
              [
                442450.6126025303,
                9119619.636518128
              ],
              [
                442509.7837582871,
                9119517.765913242
              ],
              [
                442567.34750032966,
                9119414.978455763
              ],
              [
                442623.2896256659,
                9119311.299506953
              ],
              [
                442677.5963314134,
                9119206.754648047
              ],
              [
                442730.2542182053,
                9119101.369673919
              ],
              [
                442781.25029349583,
                9118995.170586737
              ],
              [
                442830.5719747665,
                9118888.183589539
              ],
              [
                442878.20709263056,
                9118780.43507976
              ],
              [
                442924.1438938353,
                9118671.951642739
              ],
              [
                442968.37104416254,
                9118562.760045135
              ],
              [
                443010.8776312247,
                9118452.887228344
              ],
              [
                443051.6531671574,
                9118342.36030184
              ],
              [
                443090.6875912073,
                9118231.206536485
              ],
              [
                443127.9712722143,
                9118119.453357812
              ],
              [
                443163.49501098815,
                9118007.128339242
              ],
              [
                443197.25004257774,
                9117894.259195294
              ],
              [
                443229.2280384342,
                9117780.873774739
              ],
              [
                443259.4211084654,
                9117667.000053735
              ],
              [
                443287.82180298324,
                9117552.666128919
              ],
              [
                443314.4231145413,
                9117437.900210474
              ],
              [
                443339.21847966395,
                9117322.730615173
              ],
              [
                443362.20178046584,
                9117207.185759392
              ],
              [
                443383.3673461615,
                9117091.294152096
              ],
              [
                443402.7099544642,
                9116975.084387802
              ],
              [
                443420.22483287484,
                9116858.585139532
              ],
              [
                443435.9076598593,
                9116741.825151732
              ],
              [
                443449.7545659145,
                9116624.833233183
              ],
              [
                443461.7621345238,
                9116507.638249889
              ],
              [
                443471.92740299914,
                9116390.269117959
              ],
              [
                443480.2478632127,
                9116272.75479647
              ],
              [
                443486.7214622155,
                9116155.124280322
              ],
              [
                443491.34660274367,
                9116037.406593086
              ],
              [
                443494.1221436131,
                9115919.630779838
              ],
              [
                443495.0474000007,
                9115801.8259
              ]
            ]
          ]
        ]
      }
    },
    {
      "type": "Feature",
      "properties": {
        "Id": 10,
        "ID": 10,
        "Nama": "Pos Damkar Rencana Tepus / Girisubo",
        "NAMA": "Pos Damkar Rencana Tepus / Girisubo",
        "nama": "Pos Damkar Rencana Tepus / Girisubo",
        "Kabupaten": "Kabupaten Gunungkidul",
        "Kategori": "Rencana"
      },
      "geometry": {
        "type": "MultiPolygon",
        "coordinates": [
          [
            [
              [
                473888.01085846295,
                9102377.827262877
              ],
              [
                473887.0856020754,
                9102260.022383038
              ],
              [
                473884.31006120594,
                9102142.24656979
              ],
              [
                473879.68492067774,
                9102024.528882554
              ],
              [
                473873.211321675,
                9101906.898366407
              ],
              [
                473864.8908614614,
                9101789.384044917
              ],
              [
                473854.72559298604,
                9101672.014912987
              ],
              [
                473842.7180243768,
                9101554.819929693
              ],
              [
                473828.87111832155,
                9101437.828011144
              ],
              [
                473813.1882913371,
                9101321.068023345
              ],
              [
                473795.6734129265,
                9101204.568775075
              ],
              [
                473776.3308046238,
                9101088.35901078
              ],
              [
                473755.1652389281,
                9100972.467403485
              ],
              [
                473732.1819381262,
                9100856.922547704
              ],
              [
                473707.38657300355,
                9100741.752952402
              ],
              [
                473680.7852614455,
                9100626.987033958
              ],
              [
                473652.3845669277,
                9100512.65310914
              ],
              [
                473622.19149689644,
                9100398.779388137
              ],
              [
                473590.21350104,
                9100285.393967582
              ],
              [
                473556.4584694504,
                9100172.524823634
              ],
              [
                473520.9347306766,
                9100060.199805064
              ],
              [
                473483.65104966954,
                9099948.446626391
              ],
              [
                473444.61662561964,
                9099837.292861037
              ],
              [
                473403.84108968696,
                9099726.765934533
              ],
              [
                473361.3345026248,
                9099616.89311774
              ],
              [
                473317.1073522976,
                9099507.701520137
              ],
              [
                473271.17055109283,
                9099399.218083115
              ],
              [
                473223.53543322877,
                9099291.469573338
              ],
              [
                473174.2137519581,
                9099184.48257614
              ],
              [
                473123.21767666755,
                9099078.283488957
              ],
              [
                473070.5597898757,
                9098972.89851483
              ],
              [
                473016.25308412814,
                9098868.353655923
              ],
              [
                472960.31095879193,
                9098764.674707113
              ],
              [
                472902.74721674935,
                9098661.887249634
              ],
              [
                472843.57606099255,
                9098560.016644748
              ],
              [
                472782.81209111866,
                9098459.088027507
              ],
              [
                472720.47029972804,
                9098359.126300534
              ],
              [
                472656.56606872496,
                9098260.15612789
              ],
              [
                472591.11516552215,
                9098162.201928986
              ],
              [
                472524.1337391506,
                9098065.287872553
              ],
              [
                472455.638316275,
                9097969.437870683
              ],
              [
                472385.6457971161,
                9097874.675572932
              ],
              [
                472314.1734512806,
                9097781.02436048
              ],
              [
                472241.23891350045,
                9097688.507340359
              ],
              [
                472166.8601792814,
                9097597.147339761
              ],
              [
                472091.0556004632,
                9097506.9669004
              ],
              [
                472013.8438806914,
                9097417.98827295
              ],
              [
                471935.2440708025,
                9097330.233411552
              ],
              [
                471855.2755641235,
                9097243.72396841
              ],
              [
                471773.9580916869,
                9097158.481288435
              ],
              [
                471691.311717362,
                9097074.526403977
              ],
              [
                471607.3568329053,
                9096991.880029652
              ],
              [
                471522.1141529281,
                9096910.562557217
              ],
              [
                471435.60470978625,
                9096830.594050538
              ],
              [
                471347.8498483903,
                9096751.994240647
              ],
              [
                471258.8712209393,
                9096674.782520877
              ],
              [
                471168.69078157813,
                9096598.977942059
              ],
              [
                471077.33078098076,
                9096524.599207839
              ],
              [
                470984.8137608603,
                9096451.66467006
              ],
              [
                470891.1625484071,
                9096380.192324223
              ],
              [
                470796.4002506565,
                9096310.199805064
              ],
              [
                470700.55024878756,
                9096241.704382189
              ],
              [
                470603.6361923539,
                9096174.722955817
              ],
              [
                470505.68199344893,
                9096109.272052614
              ],
              [
                470406.71182080545,
                9096045.367821611
              ],
              [
                470306.75009383255,
                9095983.02603022
              ],
              [
                470205.82147659076,
                9095922.262060346
              ],
              [
                470103.950871706,
                9095863.09090459
              ],
              [
                470001.1634142258,
                9095805.527162548
              ],
              [
                469897.4844654173,
                9095749.585037211
              ],
              [
                469792.9396065095,
                9095695.278331464
              ],
              [
                469687.5546323823,
                9095642.620444672
              ],
              [
                469581.355545201,
                9095591.624369381
              ],
              [
                469474.3685480013,
                9095542.30268811
              ],
              [
                469366.6200382238,
                9095494.667570246
              ],
              [
                469258.13660120114,
                9095448.730769042
              ],
              [
                469148.94500359806,
                9095404.503618715
              ],
              [
                469039.0721868074,
                9095361.997031653
              ],
              [
                468928.5452603026,
                9095321.22149572
              ],
              [
                468817.39149494906,
                9095282.18707167
              ],
              [
                468705.638316275,
                9095244.903390663
              ],
              [
                468593.3132977052,
                9095209.37965189
              ],
              [
                468480.4441537572,
                9095175.6246203
              ],
              [
                468367.0587332032,
                9095143.646624442
              ],
              [
                468253.18501219933,
                9095113.453554412
              ],
              [
                468138.85108738224,
                9095085.052859893
              ],
              [
                468024.085168937,
                9095058.451548336
              ],
              [
                467908.91557363677,
                9095033.656183213
              ],
              [
                467793.37071785587,
                9095010.672882412
              ],
              [
                467677.4791105585,
                9094989.507316716
              ],
              [
                467561.26934626466,
                9094970.164708413
              ],
              [
                467444.7700979948,
                9094952.649830002
              ],
              [
                467328.0101101952,
                9094936.967003018
              ],
              [
                467211.0181916458,
                9094923.120096963
              ],
              [
                467093.8232083518,
                9094911.112528354
              ],
              [
                466976.4540764218,
                9094900.947259879
              ],
              [
                466858.93975493277,
                9094892.626799665
              ],
              [
                466741.3092387853,
                9094886.153200662
              ],
              [
                466623.5915515489,
                9094881.528060133
              ],
              [
                466505.8157383016,
                9094878.752519265
              ],
              [
                466388.01085846295,
                9094877.827262877
              ],
              [
                466270.2059786243,
                9094878.752519265
              ],
              [
                466152.430165377,
                9094881.528060133
              ],
              [
                466034.7124781406,
                9094886.153200662
              ],
              [
                465917.08196199307,
                9094892.626799665
              ],
              [
                465799.5676405041,
                9094900.947259879
              ],
              [
                465682.1985085741,
                9094911.112528354
              ],
              [
                465565.0035252801,
                9094923.120096963
              ],
              [
                465448.01160673064,
                9094936.967003018
              ],
              [
                465331.25161893107,
                9094952.649830002
              ],
              [
                465214.75237066124,
                9094970.164708413
              ],
              [
                465098.5426063674,
                9094989.507316716
              ],
              [
                464982.65099907,
                9095010.672882412
              ],
              [
                464867.10614328913,
                9095033.656183213
              ],
              [
                464751.93654798885,
                9095058.451548336
              ],
              [
                464637.17062954366,
                9095085.052859893
              ],
              [
                464522.83670472656,
                9095113.453554412
              ],
              [
                464408.9629837226,
                9095143.646624442
              ],
              [
                464295.5775631687,
                9095175.6246203
              ],
              [
                464182.7084192207,
                9095209.37965189
              ],
              [
                464070.38340065087,
                9095244.903390663
              ],
              [
                463958.63022197684,
                9095282.18707167
              ],
              [
                463847.4764566233,
                9095321.22149572
              ],
              [
                463736.9495301185,
                9095361.997031653
              ],
              [
                463627.07671332784,
                9095404.503618715
              ],
              [
                463517.88511572476,
                9095448.730769042
              ],
              [
                463409.4016787021,
                9095494.667570246
              ],
              [
                463301.6531689246,
                9095542.30268811
              ],
              [
                463194.6661717249,
                9095591.624369381
              ],
              [
                463088.4670845436,
                9095642.620444672
              ],
              [
                462983.0821104164,
                9095695.278331464
              ],
              [
                462878.5372515086,
                9095749.585037211
              ],
              [
                462774.8583027001,
                9095805.527162548
              ],
              [
                462672.0708452199,
                9095863.09090459
              ],
              [
                462570.20024033514,
                9095922.262060346
              ],
              [
                462469.27162309334,
                9095983.02603022
              ],
              [
                462369.30989612045,
                9096045.367821611
              ],
              [
                462270.33972347697,
                9096109.272052614
              ],
              [
                462172.385524572,
                9096174.722955817
              ],
              [
                462075.47146813833,
                9096241.704382189
              ],
              [
                461979.6214662694,
                9096310.199805064
              ],
              [
                461884.8591685188,
                9096380.192324223
              ],
              [
                461791.2079560656,
                9096451.66467006
              ],
              [
                461698.69093594514,
                9096524.599207839
              ],
              [
                461607.33093534777,
                9096598.977942059
              ],
              [
                461517.15049598657,
                9096674.782520877
              ],
              [
                461428.1718685356,
                9096751.994240647
              ],
              [
                461340.41700713965,
                9096830.594050538
              ],
              [
                461253.9075639978,
                9096910.562557217
              ],
              [
                461168.6648840206,
                9096991.880029652
              ],
              [
                461084.7099995639,
                9097074.526403977
              ],
              [
                461002.063625239,
                9097158.481288435
              ],
              [
                460920.74615280237,
                9097243.72396841
              ],
              [
                460840.7776461234,
                9097330.233411552
              ],
              [
                460762.1778362345,
                9097417.98827295
              ],
              [
                460684.9661164627,
                9097506.9669004
              ],
              [
                460609.1615376445,
                9097597.147339761
              ],
              [
                460534.78280342545,
                9097688.507340359
              ],
              [
                460461.84826564527,
                9097781.02436048
              ],
              [
                460390.3759198098,
                9097874.675572932
              ],
              [
                460320.38340065087,
                9097969.437870683
              ],
              [
                460251.88797777524,
                9098065.287872553
              ],
              [
                460184.90655140375,
                9098162.201928986
              ],
              [
                460119.45564820094,
                9098260.15612789
              ],
              [
                460055.55141719786,
                9098359.126300534
              ],
              [
                459993.20962580724,
                9098459.088027507
              ],
              [
                459932.44565593335,
                9098560.016644748
              ],
              [
                459873.27450017654,
                9098661.887249634
              ],
              [
                459815.71075813397,
                9098764.674707113
              ],
              [
                459759.76863279776,
                9098868.353655923
              ],
              [
                459705.4619270502,
                9098972.89851483
              ],
              [
                459652.80404025834,
                9099078.283488957
              ],
              [
                459601.8079649678,
                9099184.48257614
              ],
              [
                459552.48628369713,
                9099291.469573338
              ],
              [
                459504.85116583307,
                9099399.218083115
              ],
              [
                459458.9143646283,
                9099507.701520137
              ],
              [
                459414.6872143011,
                9099616.89311774
              ],
              [
                459372.18062723894,
                9099726.765934533
              ],
              [
                459331.40509130625,
                9099837.292861037
              ],
              [
                459292.37066725636,
                9099948.446626391
              ],
              [
                459255.0869862493,
                9100060.199805064
              ],
              [
                459219.5632474755,
                9100172.524823634
              ],
              [
                459185.8082158859,
                9100285.393967582
              ],
              [
                459153.83022002946,
                9100398.779388137
              ],
              [
                459123.6371499982,
                9100512.65310914
              ],
              [
                459095.2364554804,
                9100626.987033958
              ],
              [
                459068.63514392235,
                9100741.752952402
              ],
              [
                459043.8397787997,
                9100856.922547704
              ],
              [
                459020.8564779978,
                9100972.467403485
              ],
              [
                458999.6909123021,
                9101088.35901078
              ],
              [
                458980.3483039994,
                9101204.568775075
              ],
              [
                458962.8334255888,
                9101321.068023345
              ],
              [
                458947.15059860435,
                9101437.828011144
              ],
              [
                458933.3036925491,
                9101554.819929693
              ],
              [
                458921.29612393986,
                9101672.014912987
              ],
              [
                458911.1308554645,
                9101789.384044917
              ],
              [
                458902.8103952509,
                9101906.898366407
              ],
              [
                458896.33679624816,
                9102024.528882554
              ],
              [
                458891.71165571996,
                9102142.24656979
              ],
              [
                458888.9361148505,
                9102260.022383038
              ],
              [
                458888.01085846295,
                9102377.827262877
              ],
              [
                458888.9361148505,
                9102495.632142715
              ],
              [
                458891.71165571996,
                9102613.407955963
              ],
              [
                458896.33679624816,
                9102731.1256432
              ],
              [
                458902.8103952509,
                9102848.756159347
              ],
              [
                458911.1308554645,
                9102966.270480836
              ],
              [
                458921.29612393986,
                9103083.639612766
              ],
              [
                458933.3036925491,
                9103200.83459606
              ],
              [
                458947.15059860435,
                9103317.82651461
              ],
              [
                458962.8334255888,
                9103434.586502409
              ],
              [
                458980.3483039994,
                9103551.085750679
              ],
              [
                458999.6909123021,
                9103667.295514973
              ],
              [
                459020.8564779978,
                9103783.187122269
              ],
              [
                459043.8397787997,
                9103898.73197805
              ],
              [
                459068.63514392235,
                9104013.90157335
              ],
              [
                459095.2364554804,
                9104128.667491795
              ],
              [
                459123.6371499982,
                9104243.001416612
              ],
              [
                459153.83022002946,
                9104356.875137616
              ],
              [
                459185.8082158859,
                9104470.260558171
              ],
              [
                459219.5632474755,
                9104583.12970212
              ],
              [
                459255.0869862493,
                9104695.454720689
              ],
              [
                459292.37066725636,
                9104807.207899362
              ],
              [
                459331.40509130625,
                9104918.361664716
              ],
              [
                459372.18062723894,
                9105028.88859122
              ],
              [
                459414.6872143011,
                9105138.761408012
              ],
              [
                459458.9143646283,
                9105247.953005616
              ],
              [
                459504.85116583307,
                9105356.436442638
              ],
              [
                459552.48628369713,
                9105464.184952416
              ],
              [
                459601.8079649678,
                9105571.171949614
              ],
              [
                459652.80404025834,
                9105677.371036796
              ],
              [
                459705.4619270502,
                9105782.756010924
              ],
              [
                459759.76863279776,
                9105887.30086983
              ],
              [
                459815.71075813397,
                9105990.97981864
              ],
              [
                459873.27450017654,
                9106093.76727612
              ],
              [
                459932.44565593335,
                9106195.637881005
              ],
              [
                459993.20962580724,
                9106296.566498246
              ],
              [
                460055.55141719786,
                9106396.528225219
              ],
              [
                460119.45564820094,
                9106495.498397863
              ],
              [
                460184.90655140375,
                9106593.452596767
              ],
              [
                460251.8879777753,
                9106690.3666532
              ],
              [
                460320.38340065087,
                9106786.21665507
              ],
              [
                460390.3759198098,
                9106880.978952821
              ],
              [
                460461.84826564527,
                9106974.630165273
              ],
              [
                460534.78280342545,
                9107067.147185395
              ],
              [
                460609.1615376445,
                9107158.507185992
              ],
              [
                460684.9661164627,
                9107248.687625352
              ],
              [
                460762.1778362345,
                9107337.666252803
              ],
              [
                460840.7776461234,
                9107425.4211142
              ],
              [
                460920.74615280237,
                9107511.930557342
              ],
              [
                461002.063625239,
                9107597.173237318
              ],
              [
                461084.7099995639,
                9107681.128121777
              ],
              [
                461168.6648840206,
                9107763.7744961
              ],
              [
                461253.9075639978,
                9107845.091968536
              ],
              [
                461340.41700713965,
                9107925.060475215
              ],
              [
                461428.1718685356,
                9108003.660285106
              ],
              [
                461517.15049598657,
                9108080.872004876
              ],
              [
                461607.33093534777,
                9108156.676583694
              ],
              [
                461698.69093594514,
                9108231.055317914
              ],
              [
                461791.2079560656,
                9108303.989855694
              ],
              [
                461884.8591685188,
                9108375.46220153
              ],
              [
                461979.6214662694,
                9108445.454720689
              ],
              [
                462075.4714681384,
                9108513.950143564
              ],
              [
                462172.385524572,
                9108580.931569936
              ],
              [
                462270.33972347697,
                9108646.38247314
              ],
              [
                462369.30989612045,
                9108710.286704142
              ],
              [
                462469.27162309334,
                9108772.628495533
              ],
              [
                462570.2002403352,
                9108833.392465407
              ],
              [
                462672.0708452199,
                9108892.563621163
              ],
              [
                462774.8583027001,
                9108950.127363205
              ],
              [
                462878.5372515086,
                9109006.069488542
              ],
              [
                462983.0821104163,
                9109060.376194289
              ],
              [
                463088.4670845436,
                9109113.03408108
              ],
              [
                463194.6661717249,
                9109164.030156372
              ],
              [
                463301.6531689246,
                9109213.351837642
              ],
              [
                463409.4016787021,
                9109260.986955507
              ],
              [
                463517.88511572476,
                9109306.923756711
              ],
              [
                463627.07671332784,
                9109351.150907038
              ],
              [
                463736.9495301185,
                9109393.6574941
              ],
              [
                463847.4764566233,
                9109434.433030033
              ],
              [
                463958.63022197684,
                9109473.467454083
              ],
              [
                464070.38340065087,
                9109510.75113509
              ],
              [
                464182.7084192207,
                9109546.274873864
              ],
              [
                464295.5775631687,
                9109580.029905453
              ],
              [
                464408.9629837227,
                9109612.00790131
              ],
              [
                464522.83670472656,
                9109642.20097134
              ],
              [
                464637.17062954366,
                9109670.60166586
              ],
              [
                464751.9365479889,
                9109697.202977417
              ],
              [
                464867.10614328913,
                9109721.99834254
              ],
              [
                464982.65099907,
                9109744.981643341
              ],
              [
                465098.5426063674,
                9109766.147209037
              ],
              [
                465214.75237066124,
                9109785.48981734
              ],
              [
                465331.25161893107,
                9109803.00469575
              ],
              [
                465448.0116067307,
                9109818.687522735
              ],
              [
                465565.0035252801,
                9109832.53442879
              ],
              [
                465682.1985085741,
                9109844.5419974
              ],
              [
                465799.5676405041,
                9109854.707265874
              ],
              [
                465917.0819619931,
                9109863.027726088
              ],
              [
                466034.7124781406,
                9109869.501325091
              ],
              [
                466152.430165377,
                9109874.12646562
              ],
              [
                466270.2059786243,
                9109876.902006488
              ],
              [
                466388.01085846295,
                9109877.827262877
              ],
              [
                466505.8157383016,
                9109876.902006488
              ],
              [
                466623.5915515489,
                9109874.126465619
              ],
              [
                466741.3092387853,
                9109869.501325091
              ],
              [
                466858.9397549328,
                9109863.027726088
              ],
              [
                466976.4540764218,
                9109854.707265874
              ],
              [
                467093.8232083518,
                9109844.5419974
              ],
              [
                467211.0181916458,
                9109832.53442879
              ],
              [
                467328.0101101952,
                9109818.687522735
              ],
              [
                467444.7700979948,
                9109803.00469575
              ],
              [
                467561.26934626466,
                9109785.48981734
              ],
              [
                467677.4791105585,
                9109766.147209037
              ],
              [
                467793.37071785587,
                9109744.981643341
              ],
              [
                467908.91557363677,
                9109721.99834254
              ],
              [
                468024.08516893705,
                9109697.202977417
              ],
              [
                468138.85108738224,
                9109670.60166586
              ],
              [
                468253.18501219933,
                9109642.20097134
              ],
              [
                468367.0587332033,
                9109612.00790131
              ],
              [
                468480.4441537572,
                9109580.029905453
              ],
              [
                468593.3132977052,
                9109546.274873864
              ],
              [
                468705.638316275,
                9109510.75113509
              ],
              [
                468817.39149494906,
                9109473.467454083
              ],
              [
                468928.54526030266,
                9109434.433030033
              ],
              [
                469039.0721868074,
                9109393.6574941
              ],
              [
                469148.94500359806,
                9109351.150907038
              ],
              [
                469258.13660120114,
                9109306.923756711
              ],
              [
                469366.6200382238,
                9109260.986955507
              ],
              [
                469474.3685480013,
                9109213.351837642
              ],
              [
                469581.355545201,
                9109164.030156372
              ],
              [
                469687.5546323823,
                9109113.03408108
              ],
              [
                469792.9396065096,
                9109060.376194289
              ],
              [
                469897.4844654173,
                9109006.069488542
              ],
              [
                470001.1634142258,
                9108950.127363205
              ],
              [
                470103.950871706,
                9108892.563621163
              ],
              [
                470205.82147659076,
                9108833.392465407
              ],
              [
                470306.75009383255,
                9108772.628495533
              ],
              [
                470406.71182080545,
                9108710.286704142
              ],
              [
                470505.68199344893,
                9108646.38247314
              ],
              [
                470603.6361923539,
                9108580.931569936
              ],
              [
                470700.55024878756,
                9108513.950143564
              ],
              [
                470796.40025065653,
                9108445.454720689
              ],
              [
                470891.1625484071,
                9108375.46220153
              ],
              [
                470984.8137608603,
                9108303.989855694
              ],
              [
                471077.33078098076,
                9108231.055317914
              ],
              [
                471168.69078157813,
                9108156.676583694
              ],
              [
                471258.8712209393,
                9108080.872004876
              ],
              [
                471347.8498483903,
                9108003.660285106
              ],
              [
                471435.60470978625,
                9107925.060475215
              ],
              [
                471522.1141529281,
                9107845.091968536
              ],
              [
                471607.3568329053,
                9107763.7744961
              ],
              [
                471691.3117173621,
                9107681.128121777
              ],
              [
                471773.9580916869,
                9107597.173237318
              ],
              [
                471855.2755641235,
                9107511.930557342
              ],
              [
                471935.2440708025,
                9107425.4211142
              ],
              [
                472013.8438806914,
                9107337.666252803
              ],
              [
                472091.0556004632,
                9107248.687625352
              ],
              [
                472166.8601792814,
                9107158.507185992
              ],
              [
                472241.23891350045,
                9107067.147185395
              ],
              [
                472314.1734512806,
                9106974.630165273
              ],
              [
                472385.6457971161,
                9106880.978952821
              ],
              [
                472455.6383162751,
                9106786.21665507
              ],
              [
                472524.13373915065,
                9106690.3666532
              ],
              [
                472591.11516552215,
                9106593.452596767
              ],
              [
                472656.56606872496,
                9106495.498397863
              ],
              [
                472720.47029972804,
                9106396.528225219
              ],
              [
                472782.81209111866,
                9106296.566498246
              ],
              [
                472843.57606099255,
                9106195.637881005
              ],
              [
                472902.74721674935,
                9106093.76727612
              ],
              [
                472960.31095879193,
                9105990.97981864
              ],
              [
                473016.25308412814,
                9105887.30086983
              ],
              [
                473070.5597898757,
                9105782.756010924
              ],
              [
                473123.21767666755,
                9105677.371036796
              ],
              [
                473174.2137519581,
                9105571.171949614
              ],
              [
                473223.53543322877,
                9105464.184952416
              ],
              [
                473271.17055109283,
                9105356.436442638
              ],
              [
                473317.1073522976,
                9105247.953005616
              ],
              [
                473361.3345026248,
                9105138.761408012
              ],
              [
                473403.84108968696,
                9105028.88859122
              ],
              [
                473444.61662561964,
                9104918.361664716
              ],
              [
                473483.65104966954,
                9104807.207899362
              ],
              [
                473520.9347306766,
                9104695.454720689
              ],
              [
                473556.4584694504,
                9104583.12970212
              ],
              [
                473590.21350104,
                9104470.260558171
              ],
              [
                473622.19149689644,
                9104356.875137616
              ],
              [
                473652.3845669277,
                9104243.001416612
              ],
              [
                473680.7852614455,
                9104128.667491795
              ],
              [
                473707.38657300355,
                9104013.90157335
              ],
              [
                473732.1819381262,
                9103898.73197805
              ],
              [
                473755.1652389281,
                9103783.187122269
              ],
              [
                473776.3308046238,
                9103667.295514973
              ],
              [
                473795.6734129265,
                9103551.085750679
              ],
              [
                473813.1882913371,
                9103434.586502409
              ],
              [
                473828.87111832155,
                9103317.82651461
              ],
              [
                473842.7180243768,
                9103200.83459606
              ],
              [
                473854.72559298604,
                9103083.639612766
              ],
              [
                473864.8908614614,
                9102966.270480836
              ],
              [
                473873.211321675,
                9102848.756159347
              ],
              [
                473879.68492067774,
                9102731.1256432
              ],
              [
                473884.31006120594,
                9102613.407955963
              ],
              [
                473887.0856020754,
                9102495.632142715
              ],
              [
                473888.01085846295,
                9102377.827262877
              ]
            ]
          ]
        ]
      }
    },
    {
      "type": "Feature",
      "properties": {
        "Id": 11,
        "ID": 11,
        "Nama": "Pos Damkar Rencana Paliyan / Playen",
        "NAMA": "Pos Damkar Rencana Paliyan / Playen",
        "nama": "Pos Damkar Rencana Paliyan / Playen",
        "Kabupaten": "Kabupaten Gunungkidul",
        "Kategori": "Rencana"
      },
      "geometry": {
        "type": "MultiPolygon",
        "coordinates": [
          [
            [
              [
                462065.71485609334,
                9113107.976712188
              ],
              [
                462064.7895997058,
                9112990.17183235
              ],
              [
                462062.0140588363,
                9112872.396019101
              ],
              [
                462057.38891830813,
                9112754.678331865
              ],
              [
                462050.9153193054,
                9112637.047815718
              ],
              [
                462042.5948590918,
                9112519.533494228
              ],
              [
                462032.42959061643,
                9112402.164362298
              ],
              [
                462020.4220220072,
                9112284.969379004
              ],
              [
                462006.57511595194,
                9112167.977460455
              ],
              [
                461990.8922889675,
                9112051.217472656
              ],
              [
                461973.3774105569,
                9111934.718224386
              ],
              [
                461954.0348022542,
                9111818.508460091
              ],
              [
                461932.8692365585,
                9111702.616852796
              ],
              [
                461909.8859357566,
                9111587.071997015
              ],
              [
                461885.09057063394,
                9111471.902401714
              ],
              [
                461858.4892590759,
                9111357.136483269
              ],
              [
                461830.0885645581,
                9111242.802558452
              ],
              [
                461799.89549452683,
                9111128.928837448
              ],
              [
                461767.9174986704,
                9111015.543416893
              ],
              [
                461734.1624670808,
                9110902.674272945
              ],
              [
                461698.638728307,
                9110790.349254375
              ],
              [
                461661.35504729993,
                9110678.596075702
              ],
              [
                461622.32062325004,
                9110567.442310348
              ],
              [
                461581.54508731735,
                9110456.915383844
              ],
              [
                461539.0385002552,
                9110347.042567052
              ],
              [
                461494.811349928,
                9110237.850969449
              ],
              [
                461448.8745487232,
                9110129.367532426
              ],
              [
                461401.23943085916,
                9110021.619022649
              ],
              [
                461351.9177495885,
                9109914.63202545
              ],
              [
                461300.92167429795,
                9109808.432938268
              ],
              [
                461248.2637875061,
                9109703.04796414
              ],
              [
                461193.95708175853,
                9109598.503105234
              ],
              [
                461138.0149564223,
                9109494.824156424
              ],
              [
                461080.45121437975,
                9109392.036698945
              ],
              [
                461021.28005862294,
                9109290.16609406
              ],
              [
                460960.51608874905,
                9109189.237476818
              ],
              [
                460898.17429735843,
                9109089.275749845
              ],
              [
                460834.27006635536,
                9108990.305577202
              ],
              [
                460768.81916315254,
                9108892.351378297
              ],
              [
                460701.837736781,
                9108795.437321864
              ],
              [
                460633.3423139054,
                9108699.587319994
              ],
              [
                460563.3497947465,
                9108604.825022243
              ],
              [
                460491.877448911,
                9108511.173809791
              ],
              [
                460418.94291113084,
                9108418.65678967
              ],
              [
                460344.5641769118,
                9108327.296789072
              ],
              [
                460268.7595980936,
                9108237.116349712
              ],
              [
                460191.5478783218,
                9108148.137722261
              ],
              [
                460112.9480684329,
                9108060.382860864
              ],
              [
                460032.9795617539,
                9107973.873417722
              ],
              [
                459951.6620893173,
                9107888.630737746
              ],
              [
                459869.0157149924,
                9107804.675853288
              ],
              [
                459785.0608305357,
                9107722.029478963
              ],
              [
                459699.8181505585,
                9107640.712006528
              ],
              [
                459613.30870741664,
                9107560.743499849
              ],
              [
                459525.5538460207,
                9107482.143689958
              ],
              [
                459436.5752185697,
                9107404.931970188
              ],
              [
                459346.3947792085,
                9107329.12739137
              ],
              [
                459255.03477861115,
                9107254.74865715
              ],
              [
                459162.5177584907,
                9107181.81411937
              ],
              [
                459068.8665460375,
                9107110.341773534
              ],
              [
                458974.10424828687,
                9107040.349254375
              ],
              [
                458878.25424641796,
                9106971.8538315
              ],
              [
                458781.3401899843,
                9106904.872405129
              ],
              [
                458683.3859910793,
                9106839.421501925
              ],
              [
                458584.41581843584,
                9106775.517270923
              ],
              [
                458484.45409146295,
                9106713.175479531
              ],
              [
                458383.52547422115,
                9106652.411509657
              ],
              [
                458281.6548693364,
                9106593.240353901
              ],
              [
                458178.8674118562,
                9106535.67661186
              ],
              [
                458075.18846304767,
                9106479.734486522
              ],
              [
                457970.6436041399,
                9106425.427780775
              ],
              [
                457865.2586300127,
                9106372.769893983
              ],
              [
                457759.0595428314,
                9106321.773818692
              ],
              [
                457652.0725456317,
                9106272.452137422
              ],
              [
                457544.3240358542,
                9106224.817019558
              ],
              [
                457435.84059883154,
                9106178.880218353
              ],
              [
                457326.64900122845,
                9106134.653068027
              ],
              [
                457216.7761844378,
                9106092.146480964
              ],
              [
                457106.249257933,
                9106051.37094503
              ],
              [
                456995.09549257945,
                9106012.336520981
              ],
              [
                456883.3423139054,
                9105975.052839974
              ],
              [
                456771.0172953356,
                9105939.5291012
              ],
              [
                456658.1481513876,
                9105905.774069611
              ],
              [
                456544.7627308336,
                9105873.796073753
              ],
              [
                456430.8890098297,
                9105843.603003724
              ],
              [
                456316.55508501263,
                9105815.202309204
              ],
              [
                456201.7891665674,
                9105788.600997647
              ],
              [
                456086.61957126716,
                9105763.805632524
              ],
              [
                455971.07471548626,
                9105740.822331723
              ],
              [
                455855.1831081889,
                9105719.656766027
              ],
              [
                455738.97334389505,
                9105700.314157724
              ],
              [
                455622.4740956252,
                9105682.799279314
              ],
              [
                455505.7141078256,
                9105667.116452329
              ],
              [
                455388.7221892762,
                9105653.269546274
              ],
              [
                455271.5272059822,
                9105641.261977665
              ],
              [
                455154.1580740522,
                9105631.09670919
              ],
              [
                455036.64375256316,
                9105622.776248977
              ],
              [
                454919.0132364157,
                9105616.302649973
              ],
              [
                454801.2955491793,
                9105611.677509444
              ],
              [
                454683.519735932,
                9105608.901968576
              ],
              [
                454565.71485609334,
                9105607.976712188
              ],
              [
                454447.9099762547,
                9105608.901968576
              ],
              [
                454330.1341630074,
                9105611.677509444
              ],
              [
                454212.416475771,
                9105616.302649973
              ],
              [
                454094.78595962346,
                9105622.776248977
              ],
              [
                453977.2716381345,
                9105631.09670919
              ],
              [
                453859.9025062045,
                9105641.261977665
              ],
              [
                453742.7075229105,
                9105653.269546274
              ],
              [
                453625.71560436103,
                9105667.116452329
              ],
              [
                453508.95561656146,
                9105682.799279314
              ],
              [
                453392.45636829163,
                9105700.314157724
              ],
              [
                453276.2466039978,
                9105719.656766027
              ],
              [
                453160.3549967004,
                9105740.822331723
              ],
              [
                453044.8101409195,
                9105763.805632524
              ],
              [
                452929.64054561924,
                9105788.600997647
              ],
              [
                452814.87462717405,
                9105815.202309204
              ],
              [
                452700.54070235696,
                9105843.603003724
              ],
              [
                452586.666981353,
                9105873.796073753
              ],
              [
                452473.2815607991,
                9105905.774069611
              ],
              [
                452360.4124168511,
                9105939.5291012
              ],
              [
                452248.08739828126,
                9105975.052839974
              ],
              [
                452136.33421960723,
                9106012.336520981
              ],
              [
                452025.1804542537,
                9106051.37094503
              ],
              [
                451914.6535277489,
                9106092.146480964
              ],
              [
                451804.78071095824,
                9106134.653068027
              ],
              [
                451695.58911335515,
                9106178.880218353
              ],
              [
                451587.1056763325,
                9106224.817019558
              ],
              [
                451479.357166555,
                9106272.452137422
              ],
              [
                451372.3701693553,
                9106321.773818692
              ],
              [
                451266.171082174,
                9106372.769893983
              ],
              [
                451160.78610804677,
                9106425.427780775
              ],
              [
                451056.241249139,
                9106479.734486522
              ],
              [
                450952.5623003305,
                9106535.67661186
              ],
              [
                450849.7748428503,
                9106593.240353901
              ],
              [
                450747.90423796553,
                9106652.411509657
              ],
              [
                450646.97562072374,
                9106713.175479531
              ],
              [
                450547.01389375085,
                9106775.517270923
              ],
              [
                450448.04372110736,
                9106839.421501925
              ],
              [
                450350.0895222024,
                9106904.872405129
              ],
              [
                450253.1754657687,
                9106971.8538315
              ],
              [
                450157.3254638998,
                9107040.349254375
              ],
              [
                450062.5631661492,
                9107110.341773534
              ],
              [
                449968.911953696,
                9107181.81411937
              ],
              [
                449876.39493357553,
                9107254.74865715
              ],
              [
                449785.03493297816,
                9107329.12739137
              ],
              [
                449694.85449361696,
                9107404.931970188
              ],
              [
                449605.87586616597,
                9107482.143689958
              ],
              [
                449518.12100477004,
                9107560.743499849
              ],
              [
                449431.6115616282,
                9107640.712006528
              ],
              [
                449346.36888165097,
                9107722.029478963
              ],
              [
                449262.41399719426,
                9107804.675853288
              ],
              [
                449179.7676228694,
                9107888.630737746
              ],
              [
                449098.45015043276,
                9107973.873417722
              ],
              [
                449018.48164375377,
                9108060.382860864
              ],
              [
                448939.8818338649,
                9108148.137722261
              ],
              [
                448862.6701140931,
                9108237.116349712
              ],
              [
                448786.8655352749,
                9108327.296789072
              ],
              [
                448712.48680105584,
                9108418.65678967
              ],
              [
                448639.55226327566,
                9108511.173809791
              ],
              [
                448568.0799174402,
                9108604.825022243
              ],
              [
                448498.08739828126,
                9108699.587319994
              ],
              [
                448429.59197540564,
                9108795.437321864
              ],
              [
                448362.61054903414,
                9108892.351378297
              ],
              [
                448297.1596458313,
                9108990.305577202
              ],
              [
                448233.25541482825,
                9109089.275749845
              ],
              [
                448170.91362343763,
                9109189.237476818
              ],
              [
                448110.14965356374,
                9109290.16609406
              ],
              [
                448050.97849780694,
                9109392.036698945
              ],
              [
                447993.41475576436,
                9109494.824156424
              ],
              [
                447937.47263042815,
                9109598.503105234
              ],
              [
                447883.1659246806,
                9109703.04796414
              ],
              [
                447830.50803788874,
                9109808.432938268
              ],
              [
                447779.5119625982,
                9109914.63202545
              ],
              [
                447730.1902813275,
                9110021.619022649
              ],
              [
                447682.55516346346,
                9110129.367532426
              ],
              [
                447636.6183622587,
                9110237.850969449
              ],
              [
                447592.3912119315,
                9110347.042567052
              ],
              [
                447549.88462486933,
                9110456.915383844
              ],
              [
                447509.10908893665,
                9110567.442310348
              ],
              [
                447470.07466488675,
                9110678.596075702
              ],
              [
                447432.7909838797,
                9110790.349254375
              ],
              [
                447397.2672451059,
                9110902.674272945
              ],
              [
                447363.5122135163,
                9111015.543416893
              ],
              [
                447331.53421765985,
                9111128.928837448
              ],
              [
                447301.3411476286,
                9111242.802558452
              ],
              [
                447272.9404531108,
                9111357.136483269
              ],
              [
                447246.33914155274,
                9111471.902401714
              ],
              [
                447221.5437764301,
                9111587.071997015
              ],
              [
                447198.5604756282,
                9111702.616852796
              ],
              [
                447177.3949099325,
                9111818.508460091
              ],
              [
                447158.0523016298,
                9111934.718224386
              ],
              [
                447140.5374232192,
                9112051.217472656
              ],
              [
                447124.85459623474,
                9112167.977460455
              ],
              [
                447111.0076901795,
                9112284.969379004
              ],
              [
                447099.00012157025,
                9112402.164362298
              ],
              [
                447088.8348530949,
                9112519.533494228
              ],
              [
                447080.5143928813,
                9112637.047815718
              ],
              [
                447074.04079387855,
                9112754.678331865
              ],
              [
                447069.41565335036,
                9112872.396019101
              ],
              [
                447066.6401124809,
                9112990.17183235
              ],
              [
                447065.71485609334,
                9113107.976712188
              ],
              [
                447066.6401124809,
                9113225.781592026
              ],
              [
                447069.41565335036,
                9113343.557405274
              ],
              [
                447074.04079387855,
                9113461.27509251
              ],
              [
                447080.5143928813,
                9113578.905608658
              ],
              [
                447088.8348530949,
                9113696.419930147
              ],
              [
                447099.00012157025,
                9113813.789062077
              ],
              [
                447111.0076901795,
                9113930.984045371
              ],
              [
                447124.85459623474,
                9114047.97596392
              ],
              [
                447140.5374232192,
                9114164.73595172
              ],
              [
                447158.0523016298,
                9114281.23519999
              ],
              [
                447177.3949099325,
                9114397.444964284
              ],
              [
                447198.5604756282,
                9114513.33657158
              ],
              [
                447221.5437764301,
                9114628.88142736
              ],
              [
                447246.33914155274,
                9114744.051022662
              ],
              [
                447272.9404531108,
                9114858.816941107
              ],
              [
                447301.3411476286,
                9114973.150865924
              ],
              [
                447331.53421765985,
                9115087.024586927
              ],
              [
                447363.5122135163,
                9115200.410007482
              ],
              [
                447397.2672451059,
                9115313.27915143
              ],
              [
                447432.7909838797,
                9115425.60417
              ],
              [
                447470.07466488675,
                9115537.357348673
              ],
              [
                447509.10908893665,
                9115648.511114027
              ],
              [
                447549.88462486933,
                9115759.038040532
              ],
              [
                447592.3912119315,
                9115868.910857324
              ],
              [
                447636.6183622587,
                9115978.102454927
              ],
              [
                447682.55516346346,
                9116086.585891949
              ],
              [
                447730.1902813275,
                9116194.334401727
              ],
              [
                447779.5119625982,
                9116301.321398925
              ],
              [
                447830.50803788874,
                9116407.520486107
              ],
              [
                447883.1659246806,
                9116512.905460235
              ],
              [
                447937.47263042815,
                9116617.450319141
              ],
              [
                447993.41475576436,
                9116721.129267951
              ],
              [
                448050.97849780694,
                9116823.91672543
              ],
              [
                448110.14965356374,
                9116925.787330316
              ],
              [
                448170.91362343763,
                9117026.715947557
              ],
              [
                448233.25541482825,
                9117126.67767453
              ],
              [
                448297.1596458313,
                9117225.647847174
              ],
              [
                448362.61054903414,
                9117323.602046078
              ],
              [
                448429.5919754057,
                9117420.516102511
              ],
              [
                448498.08739828126,
                9117516.366104381
              ],
              [
                448568.0799174402,
                9117611.128402133
              ],
              [
                448639.55226327566,
                9117704.779614585
              ],
              [
                448712.48680105584,
                9117797.296634706
              ],
              [
                448786.8655352749,
                9117888.656635303
              ],
              [
                448862.6701140931,
                9117978.837074663
              ],
              [
                448939.8818338649,
                9118067.815702114
              ],
              [
                449018.48164375377,
                9118155.570563512
              ],
              [
                449098.45015043276,
                9118242.080006653
              ],
              [
                449179.7676228694,
                9118327.32268663
              ],
              [
                449262.41399719426,
                9118411.277571088
              ],
              [
                449346.36888165097,
                9118493.923945412
              ],
              [
                449431.6115616282,
                9118575.241417848
              ],
              [
                449518.12100477004,
                9118655.209924527
              ],
              [
                449605.87586616597,
                9118733.809734417
              ],
              [
                449694.85449361696,
                9118811.021454187
              ],
              [
                449785.03493297816,
                9118886.826033005
              ],
              [
                449876.39493357553,
                9118961.204767225
              ],
              [
                449968.911953696,
                9119034.139305005
              ],
              [
                450062.5631661492,
                9119105.611650841
              ],
              [
                450157.3254638998,
                9119175.60417
              ],
              [
                450253.1754657688,
                9119244.099592876
              ],
              [
                450350.0895222024,
                9119311.081019247
              ],
              [
                450448.04372110736,
                9119376.53192245
              ],
              [
                450547.01389375085,
                9119440.436153453
              ],
              [
                450646.97562072374,
                9119502.777944844
              ],
              [
                450747.9042379656,
                9119563.541914718
              ],
              [
                450849.7748428503,
                9119622.713070475
              ],
              [
                450952.5623003305,
                9119680.276812516
              ],
              [
                451056.241249139,
                9119736.218937853
              ],
              [
                451160.7861080467,
                9119790.5256436
              ],
              [
                451266.171082174,
                9119843.183530392
              ],
              [
                451372.3701693553,
                9119894.179605683
              ],
              [
                451479.357166555,
                9119943.501286954
              ],
              [
                451587.1056763325,
                9119991.136404818
              ],
              [
                451695.58911335515,
                9120037.073206022
              ],
              [
                451804.78071095824,
                9120081.300356349
              ],
              [
                451914.6535277489,
                9120123.806943411
              ],
              [
                452025.1804542537,
                9120164.582479345
              ],
              [
                452136.33421960723,
                9120203.616903394
              ],
              [
                452248.08739828126,
                9120240.900584402
              ],
              [
                452360.4124168511,
                9120276.424323175
              ],
              [
                452473.2815607991,
                9120310.179354765
              ],
              [
                452586.6669813531,
                9120342.157350622
              ],
              [
                452700.54070235696,
                9120372.350420652
              ],
              [
                452814.87462717405,
                9120400.751115171
              ],
              [
                452929.6405456193,
                9120427.352426728
              ],
              [
                453044.8101409195,
                9120452.147791851
              ],
              [
                453160.3549967004,
                9120475.131092653
              ],
              [
                453276.2466039978,
                9120496.296658348
              ],
              [
                453392.45636829163,
                9120515.639266651
              ],
              [
                453508.95561656146,
                9120533.154145062
              ],
              [
                453625.7156043611,
                9120548.836972047
              ],
              [
                453742.7075229105,
                9120562.683878101
              ],
              [
                453859.9025062045,
                9120574.69144671
              ],
              [
                453977.2716381345,
                9120584.856715186
              ],
              [
                454094.7859596235,
                9120593.177175399
              ],
              [
                454212.416475771,
                9120599.650774403
              ],
              [
                454330.1341630074,
                9120604.275914932
              ],
              [
                454447.9099762547,
                9120607.0514558
              ],
              [
                454565.71485609334,
                9120607.976712188
              ],
              [
                454683.519735932,
                9120607.0514558
              ],
              [
                454801.2955491793,
                9120604.27591493
              ],
              [
                454919.0132364157,
                9120599.650774403
              ],
              [
                455036.6437525632,
                9120593.177175399
              ],
              [
                455154.1580740522,
                9120584.856715186
              ],
              [
                455271.5272059822,
                9120574.69144671
              ],
              [
                455388.7221892762,
                9120562.683878101
              ],
              [
                455505.7141078256,
                9120548.836972047
              ],
              [
                455622.4740956252,
                9120533.154145062
              ],
              [
                455738.97334389505,
                9120515.639266651
              ],
              [
                455855.1831081889,
                9120496.296658348
              ],
              [
                455971.07471548626,
                9120475.131092653
              ],
              [
                456086.61957126716,
                9120452.147791851
              ],
              [
                456201.78916656744,
                9120427.352426728
              ],
              [
                456316.55508501263,
                9120400.751115171
              ],
              [
                456430.8890098297,
                9120372.350420652
              ],
              [
                456544.76273083367,
                9120342.157350622
              ],
              [
                456658.1481513876,
                9120310.179354765
              ],
              [
                456771.0172953356,
                9120276.424323175
              ],
              [
                456883.3423139054,
                9120240.900584402
              ],
              [
                456995.09549257945,
                9120203.616903394
              ],
              [
                457106.24925793306,
                9120164.582479345
              ],
              [
                457216.7761844378,
                9120123.806943411
              ],
              [
                457326.64900122845,
                9120081.300356349
              ],
              [
                457435.84059883154,
                9120037.073206022
              ],
              [
                457544.3240358542,
                9119991.136404818
              ],
              [
                457652.0725456317,
                9119943.501286954
              ],
              [
                457759.0595428314,
                9119894.179605683
              ],
              [
                457865.2586300127,
                9119843.183530392
              ],
              [
                457970.64360414,
                9119790.5256436
              ],
              [
                458075.18846304767,
                9119736.218937853
              ],
              [
                458178.8674118562,
                9119680.276812516
              ],
              [
                458281.6548693364,
                9119622.713070475
              ],
              [
                458383.52547422115,
                9119563.541914718
              ],
              [
                458484.45409146295,
                9119502.777944844
              ],
              [
                458584.41581843584,
                9119440.436153453
              ],
              [
                458683.3859910793,
                9119376.53192245
              ],
              [
                458781.3401899843,
                9119311.081019247
              ],
              [
                458878.25424641796,
                9119244.099592876
              ],
              [
                458974.1042482869,
                9119175.60417
              ],
              [
                459068.8665460375,
                9119105.611650841
              ],
              [
                459162.5177584907,
                9119034.139305005
              ],
              [
                459255.03477861115,
                9118961.204767225
              ],
              [
                459346.3947792085,
                9118886.826033005
              ],
              [
                459436.5752185697,
                9118811.021454187
              ],
              [
                459525.5538460207,
                9118733.809734417
              ],
              [
                459613.30870741664,
                9118655.209924527
              ],
              [
                459699.8181505585,
                9118575.241417848
              ],
              [
                459785.0608305357,
                9118493.923945412
              ],
              [
                459869.0157149925,
                9118411.277571088
              ],
              [
                459951.6620893173,
                9118327.32268663
              ],
              [
                460032.9795617539,
                9118242.080006653
              ],
              [
                460112.9480684329,
                9118155.570563512
              ],
              [
                460191.5478783218,
                9118067.815702114
              ],
              [
                460268.7595980936,
                9117978.837074663
              ],
              [
                460344.5641769118,
                9117888.656635303
              ],
              [
                460418.94291113084,
                9117797.296634706
              ],
              [
                460491.877448911,
                9117704.779614585
              ],
              [
                460563.3497947465,
                9117611.128402133
              ],
              [
                460633.3423139055,
                9117516.366104381
              ],
              [
                460701.83773678105,
                9117420.516102511
              ],
              [
                460768.81916315254,
                9117323.602046078
              ],
              [
                460834.27006635536,
                9117225.647847174
              ],
              [
                460898.17429735843,
                9117126.67767453
              ],
              [
                460960.51608874905,
                9117026.715947557
              ],
              [
                461021.28005862294,
                9116925.787330316
              ],
              [
                461080.45121437975,
                9116823.91672543
              ],
              [
                461138.0149564223,
                9116721.129267951
              ],
              [
                461193.95708175853,
                9116617.450319141
              ],
              [
                461248.2637875061,
                9116512.905460235
              ],
              [
                461300.92167429795,
                9116407.520486107
              ],
              [
                461351.9177495885,
                9116301.321398925
              ],
              [
                461401.23943085916,
                9116194.334401727
              ],
              [
                461448.8745487232,
                9116086.585891949
              ],
              [
                461494.811349928,
                9115978.102454927
              ],
              [
                461539.0385002552,
                9115868.910857324
              ],
              [
                461581.54508731735,
                9115759.038040532
              ],
              [
                461622.32062325004,
                9115648.511114027
              ],
              [
                461661.35504729993,
                9115537.357348673
              ],
              [
                461698.638728307,
                9115425.60417
              ],
              [
                461734.1624670808,
                9115313.27915143
              ],
              [
                461767.9174986704,
                9115200.410007482
              ],
              [
                461799.89549452683,
                9115087.024586927
              ],
              [
                461830.0885645581,
                9114973.150865924
              ],
              [
                461858.4892590759,
                9114858.816941107
              ],
              [
                461885.09057063394,
                9114744.051022662
              ],
              [
                461909.8859357566,
                9114628.88142736
              ],
              [
                461932.8692365585,
                9114513.33657158
              ],
              [
                461954.0348022542,
                9114397.444964284
              ],
              [
                461973.3774105569,
                9114281.23519999
              ],
              [
                461990.8922889675,
                9114164.73595172
              ],
              [
                462006.57511595194,
                9114047.97596392
              ],
              [
                462020.4220220072,
                9113930.984045371
              ],
              [
                462032.42959061643,
                9113813.789062077
              ],
              [
                462042.5948590918,
                9113696.419930147
              ],
              [
                462050.9153193054,
                9113578.905608658
              ],
              [
                462057.38891830813,
                9113461.27509251
              ],
              [
                462062.0140588363,
                9113343.557405274
              ],
              [
                462064.7895997058,
                9113225.781592026
              ],
              [
                462065.71485609334,
                9113107.976712188
              ]
            ]
          ]
        ]
      }
    },
    {
      "type": "Feature",
      "properties": {
        "Id": 12,
        "ID": 12,
        "Nama": "Pos Damkar Rencana Mlati / Cebongan",
        "NAMA": "Pos Damkar Rencana Mlati / Cebongan",
        "nama": "Pos Damkar Rencana Mlati / Cebongan",
        "Kabupaten": "Kabupaten Sleman",
        "Kategori": "Rencana"
      },
      "geometry": {
        "type": "MultiPolygon",
        "coordinates": [
          [
            [
              [
                436107.7992129245,
                9148660.96632764
              ],
              [
                436106.87395653693,
                9148543.1614478
              ],
              [
                436104.0984156675,
                9148425.385634553
              ],
              [
                436099.4732751393,
                9148307.667947317
              ],
              [
                436092.99967613653,
                9148190.03743117
              ],
              [
                436084.67921592295,
                9148072.52310968
              ],
              [
                436074.5139474476,
                9147955.15397775
              ],
              [
                436062.5063788383,
                9147837.958994456
              ],
              [
                436048.6594727831,
                9147720.967075907
              ],
              [
                436032.97664579866,
                9147604.207088107
              ],
              [
                436015.46176738804,
                9147487.707839837
              ],
              [
                435996.1191590853,
                9147371.498075543
              ],
              [
                435974.95359338965,
                9147255.606468247
              ],
              [
                435951.97029258776,
                9147140.061612466
              ],
              [
                435927.1749274651,
                9147024.892017165
              ],
              [
                435900.57361590705,
                9146910.12609872
              ],
              [
                435872.1729213892,
                9146795.792173903
              ],
              [
                435841.979851358,
                9146681.9184529
              ],
              [
                435810.00185550156,
                9146568.533032345
              ],
              [
                435776.24682391196,
                9146455.663888397
              ],
              [
                435740.72308513813,
                9146343.338869827
              ],
              [
                435703.4394041311,
                9146231.585691154
              ],
              [
                435664.4049800812,
                9146120.4319258
              ],
              [
                435623.6294441485,
                9146009.904999295
              ],
              [
                435581.12285708636,
                9145900.032182503
              ],
              [
                435536.8957067591,
                9145790.8405849
              ],
              [
                435490.9589055544,
                9145682.357147878
              ],
              [
                435443.3237876903,
                9145574.6086381
              ],
              [
                435394.00210641965,
                9145467.621640902
              ],
              [
                435343.0060311291,
                9145361.42255372
              ],
              [
                435290.34814433724,
                9145256.037579592
              ],
              [
                435236.0414385897,
                9145151.492720686
              ],
              [
                435180.0993132535,
                9145047.813771876
              ],
              [
                435122.5355712109,
                9144945.026314396
              ],
              [
                435063.3644154541,
                9144843.15570951
              ],
              [
                435002.6004455802,
                9144742.22709227
              ],
              [
                434940.2586541896,
                9144642.265365297
              ],
              [
                434876.3544231865,
                9144543.295192653
              ],
              [
                434810.9035199837,
                9144445.340993749
              ],
              [
                434743.92209361214,
                9144348.426937316
              ],
              [
                434675.4266707366,
                9144252.576935446
              ],
              [
                434605.43415157765,
                9144157.814637695
              ],
              [
                434533.9618057422,
                9144064.163425243
              ],
              [
                434461.027267962,
                9143971.646405121
              ],
              [
                434386.64853374293,
                9143880.286404524
              ],
              [
                434310.8439549247,
                9143790.105965164
              ],
              [
                434233.63223515294,
                9143701.127337713
              ],
              [
                434155.0324252641,
                9143613.372476315
              ],
              [
                434075.0639185851,
                9143526.863033174
              ],
              [
                433993.74644614843,
                9143441.620353198
              ],
              [
                433911.1000718236,
                9143357.66546874
              ],
              [
                433827.14518736687,
                9143275.019094415
              ],
              [
                433741.90250738966,
                9143193.70162198
              ],
              [
                433655.3930642478,
                9143113.7331153
              ],
              [
                433567.6382028519,
                9143035.13330541
              ],
              [
                433478.6595754009,
                9142957.92158564
              ],
              [
                433388.4791360397,
                9142882.117006822
              ],
              [
                433297.1191354423,
                9142807.738272602
              ],
              [
                433204.60211532185,
                9142734.803734822
              ],
              [
                433110.95090286864,
                9142663.331388986
              ],
              [
                433016.188605118,
                9142593.338869827
              ],
              [
                432920.3386032491,
                9142524.843446951
              ],
              [
                432823.42454681545,
                9142457.86202058
              ],
              [
                432725.4703479105,
                9142392.411117377
              ],
              [
                432626.500175267,
                9142328.506886374
              ],
              [
                432526.5384482941,
                9142266.165094983
              ],
              [
                432425.6098310523,
                9142205.401125109
              ],
              [
                432323.73922616756,
                9142146.229969352
              ],
              [
                432220.95176868734,
                9142088.66622731
              ],
              [
                432117.2728198788,
                9142032.724101974
              ],
              [
                432012.72796097107,
                9141978.417396227
              ],
              [
                431907.34298684384,
                9141925.759509435
              ],
              [
                431801.14389966254,
                9141874.763434144
              ],
              [
                431694.1569024628,
                9141825.441752873
              ],
              [
                431586.40839268535,
                9141777.80663501
              ],
              [
                431477.9249556627,
                9141731.869833805
              ],
              [
                431368.7333580596,
                9141687.642683478
              ],
              [
                431258.86054126895,
                9141645.136096416
              ],
              [
                431148.33361476415,
                9141604.360560482
              ],
              [
                431037.1798494106,
                9141565.326136433
              ],
              [
                430925.4266707366,
                9141528.042455425
              ],
              [
                430813.10165216675,
                9141492.518716652
              ],
              [
                430700.23250821873,
                9141458.763685063
              ],
              [
                430586.84708766476,
                9141426.785689205
              ],
              [
                430472.9733666609,
                9141396.592619175
              ],
              [
                430358.6394418438,
                9141368.191924656
              ],
              [
                430243.87352339854,
                9141341.590613099
              ],
              [
                430128.7039280983,
                9141316.795247976
              ],
              [
                430013.1590723174,
                9141293.811947174
              ],
              [
                429897.26746502006,
                9141272.646381479
              ],
              [
                429781.0577007262,
                9141253.303773176
              ],
              [
                429664.5584524564,
                9141235.788894765
              ],
              [
                429547.79846465675,
                9141220.10606778
              ],
              [
                429430.80654610734,
                9141206.259161726
              ],
              [
                429313.61156281334,
                9141194.251593117
              ],
              [
                429196.24243088334,
                9141184.086324641
              ],
              [
                429078.7281093943,
                9141175.765864428
              ],
              [
                428961.09759324684,
                9141169.292265425
              ],
              [
                428843.37990601046,
                9141164.667124895
              ],
              [
                428725.60409276315,
                9141161.891584028
              ],
              [
                428607.7992129245,
                9141160.96632764
              ],
              [
                428489.99433308584,
                9141161.891584028
              ],
              [
                428372.2185198385,
                9141164.667124895
              ],
              [
                428254.50083260215,
                9141169.292265425
              ],
              [
                428136.8703164546,
                9141175.765864428
              ],
              [
                428019.35599496565,
                9141184.086324641
              ],
              [
                427901.98686303565,
                9141194.251593117
              ],
              [
                427784.79187974165,
                9141206.259161726
              ],
              [
                427667.7999611922,
                9141220.10606778
              ],
              [
                427551.0399733926,
                9141235.788894765
              ],
              [
                427434.5407251228,
                9141253.303773176
              ],
              [
                427318.3309608289,
                9141272.646381479
              ],
              [
                427202.4393535316,
                9141293.811947174
              ],
              [
                427086.8944977507,
                9141316.795247976
              ],
              [
                426971.7249024504,
                9141341.590613099
              ],
              [
                426856.9589840052,
                9141368.191924656
              ],
              [
                426742.6250591881,
                9141396.592619175
              ],
              [
                426628.75133818417,
                9141426.785689205
              ],
              [
                426515.36591763026,
                9141458.763685063
              ],
              [
                426402.49677368224,
                9141492.518716652
              ],
              [
                426290.1717551124,
                9141528.042455425
              ],
              [
                426178.4185764384,
                9141565.326136433
              ],
              [
                426067.26481108484,
                9141604.360560482
              ],
              [
                425956.73788458004,
                9141645.136096416
              ],
              [
                425846.8650677894,
                9141687.642683478
              ],
              [
                425737.6734701863,
                9141731.869833805
              ],
              [
                425629.19003316364,
                9141777.80663501
              ],
              [
                425521.44152338617,
                9141825.441752873
              ],
              [
                425414.45452618646,
                9141874.763434144
              ],
              [
                425308.25543900515,
                9141925.759509435
              ],
              [
                425202.8704648779,
                9141978.417396227
              ],
              [
                425098.32560597017,
                9142032.724101974
              ],
              [
                424994.64665716165,
                9142088.66622731
              ],
              [
                424891.85919968144,
                9142146.229969352
              ],
              [
                424789.9885947967,
                9142205.401125109
              ],
              [
                424689.0599775549,
                9142266.165094983
              ],
              [
                424589.098250582,
                9142328.506886374
              ],
              [
                424490.1280779385,
                9142392.411117377
              ],
              [
                424392.17387903354,
                9142457.86202058
              ],
              [
                424295.2598225999,
                9142524.843446951
              ],
              [
                424199.409820731,
                9142593.338869827
              ],
              [
                424104.64752298035,
                9142663.331388986
              ],
              [
                424010.99631052715,
                9142734.803734822
              ],
              [
                423918.4792904067,
                9142807.738272602
              ],
              [
                423827.1192898093,
                9142882.117006822
              ],
              [
                423736.9388504481,
                9142957.92158564
              ],
              [
                423647.9602229971,
                9143035.13330541
              ],
              [
                423560.2053616012,
                9143113.7331153
              ],
              [
                423473.6959184593,
                9143193.70162198
              ],
              [
                423388.4532384821,
                9143275.019094415
              ],
              [
                423304.4983540254,
                9143357.66546874
              ],
              [
                423221.85197970056,
                9143441.620353198
              ],
              [
                423140.5345072639,
                9143526.863033174
              ],
              [
                423060.5660005849,
                9143613.372476315
              ],
              [
                422981.96619069605,
                9143701.127337713
              ],
              [
                422904.75447092426,
                9143790.105965164
              ],
              [
                422828.94989210606,
                9143880.286404524
              ],
              [
                422754.571157887,
                9143971.646405121
              ],
              [
                422681.6366201068,
                9144064.163425243
              ],
              [
                422610.16427427134,
                9144157.814637695
              ],
              [
                422540.1717551124,
                9144252.576935446
              ],
              [
                422471.6763322368,
                9144348.426937316
              ],
              [
                422404.6949058653,
                9144445.340993749
              ],
              [
                422339.2440026625,
                9144543.295192653
              ],
              [
                422275.3397716594,
                9144642.265365297
              ],
              [
                422212.9979802688,
                9144742.22709227
              ],
              [
                422152.2340103949,
                9144843.15570951
              ],
              [
                422093.0628546381,
                9144945.026314396
              ],
              [
                422035.4991125955,
                9145047.813771876
              ],
              [
                421979.5569872593,
                9145151.492720686
              ],
              [
                421925.25028151175,
                9145256.037579592
              ],
              [
                421872.5923947199,
                9145361.42255372
              ],
              [
                421821.59631942934,
                9145467.621640902
              ],
              [
                421772.2746381587,
                9145574.6086381
              ],
              [
                421724.6395202946,
                9145682.357147878
              ],
              [
                421678.70271908987,
                9145790.8405849
              ],
              [
                421634.47556876263,
                9145900.032182503
              ],
              [
                421591.9689817005,
                9146009.904999295
              ],
              [
                421551.1934457678,
                9146120.4319258
              ],
              [
                421512.1590217179,
                9146231.585691154
              ],
              [
                421474.87534071086,
                9146343.338869827
              ],
              [
                421439.351601937,
                9146455.663888397
              ],
              [
                421405.59657034744,
                9146568.533032345
              ],
              [
                421373.618574491,
                9146681.9184529
              ],
              [
                421343.42550445977,
                9146795.792173903
              ],
              [
                421315.02480994194,
                9146910.12609872
              ],
              [
                421288.4234983839,
                9147024.892017165
              ],
              [
                421263.6281332612,
                9147140.061612466
              ],
              [
                421240.64483245934,
                9147255.606468247
              ],
              [
                421219.47926676366,
                9147371.498075543
              ],
              [
                421200.13665846095,
                9147487.707839837
              ],
              [
                421182.62178005034,
                9147604.207088107
              ],
              [
                421166.9389530659,
                9147720.967075907
              ],
              [
                421153.09204701066,
                9147837.958994456
              ],
              [
                421141.0844784014,
                9147955.15397775
              ],
              [
                421130.91920992604,
                9148072.52310968
              ],
              [
                421122.59874971246,
                9148190.03743117
              ],
              [
                421116.1251507097,
                9148307.667947317
              ],
              [
                421111.5000101815,
                9148425.385634553
              ],
              [
                421108.72446931206,
                9148543.1614478
              ],
              [
                421107.7992129245,
                9148660.96632764
              ],
              [
                421108.72446931206,
                9148778.771207478
              ],
              [
                421111.5000101815,
                9148896.547020726
              ],
              [
                421116.1251507097,
                9149014.264707962
              ],
              [
                421122.59874971246,
                9149131.89522411
              ],
              [
                421130.91920992604,
                9149249.409545599
              ],
              [
                421141.0844784014,
                9149366.778677529
              ],
              [
                421153.09204701066,
                9149483.973660823
              ],
              [
                421166.9389530659,
                9149600.965579372
              ],
              [
                421182.62178005034,
                9149717.725567171
              ],
              [
                421200.13665846095,
                9149834.224815441
              ],
              [
                421219.47926676366,
                9149950.434579736
              ],
              [
                421240.64483245934,
                9150066.326187031
              ],
              [
                421263.6281332612,
                9150181.871042812
              ],
              [
                421288.4234983839,
                9150297.040638113
              ],
              [
                421315.02480994194,
                9150411.806556558
              ],
              [
                421343.42550445977,
                9150526.140481375
              ],
              [
                421373.618574491,
                9150640.014202379
              ],
              [
                421405.59657034744,
                9150753.399622934
              ],
              [
                421439.351601937,
                9150866.268766882
              ],
              [
                421474.87534071086,
                9150978.593785452
              ],
              [
                421512.1590217179,
                9151090.346964125
              ],
              [
                421551.1934457678,
                9151201.500729479
              ],
              [
                421591.9689817005,
                9151312.027655983
              ],
              [
                421634.47556876263,
                9151421.900472775
              ],
              [
                421678.70271908987,
                9151531.092070378
              ],
              [
                421724.6395202946,
                9151639.5755074
              ],
              [
                421772.2746381587,
                9151747.324017178
              ],
              [
                421821.59631942934,
                9151854.311014377
              ],
              [
                421872.5923947199,
                9151960.510101559
              ],
              [
                421925.25028151175,
                9152065.895075686
              ],
              [
                421979.5569872593,
                9152170.439934593
              ],
              [
                422035.4991125955,
                9152274.118883403
              ],
              [
                422093.0628546381,
                9152376.906340882
              ],
              [
                422152.2340103949,
                9152478.776945768
              ],
              [
                422212.9979802688,
                9152579.705563009
              ],
              [
                422275.3397716594,
                9152679.667289982
              ],
              [
                422339.2440026625,
                9152778.637462625
              ],
              [
                422404.6949058653,
                9152876.59166153
              ],
              [
                422471.67633223685,
                9152973.505717963
              ],
              [
                422540.1717551124,
                9153069.355719833
              ],
              [
                422610.16427427134,
                9153164.118017584
              ],
              [
                422681.6366201068,
                9153257.769230036
              ],
              [
                422754.571157887,
                9153350.286250157
              ],
              [
                422828.94989210606,
                9153441.646250755
              ],
              [
                422904.75447092426,
                9153531.826690115
              ],
              [
                422981.96619069605,
                9153620.805317566
              ],
              [
                423060.5660005849,
                9153708.560178963
              ],
              [
                423140.5345072639,
                9153795.069622105
              ],
              [
                423221.85197970056,
                9153880.31230208
              ],
              [
                423304.4983540254,
                9153964.26718654
              ],
              [
                423388.4532384821,
                9154046.913560864
              ],
              [
                423473.6959184593,
                9154128.2310333
              ],
              [
                423560.2053616012,
                9154208.199539978
              ],
              [
                423647.9602229971,
                9154286.799349869
              ],
              [
                423736.9388504481,
                9154364.011069639
              ],
              [
                423827.1192898093,
                9154439.815648457
              ],
              [
                423918.4792904067,
                9154514.194382677
              ],
              [
                424010.99631052715,
                9154587.128920456
              ],
              [
                424104.64752298035,
                9154658.601266293
              ],
              [
                424199.409820731,
                9154728.593785452
              ],
              [
                424295.25982259994,
                9154797.089208327
              ],
              [
                424392.17387903354,
                9154864.070634698
              ],
              [
                424490.1280779385,
                9154929.521537902
              ],
              [
                424589.098250582,
                9154993.425768904
              ],
              [
                424689.0599775549,
                9155055.767560296
              ],
              [
                424789.98859479674,
                9155116.53153017
              ],
              [
                424891.85919968144,
                9155175.702685926
              ],
              [
                424994.64665716165,
                9155233.266427968
              ],
              [
                425098.32560597017,
                9155289.208553305
              ],
              [
                425202.87046487787,
                9155343.515259052
              ],
              [
                425308.25543900515,
                9155396.173145844
              ],
              [
                425414.45452618646,
                9155447.169221135
              ],
              [
                425521.44152338617,
                9155496.490902405
              ],
              [
                425629.19003316364,
                9155544.12602027
              ],
              [
                425737.6734701863,
                9155590.062821474
              ],
              [
                425846.8650677894,
                9155634.2899718
              ],
              [
                425956.73788458004,
                9155676.796558863
              ],
              [
                426067.26481108484,
                9155717.572094796
              ],
              [
                426178.4185764384,
                9155756.606518846
              ],
              [
                426290.1717551124,
                9155793.890199853
              ],
              [
                426402.49677368224,
                9155829.413938627
              ],
              [
                426515.36591763026,
                9155863.168970216
              ],
              [
                426628.7513381842,
                9155895.146966074
              ],
              [
                426742.6250591881,
                9155925.340036104
              ],
              [
                426856.9589840052,
                9155953.740730623
              ],
              [
                426971.72490245046,
                9155980.34204218
              ],
              [
                427086.8944977507,
                9156005.137407303
              ],
              [
                427202.4393535316,
                9156028.120708104
              ],
              [
                427318.3309608289,
                9156049.2862738
              ],
              [
                427434.5407251228,
                9156068.628882103
              ],
              [
                427551.0399733926,
                9156086.143760514
              ],
              [
                427667.79996119224,
                9156101.826587498
              ],
              [
                427784.79187974165,
                9156115.673493553
              ],
              [
                427901.98686303565,
                9156127.681062162
              ],
              [
                428019.35599496565,
                9156137.846330637
              ],
              [
                428136.8703164547,
                9156146.16679085
              ],
              [
                428254.50083260215,
                9156152.640389854
              ],
              [
                428372.2185198385,
                9156157.265530383
              ],
              [
                428489.99433308584,
                9156160.041071251
              ],
              [
                428607.7992129245,
                9156160.96632764
              ],
              [
                428725.60409276315,
                9156160.041071251
              ],
              [
                428843.37990601046,
                9156157.265530381
              ],
              [
                428961.09759324684,
                9156152.640389854
              ],
              [
                429078.7281093944,
                9156146.16679085
              ],
              [
                429196.24243088334,
                9156137.846330637
              ],
              [
                429313.61156281334,
                9156127.681062162
              ],
              [
                429430.80654610734,
                9156115.673493553
              ],
              [
                429547.79846465675,
                9156101.826587498
              ],
              [
                429664.5584524564,
                9156086.143760514
              ],
              [
                429781.0577007262,
                9156068.628882103
              ],
              [
                429897.26746502006,
                9156049.2862738
              ],
              [
                430013.1590723174,
                9156028.120708104
              ],
              [
                430128.7039280983,
                9156005.137407303
              ],
              [
                430243.8735233986,
                9155980.34204218
              ],
              [
                430358.6394418438,
                9155953.740730623
              ],
              [
                430472.9733666609,
                9155925.340036104
              ],
              [
                430586.8470876648,
                9155895.146966074
              ],
              [
                430700.23250821873,
                9155863.168970216
              ],
              [
                430813.10165216675,
                9155829.413938627
              ],
              [
                430925.4266707366,
                9155793.890199853
              ],
              [
                431037.1798494106,
                9155756.606518846
              ],
              [
                431148.3336147642,
                9155717.572094796
              ],
              [
                431258.86054126895,
                9155676.796558863
              ],
              [
                431368.7333580596,
                9155634.2899718
              ],
              [
                431477.9249556627,
                9155590.062821474
              ],
              [
                431586.40839268535,
                9155544.12602027
              ],
              [
                431694.1569024628,
                9155496.490902405
              ],
              [
                431801.14389966254,
                9155447.169221135
              ],
              [
                431907.34298684384,
                9155396.173145844
              ],
              [
                432012.7279609711,
                9155343.515259052
              ],
              [
                432117.2728198788,
                9155289.208553305
              ],
              [
                432220.95176868734,
                9155233.266427968
              ],
              [
                432323.73922616756,
                9155175.702685926
              ],
              [
                432425.6098310523,
                9155116.53153017
              ],
              [
                432526.5384482941,
                9155055.767560296
              ],
              [
                432626.500175267,
                9154993.425768904
              ],
              [
                432725.4703479105,
                9154929.521537902
              ],
              [
                432823.42454681545,
                9154864.070634698
              ],
              [
                432920.3386032491,
                9154797.089208327
              ],
              [
                433016.1886051181,
                9154728.593785452
              ],
              [
                433110.95090286864,
                9154658.601266293
              ],
              [
                433204.60211532185,
                9154587.128920456
              ],
              [
                433297.1191354423,
                9154514.194382677
              ],
              [
                433388.4791360397,
                9154439.815648457
              ],
              [
                433478.6595754009,
                9154364.011069639
              ],
              [
                433567.6382028519,
                9154286.799349869
              ],
              [
                433655.3930642478,
                9154208.199539978
              ],
              [
                433741.90250738966,
                9154128.2310333
              ],
              [
                433827.14518736687,
                9154046.913560864
              ],
              [
                433911.10007182363,
                9153964.26718654
              ],
              [
                433993.74644614843,
                9153880.31230208
              ],
              [
                434075.0639185851,
                9153795.069622105
              ],
              [
                434155.0324252641,
                9153708.560178963
              ],
              [
                434233.63223515294,
                9153620.805317566
              ],
              [
                434310.8439549247,
                9153531.826690115
              ],
              [
                434386.64853374293,
                9153441.646250755
              ],
              [
                434461.027267962,
                9153350.286250157
              ],
              [
                434533.9618057422,
                9153257.769230036
              ],
              [
                434605.43415157765,
                9153164.118017584
              ],
              [
                434675.42667073663,
                9153069.355719833
              ],
              [
                434743.9220936122,
                9152973.505717963
              ],
              [
                434810.9035199837,
                9152876.59166153
              ],
              [
                434876.3544231865,
                9152778.637462625
              ],
              [
                434940.2586541896,
                9152679.667289982
              ],
              [
                435002.6004455802,
                9152579.705563009
              ],
              [
                435063.3644154541,
                9152478.776945768
              ],
              [
                435122.5355712109,
                9152376.906340882
              ],
              [
                435180.0993132535,
                9152274.118883403
              ],
              [
                435236.0414385897,
                9152170.439934593
              ],
              [
                435290.34814433724,
                9152065.895075686
              ],
              [
                435343.0060311291,
                9151960.510101559
              ],
              [
                435394.00210641965,
                9151854.311014377
              ],
              [
                435443.3237876903,
                9151747.324017178
              ],
              [
                435490.9589055544,
                9151639.5755074
              ],
              [
                435536.8957067591,
                9151531.092070378
              ],
              [
                435581.12285708636,
                9151421.900472775
              ],
              [
                435623.6294441485,
                9151312.027655983
              ],
              [
                435664.4049800812,
                9151201.500729479
              ],
              [
                435703.4394041311,
                9151090.346964125
              ],
              [
                435740.72308513813,
                9150978.593785452
              ],
              [
                435776.24682391196,
                9150866.268766882
              ],
              [
                435810.00185550156,
                9150753.399622934
              ],
              [
                435841.979851358,
                9150640.014202379
              ],
              [
                435872.1729213892,
                9150526.140481375
              ],
              [
                435900.57361590705,
                9150411.806556558
              ],
              [
                435927.1749274651,
                9150297.040638113
              ],
              [
                435951.97029258776,
                9150181.871042812
              ],
              [
                435974.95359338965,
                9150066.326187031
              ],
              [
                435996.1191590853,
                9149950.434579736
              ],
              [
                436015.46176738804,
                9149834.224815441
              ],
              [
                436032.97664579866,
                9149717.725567171
              ],
              [
                436048.6594727831,
                9149600.965579372
              ],
              [
                436062.5063788383,
                9149483.973660823
              ],
              [
                436074.5139474476,
                9149366.778677529
              ],
              [
                436084.67921592295,
                9149249.409545599
              ],
              [
                436092.99967613653,
                9149131.89522411
              ],
              [
                436099.4732751393,
                9149014.264707962
              ],
              [
                436104.0984156675,
                9148896.547020726
              ],
              [
                436106.87395653693,
                9148778.771207478
              ],
              [
                436107.7992129245,
                9148660.96632764
              ]
            ]
          ]
        ]
      }
    }
  ]
}