{
"type": "FeatureCollection",
"name": "BUFFER TITIK POS PEMADAM",
"crs": { "type": "name", "properties": { "name": "urn:ogc:def:crs:EPSG::32749" } },
"features": [
{ "type": "Feature", "properties": { "Id": 0 }, "geometry": { "type": "MultiPolygon", "coordinates": [ [ [ [ 443892.949647550529335, 9154145.3908716365695 ], [ 443892.024391162965912, 9154027.585991797968745 ], [ 443889.248850293515716, 9153909.810178549960256 ], [ 443884.623709765321109, 9153792.092491313815117 ], [ 443878.150110762566328, 9153674.461975166574121 ], [ 443869.829650548985228, 9153556.94765367731452 ], [ 443859.6643820736208, 9153439.578521747142076 ], [ 443847.656813464360312, 9153322.383538452908397 ], [ 443833.809907409129664, 9153205.391619903966784 ], [ 443818.127080424688756, 9153088.631632104516029 ], [ 443800.612202014075592, 9152972.132383834570646 ], [ 443781.269593711360358, 9152855.922619540244341 ], [ 443760.104028015688527, 9152740.031012244522572 ], [ 443737.120727213798091, 9152624.486156463623047 ], [ 443712.325362091127317, 9152509.316561162471771 ], [ 443685.724050533084664, 9152394.550642717629671 ], [ 443657.323356015258469, 9152280.216717900708318 ], [ 443627.130285984021612, 9152166.342996897175908 ], [ 443595.152290127589367, 9152052.957576341927052 ], [ 443561.397258537996095, 9151940.088432393968105 ], [ 443525.873519764165394, 9151827.763413824141026 ], [ 443488.58983875712147, 9151716.010235151275992 ], [ 443449.555414707225282, 9151604.856469796970487 ], [ 443408.77987877454143, 9151494.32954329252243 ], [ 443366.273291712393984, 9151384.456726500764489 ], [ 443322.04614138515899, 9151275.265128897503018 ], [ 443276.109340180410072, 9151166.781691875308752 ], [ 443228.47422231634846, 9151059.03318209759891 ], [ 443179.152541045681573, 9150952.046184899285436 ], [ 443128.156465755135287, 9150845.847097717225552 ], [ 443075.498578963277396, 9150740.462123589590192 ], [ 443021.191873215720989, 9150635.917264683172107 ], [ 442965.249747879512142, 9150532.238315872848034 ], [ 442907.686005836934783, 9150429.45085839368403 ], [ 442848.51485008012969, 9150327.580253507941961 ], [ 442787.750880206236616, 9150226.651636267080903 ], [ 442725.409088815620635, 9150126.689909294247627 ], [ 442661.504857812542468, 9150027.719736650586128 ], [ 442596.053954609727953, 9149929.765537746250629 ], [ 442529.072528238175437, 9149832.85148131288588 ], [ 442460.577105362608563, 9149737.00147944316268 ], [ 442390.584586203680374, 9149642.239181691780686 ], [ 442319.112240368209314, 9149548.587969239801168 ], [ 442246.177702588029206, 9149456.070949118584394 ], [ 442171.798968368966598, 9149364.710948521271348 ], [ 442095.994389550760388, 9149274.530509160831571 ], [ 442018.782669778971467, 9149185.551881710067391 ], [ 441940.182859890104737, 9149097.797020312398672 ], [ 441860.214353211107664, 9149011.287577170878649 ], [ 441778.896880774467718, 9148926.044897194951773 ], [ 441696.250506449607201, 9148842.090012736618519 ], [ 441612.295621992903762, 9148759.443638412281871 ], [ 441527.052942015696317, 9148678.12616597674787 ], [ 441440.543498873827048, 9148598.157659297809005 ], [ 441352.788637477904558, 9148519.557849407196045 ], [ 441263.810010026907548, 9148442.346129637211561 ], [ 441173.629570665711071, 9148366.541550818830729 ], [ 441082.269570068339817, 9148292.162816599011421 ], [ 440989.752549947879743, 9148219.228278819471598 ], [ 440896.101337494677864, 9148147.755932983011007 ], [ 440801.33903974405257, 9148077.763413824141026 ], [ 440705.489037875144277, 9148009.26799094863236 ], [ 440608.57498144148849, 9147942.286564577370882 ], [ 440510.620782536512706, 9147876.835661374032497 ], [ 440411.65060989302583, 9147812.9314303714782 ], [ 440311.688882920134347, 9147750.589638980105519 ], [ 440210.760265678341966, 9147689.825669106096029 ], [ 440108.889660793589428, 9147630.654513349756598 ], [ 440006.102203313377686, 9147573.090771308168769 ], [ 439902.42325450485805, 9147517.148645970970392 ], [ 439797.878395597101189, 9147462.841940224170685 ], [ 439692.493421469873283, 9147410.184053432196379 ], [ 439586.294334288570099, 9147359.187978141009808 ], [ 439479.30733708885964, 9147309.86629687063396 ], [ 439371.558827311382629, 9147262.231179006397724 ], [ 439263.075390288722701, 9147216.294377801939845 ], [ 439153.883792685635854, 9147172.067227475345135 ], [ 439044.010975894983858, 9147129.560640413314104 ], [ 438933.484049390186556, 9147088.785104479640722 ], [ 438822.33028403663775, 9147049.75068042986095 ], [ 438710.577105362608563, 9147012.466999422758818 ], [ 438598.252086792781483, 9146976.943260649219155 ], [ 438485.382942844764329, 9146943.188229059800506 ], [ 438371.997522290796041, 9146911.210233202204108 ], [ 438258.123801286914386, 9146881.017163172364235 ], [ 438143.78987646981841, 9146852.616468653082848 ], [ 438029.023958024568856, 9146826.015157096087933 ], [ 437913.854362724348903, 9146801.219791973009706 ], [ 437798.309506943449378, 9146778.236491171643138 ], [ 437682.417899646097794, 9146757.070925476029515 ], [ 437566.20813535223715, 9146737.728317173197865 ], [ 437449.708887082408182, 9146720.213438762351871 ], [ 437332.948899282782804, 9146704.530611777678132 ], [ 437215.956980733375531, 9146690.683705722913146 ], [ 437098.761997439374682, 9146678.676137113943696 ], [ 436981.392865509376861, 9146668.510868638753891 ], [ 436863.878544020350091, 9146660.190408425405622 ], [ 436746.248027872876264, 9146653.716809421777725 ], [ 436628.530340636498295, 9146649.091668892651796 ], [ 436510.754527389188297, 9146646.316128024831414 ], [ 436392.949647550529335, 9146645.3908716365695 ], [ 436275.144767711870372, 9146646.316128024831414 ], [ 436157.368954464560375, 9146649.091668892651796 ], [ 436039.651267228182405, 9146653.716809421777725 ], [ 435922.020751080650371, 9146660.190408425405622 ], [ 435804.506429591681808, 9146668.510868638753891 ], [ 435687.137297661683988, 9146678.676137113943696 ], [ 435569.942314367683139, 9146690.683705722913146 ], [ 435452.950395818217658, 9146704.530611777678132 ], [ 435336.190408018650487, 9146720.213438762351871 ], [ 435219.691159748821519, 9146737.728317173197865 ], [ 435103.481395454960875, 9146757.070925476029515 ], [ 434987.589788157609291, 9146778.236491171643138 ], [ 434872.044932376709767, 9146801.219791973009706 ], [ 434756.875337076431606, 9146826.015157096087933 ], [ 434642.10941863124026, 9146852.616468653082848 ], [ 434527.775493814144284, 9146881.017163172364235 ], [ 434413.90177281020442, 9146911.210233202204108 ], [ 434300.51635225629434, 9146943.188229059800506 ], [ 434187.647208308277186, 9146976.943260649219155 ], [ 434075.322189738450106, 9147012.466999422758818 ], [ 433963.56901106442092, 9147049.75068042986095 ], [ 433852.415245710872114, 9147088.785104479640722 ], [ 433741.888319206074812, 9147129.560640413314104 ], [ 433632.015502415422816, 9147172.067227475345135 ], [ 433522.823904812335968, 9147216.294377801939845 ], [ 433414.34046778967604, 9147262.231179006397724 ], [ 433306.591958012199029, 9147309.86629687063396 ], [ 433199.604960812488571, 9147359.187978141009808 ], [ 433093.405873631185386, 9147410.184053432196379 ], [ 432988.02089950395748, 9147462.841940224170685 ], [ 432883.476040596200619, 9147517.148645970970392 ], [ 432779.797091787680984, 9147573.090771308168769 ], [ 432677.009634307469241, 9147630.654513349756598 ], [ 432575.139029422716703, 9147689.825669106096029 ], [ 432474.210412180924322, 9147750.589638980105519 ], [ 432374.248685208032839, 9147812.9314303714782 ], [ 432275.278512564545963, 9147876.835661374032497 ], [ 432177.32431365957018, 9147942.286564577370882 ], [ 432080.410257225914393, 9148009.26799094863236 ], [ 431984.560255357006099, 9148077.763413824141026 ], [ 431889.797957606380805, 9148147.755932983011007 ], [ 431796.146745153178927, 9148219.228278819471598 ], [ 431703.629725032718852, 9148292.162816599011421 ], [ 431612.269724435347598, 9148366.541550818830729 ], [ 431522.089285074151121, 9148442.346129637211561 ], [ 431433.110657623154111, 9148519.557849407196045 ], [ 431345.355796227231622, 9148598.157659297809005 ], [ 431258.846353085362352, 9148678.12616597674787 ], [ 431173.603673108154908, 9148759.443638412281871 ], [ 431089.648788651451468, 9148842.090012736618519 ], [ 431007.002414326590952, 9148926.044897194951773 ], [ 430925.684941889951006, 9149011.287577170878649 ], [ 430845.716435210953932, 9149097.797020312398672 ], [ 430767.116625322087202, 9149185.551881710067391 ], [ 430689.904905550298281, 9149274.530509160831571 ], [ 430614.100326732092071, 9149364.710948521271348 ], [ 430539.721592513029464, 9149456.070949118584394 ], [ 430466.787054732849356, 9149548.587969239801168 ], [ 430395.314708897378296, 9149642.239181691780686 ], [ 430325.322189738450106, 9149737.00147944316268 ], [ 430256.826766862825025, 9149832.85148131288588 ], [ 430189.845340491330717, 9149929.765537746250629 ], [ 430124.394437288516201, 9150027.719736650586128 ], [ 430060.490206285438035, 9150126.689909294247627 ], [ 429998.148414894822054, 9150226.651636267080903 ], [ 429937.384445020928979, 9150327.580253507941961 ], [ 429878.213289264123887, 9150429.45085839368403 ], [ 429820.649547221546527, 9150532.238315872848034 ], [ 429764.707421885337681, 9150635.917264683172107 ], [ 429710.400716137781274, 9150740.462123589590192 ], [ 429657.742829345923383, 9150845.847097717225552 ], [ 429606.746754055377096, 9150952.046184899285436 ], [ 429557.42507278471021, 9151059.03318209759891 ], [ 429509.789954920648597, 9151166.781691875308752 ], [ 429463.85315371589968, 9151275.265128897503018 ], [ 429419.626003388664685, 9151384.456726500764489 ], [ 429377.119416326517239, 9151494.32954329252243 ], [ 429336.343880393833388, 9151604.856469796970487 ], [ 429297.3094563439372, 9151716.010235151275992 ], [ 429260.025775336893275, 9151827.763413824141026 ], [ 429224.502036563062575, 9151940.088432393968105 ], [ 429190.747004973469302, 9152052.957576341927052 ], [ 429158.769009117037058, 9152166.342996897175908 ], [ 429128.575939085800201, 9152280.216717900708318 ], [ 429100.175244567974005, 9152394.550642717629671 ], [ 429073.573933009931352, 9152509.316561162471771 ], [ 429048.778567887260579, 9152624.486156463623047 ], [ 429025.795267085370142, 9152740.031012244522572 ], [ 429004.629701389698312, 9152855.922619540244341 ], [ 428985.287093086983077, 9152972.132383834570646 ], [ 428967.772214676369913, 9153088.631632104516029 ], [ 428952.089387691929005, 9153205.391619903966784 ], [ 428938.242481636698358, 9153322.383538452908397 ], [ 428926.234913027437869, 9153439.578521747142076 ], [ 428916.069644552073441, 9153556.94765367731452 ], [ 428907.749184338492341, 9153674.461975166574121 ], [ 428901.27558533573756, 9153792.092491313815117 ], [ 428896.650444807542954, 9153909.810178549960256 ], [ 428893.874903938092757, 9154027.585991797968745 ], [ 428892.949647550529335, 9154145.3908716365695 ], [ 428893.874903938092757, 9154263.195751475170255 ], [ 428896.650444807542954, 9154380.971564723178744 ], [ 428901.27558533573756, 9154498.689251959323883 ], [ 428907.749184338492341, 9154616.319768106564879 ], [ 428916.069644552073441, 9154733.83408959582448 ], [ 428926.234913027437869, 9154851.203221525996923 ], [ 428938.242481636698358, 9154968.398204820230603 ], [ 428952.089387691929005, 9155085.390123369172215 ], [ 428967.772214676369913, 9155202.150111168622971 ], [ 428985.287093086983077, 9155318.649359438568354 ], [ 429004.629701389698312, 9155434.859123732894659 ], [ 429025.795267085370142, 9155550.750731028616428 ], [ 429048.778567887260579, 9155666.295586809515953 ], [ 429073.573933009931352, 9155781.465182110667229 ], [ 429100.175244567974005, 9155896.231100555509329 ], [ 429128.575939085800201, 9156010.565025372430682 ], [ 429158.769009117037058, 9156124.438746375963092 ], [ 429190.747004973469302, 9156237.824166931211948 ], [ 429224.502036563062575, 9156350.693310879170895 ], [ 429260.025775336893275, 9156463.018329448997974 ], [ 429297.3094563439372, 9156574.771508121863008 ], [ 429336.343880393833388, 9156685.925273476168513 ], [ 429377.119416326517239, 9156796.45219998061657 ], [ 429419.626003388664685, 9156906.325016772374511 ], [ 429463.85315371589968, 9157015.516614375635982 ], [ 429509.789954920648597, 9157124.000051397830248 ], [ 429557.42507278471021, 9157231.74856117554009 ], [ 429606.746754055377096, 9157338.735558373853564 ], [ 429657.742829345923383, 9157444.934645555913448 ], [ 429710.400716137781274, 9157550.319619683548808 ], [ 429764.707421885337681, 9157654.864478589966893 ], [ 429820.649547221546527, 9157758.543427400290966 ], [ 429878.213289264123887, 9157861.33088487945497 ], [ 429937.384445020928979, 9157963.201489765197039 ], [ 429998.148414894822054, 9158064.130107006058097 ], [ 430060.490206285438035, 9158164.091833978891373 ], [ 430124.394437288516201, 9158263.062006622552872 ], [ 430189.845340491330717, 9158361.016205526888371 ], [ 430256.826766862883233, 9158457.930261960253119 ], [ 430325.322189738450106, 9158553.78026382997632 ], [ 430395.314708897378296, 9158648.542561581358314 ], [ 430466.787054732849356, 9158742.193774033337831 ], [ 430539.721592513029464, 9158834.710794154554605 ], [ 430614.100326732092071, 9158926.070794751867652 ], [ 430689.904905550298281, 9159016.251234112307429 ], [ 430767.116625322087202, 9159105.229861563071609 ], [ 430845.716435210953932, 9159192.984722960740328 ], [ 430925.684941889951006, 9159279.494166102260351 ], [ 431007.002414326590952, 9159364.736846078187227 ], [ 431089.648788651451468, 9159448.691730536520481 ], [ 431173.603673108154908, 9159531.338104860857129 ], [ 431258.846353085362352, 9159612.655577296391129 ], [ 431345.355796227231622, 9159692.624083975329995 ], [ 431433.110657623154111, 9159771.223893865942955 ], [ 431522.089285074151121, 9159848.435613635927439 ], [ 431612.269724435347598, 9159924.240192454308271 ], [ 431703.629725032718852, 9159998.618926674127579 ], [ 431796.146745153178927, 9160071.553464453667402 ], [ 431889.797957606380805, 9160143.025810290127993 ], [ 431984.560255357006099, 9160213.018329448997974 ], [ 432080.4102572259726, 9160281.51375232450664 ], [ 432177.32431365957018, 9160348.495178695768118 ], [ 432275.278512564545963, 9160413.946081899106503 ], [ 432374.248685208032839, 9160477.8503129016608 ], [ 432474.210412180924322, 9160540.192104293033481 ], [ 432575.139029422774911, 9160600.956074167042971 ], [ 432677.009634307469241, 9160660.127229923382401 ], [ 432779.797091787680984, 9160717.690971964970231 ], [ 432883.476040596200619, 9160773.633097302168608 ], [ 432988.020899503899273, 9160827.939803048968315 ], [ 433093.405873631185386, 9160880.597689840942621 ], [ 433199.604960812488571, 9160931.593765132129192 ], [ 433306.591958012199029, 9160980.91544640250504 ], [ 433414.34046778967604, 9161028.550564266741276 ], [ 433522.823904812335968, 9161074.487365471199155 ], [ 433632.015502415422816, 9161118.714515797793865 ], [ 433741.888319206074812, 9161161.221102859824896 ], [ 433852.415245710872114, 9161201.996638793498278 ], [ 433963.56901106442092, 9161241.03106284327805 ], [ 434075.322189738450106, 9161278.314743850380182 ], [ 434187.647208308277186, 9161313.838482623919845 ], [ 434300.51635225629434, 9161347.593514213338494 ], [ 434413.901772810262628, 9161379.571510070934892 ], [ 434527.775493814144284, 9161409.764580100774765 ], [ 434642.10941863124026, 9161438.165274620056152 ], [ 434756.875337076489814, 9161464.766586177051067 ], [ 434872.044932376709767, 9161489.561951300129294 ], [ 434987.589788157609291, 9161512.545252101495862 ], [ 435103.481395454960875, 9161533.710817797109485 ], [ 435219.691159748821519, 9161553.053426099941134 ], [ 435336.190408018650487, 9161570.568304510787129 ], [ 435452.950395818275865, 9161586.251131495460868 ], [ 435569.942314367683139, 9161600.098037550225854 ], [ 435687.137297661683988, 9161612.105606159195304 ], [ 435804.506429591681808, 9161622.270874634385109 ], [ 435922.020751080708578, 9161630.591334847733378 ], [ 436039.651267228182405, 9161637.064933851361275 ], [ 436157.368954464560375, 9161641.690074380487204 ], [ 436275.144767711870372, 9161644.465615248307586 ], [ 436392.949647550529335, 9161645.3908716365695 ], [ 436510.754527389188297, 9161644.465615248307586 ], [ 436628.530340636498295, 9161641.690074380487204 ], [ 436746.248027872876264, 9161637.064933851361275 ], [ 436863.878544020408299, 9161630.591334847733378 ], [ 436981.392865509376861, 9161622.270874634385109 ], [ 437098.761997439374682, 9161612.105606159195304 ], [ 437215.956980733375531, 9161600.098037550225854 ], [ 437332.948899282782804, 9161586.251131495460868 ], [ 437449.708887082408182, 9161570.568304510787129 ], [ 437566.20813535223715, 9161553.053426099941134 ], [ 437682.417899646097794, 9161533.710817797109485 ], [ 437798.309506943449378, 9161512.545252101495862 ], [ 437913.854362724348903, 9161489.561951300129294 ], [ 438029.023958024627063, 9161464.766586177051067 ], [ 438143.78987646981841, 9161438.165274620056152 ], [ 438258.123801286914386, 9161409.764580100774765 ], [ 438371.997522290854249, 9161379.571510070934892 ], [ 438485.382942844764329, 9161347.593514213338494 ], [ 438598.252086792781483, 9161313.838482623919845 ], [ 438710.577105362608563, 9161278.314743850380182 ], [ 438822.33028403663775, 9161241.03106284327805 ], [ 438933.484049390244763, 9161201.996638793498278 ], [ 439044.010975894983858, 9161161.221102859824896 ], [ 439153.883792685635854, 9161118.714515797793865 ], [ 439263.075390288722701, 9161074.487365471199155 ], [ 439371.558827311382629, 9161028.550564266741276 ], [ 439479.30733708885964, 9160980.91544640250504 ], [ 439586.294334288570099, 9160931.593765132129192 ], [ 439692.493421469873283, 9160880.597689840942621 ], [ 439797.878395597159397, 9160827.939803048968315 ], [ 439902.42325450485805, 9160773.633097302168608 ], [ 440006.102203313377686, 9160717.690971964970231 ], [ 440108.889660793589428, 9160660.127229923382401 ], [ 440210.760265678341966, 9160600.956074167042971 ], [ 440311.688882920134347, 9160540.192104293033481 ], [ 440411.65060989302583, 9160477.8503129016608 ], [ 440510.620782536512706, 9160413.946081899106503 ], [ 440608.57498144148849, 9160348.495178695768118 ], [ 440705.489037875144277, 9160281.51375232450664 ], [ 440801.339039744110778, 9160213.018329448997974 ], [ 440896.101337494677864, 9160143.025810290127993 ], [ 440989.752549947879743, 9160071.553464453667402 ], [ 441082.269570068339817, 9159998.618926674127579 ], [ 441173.629570665711071, 9159924.240192454308271 ], [ 441263.810010026907548, 9159848.435613635927439 ], [ 441352.788637477904558, 9159771.223893865942955 ], [ 441440.543498873827048, 9159692.624083975329995 ], [ 441527.052942015696317, 9159612.655577296391129 ], [ 441612.295621992903762, 9159531.338104860857129 ], [ 441696.250506449665409, 9159448.691730536520481 ], [ 441778.896880774467718, 9159364.736846078187227 ], [ 441860.214353211107664, 9159279.494166102260351 ], [ 441940.182859890104737, 9159192.984722960740328 ], [ 442018.782669778971467, 9159105.229861563071609 ], [ 442095.994389550760388, 9159016.251234112307429 ], [ 442171.798968368966598, 9158926.070794751867652 ], [ 442246.177702588029206, 9158834.710794154554605 ], [ 442319.112240368209314, 9158742.193774033337831 ], [ 442390.584586203680374, 9158648.542561581358314 ], [ 442460.577105362666771, 9158553.78026382997632 ], [ 442529.072528238233645, 9158457.930261960253119 ], [ 442596.053954609727953, 9158361.016205526888371 ], [ 442661.504857812542468, 9158263.062006622552872 ], [ 442725.409088815620635, 9158164.091833978891373 ], [ 442787.750880206236616, 9158064.130107006058097 ], [ 442848.51485008012969, 9157963.201489765197039 ], [ 442907.686005836934783, 9157861.33088487945497 ], [ 442965.249747879512142, 9157758.543427400290966 ], [ 443021.191873215720989, 9157654.864478589966893 ], [ 443075.498578963277396, 9157550.319619683548808 ], [ 443128.156465755135287, 9157444.934645555913448 ], [ 443179.152541045681573, 9157338.735558373853564 ], [ 443228.47422231634846, 9157231.74856117554009 ], [ 443276.109340180410072, 9157124.000051397830248 ], [ 443322.04614138515899, 9157015.516614375635982 ], [ 443366.273291712393984, 9156906.325016772374511 ], [ 443408.77987877454143, 9156796.45219998061657 ], [ 443449.555414707225282, 9156685.925273476168513 ], [ 443488.58983875712147, 9156574.771508121863008 ], [ 443525.873519764165394, 9156463.018329448997974 ], [ 443561.397258537996095, 9156350.693310879170895 ], [ 443595.152290127589367, 9156237.824166931211948 ], [ 443627.130285984021612, 9156124.438746375963092 ], [ 443657.323356015258469, 9156010.565025372430682 ], [ 443685.724050533084664, 9155896.231100555509329 ], [ 443712.325362091127317, 9155781.465182110667229 ], [ 443737.120727213798091, 9155666.295586809515953 ], [ 443760.104028015688527, 9155550.750731028616428 ], [ 443781.269593711360358, 9155434.859123732894659 ], [ 443800.612202014075592, 9155318.649359438568354 ], [ 443818.127080424688756, 9155202.150111168622971 ], [ 443833.809907409129664, 9155085.390123369172215 ], [ 443847.656813464360312, 9154968.398204820230603 ], [ 443859.6643820736208, 9154851.203221525996923 ], [ 443869.829650548985228, 9154733.83408959582448 ], [ 443878.150110762566328, 9154616.319768106564879 ], [ 443884.623709765321109, 9154498.689251959323883 ], [ 443889.248850293515716, 9154380.971564723178744 ], [ 443892.024391162965912, 9154263.195751475170255 ], [ 443892.949647550529335, 9154145.3908716365695 ] ] ] ] } },
{ "type": "Feature", "properties": { "Id": 0 }, "geometry": { "type": "MultiPolygon", "coordinates": [ [ [ [ 422047.259079866984393, 9147002.238783489912748 ], [ 422046.333823479420971, 9146884.433903651311994 ], [ 422043.558282609970775, 9146766.658090403303504 ], [ 422038.933142081776168, 9146648.940403167158365 ], [ 422032.459543079021387, 9146531.309887019917369 ], [ 422024.139082865440287, 9146413.795565530657768 ], [ 422013.973814390075859, 9146296.426433600485325 ], [ 422001.96624578081537, 9146179.231450306251645 ], [ 421988.119339725584723, 9146062.239531757310033 ], [ 421972.436512741143815, 9145945.479543957859278 ], [ 421954.921634330530651, 9145828.980295687913895 ], [ 421935.579026027815416, 9145712.770531393587589 ], [ 421914.413460332143586, 9145596.87892409786582 ], [ 421891.43015953025315, 9145481.334068316966295 ], [ 421866.634794407582376, 9145366.16447301581502 ], [ 421840.033482849539723, 9145251.398554570972919 ], [ 421811.632788331713527, 9145137.064629754051566 ], [ 421781.43971830047667, 9145023.190908750519156 ], [ 421749.461722444044426, 9144909.8054881952703 ], [ 421715.706690854451153, 9144796.936344247311354 ], [ 421680.182952080620453, 9144684.611325677484274 ], [ 421642.899271073576529, 9144572.858147004619241 ], [ 421603.86484702368034, 9144461.704381650313735 ], [ 421563.089311090996489, 9144351.177455145865679 ], [ 421520.582724028849043, 9144241.304638354107738 ], [ 421476.355573701614048, 9144132.113040750846267 ], [ 421430.418772496865131, 9144023.629603728652 ], [ 421382.783654632803518, 9143915.881093950942159 ], [ 421333.461973362136632, 9143808.894096752628684 ], [ 421282.465898071590345, 9143702.6950095705688 ], [ 421229.808011279732455, 9143597.31003544293344 ], [ 421175.501305532176048, 9143492.765176536515355 ], [ 421119.559180195967201, 9143389.086227726191282 ], [ 421061.995438153389841, 9143286.298770247027278 ], [ 421002.824282396584749, 9143184.42816536128521 ], [ 420942.060312522691675, 9143083.499548120424151 ], [ 420879.718521132075693, 9142983.537821147590876 ], [ 420815.814290128997527, 9142884.567648503929377 ], [ 420750.363386926183011, 9142786.613449599593878 ], [ 420683.381960554630496, 9142689.699393166229129 ], [ 420614.886537679063622, 9142593.849391296505928 ], [ 420544.894018520135432, 9142499.087093545123935 ], [ 420473.421672684664372, 9142405.435881093144417 ], [ 420400.487134904484265, 9142312.918860971927643 ], [ 420326.108400685421657, 9142221.558860374614596 ], [ 420250.303821867215447, 9142131.378421014174819 ], [ 420173.092102095426526, 9142042.39979356341064 ], [ 420094.492292206559796, 9141954.64493216574192 ], [ 420014.523785527562723, 9141868.135489024221897 ], [ 419933.206313090922777, 9141782.892809048295021 ], [ 419850.55993876606226, 9141698.937924589961767 ], [ 419766.60505430935882, 9141616.291550265625119 ], [ 419681.362374332151376, 9141534.974077830091119 ], [ 419594.852931190282106, 9141455.005571151152253 ], [ 419507.098069794359617, 9141376.405761260539293 ], [ 419418.119442343362607, 9141299.19404149055481 ], [ 419327.93900298216613, 9141223.389462672173977 ], [ 419236.579002384794876, 9141149.01072845235467 ], [ 419144.061982264334802, 9141076.076190672814846 ], [ 419050.410769811132923, 9141004.603844836354256 ], [ 418955.648472060507629, 9140934.611325677484274 ], [ 418859.798470191599336, 9140866.115902801975608 ], [ 418762.884413757943548, 9140799.13447643071413 ], [ 418664.930214852967765, 9140733.683573227375746 ], [ 418565.960042209480889, 9140669.779342224821448 ], [ 418465.998315236589406, 9140607.437550833448768 ], [ 418365.069697994797025, 9140546.673580959439278 ], [ 418263.199093110044487, 9140487.502425203099847 ], [ 418160.411635629832745, 9140429.938683161512017 ], [ 418056.732686821313109, 9140373.996557824313641 ], [ 417952.187827913556248, 9140319.689852077513933 ], [ 417846.802853786328342, 9140267.031965285539627 ], [ 417740.603766605025157, 9140216.035889994353056 ], [ 417633.616769405314699, 9140166.714208723977208 ], [ 417525.868259627837688, 9140119.079090859740973 ], [ 417417.38482260517776, 9140073.142289655283093 ], [ 417308.193225002090912, 9140028.915139328688383 ], [ 417198.320408211438917, 9139986.408552266657352 ], [ 417087.793481706641614, 9139945.633016332983971 ], [ 416976.639716353092808, 9139906.598592283204198 ], [ 416864.886537679063622, 9139869.314911276102066 ], [ 416752.561519109236542, 9139833.791172502562404 ], [ 416639.692375161219388, 9139800.036140913143754 ], [ 416526.3069546072511, 9139768.058145055547357 ], [ 416412.433233603369445, 9139737.865075025707483 ], [ 416298.099308786273468, 9139709.464380506426096 ], [ 416183.333390341023915, 9139682.863068949431181 ], [ 416068.163795040803961, 9139658.067703826352954 ], [ 415952.618939259904437, 9139635.084403024986386 ], [ 415836.727331962552853, 9139613.918837329372764 ], [ 415720.517567668692209, 9139594.576229026541114 ], [ 415604.018319398863241, 9139577.061350615695119 ], [ 415487.258331599237863, 9139561.37852363102138 ], [ 415370.266413049830589, 9139547.531617576256394 ], [ 415253.07142975582974, 9139535.524048967286944 ], [ 415135.70229782583192, 9139525.358780492097139 ], [ 415018.18797633680515, 9139517.03832027874887 ], [ 414900.557460189331323, 9139510.564721275120974 ], [ 414782.839772952953354, 9139505.939580745995045 ], [ 414665.063959705643356, 9139503.164039878174663 ], [ 414547.259079866984393, 9139502.238783489912748 ], [ 414429.454200028325431, 9139503.164039878174663 ], [ 414311.678386781015433, 9139505.939580745995045 ], [ 414193.960699544637464, 9139510.564721275120974 ], [ 414076.330183397105429, 9139517.03832027874887 ], [ 413958.815861908136867, 9139525.358780492097139 ], [ 413841.446729978139047, 9139535.524048967286944 ], [ 413724.251746684138197, 9139547.531617576256394 ], [ 413607.259828134672716, 9139561.37852363102138 ], [ 413490.499840335105546, 9139577.061350615695119 ], [ 413374.000592065276578, 9139594.576229026541114 ], [ 413257.790827771415934, 9139613.918837329372764 ], [ 413141.89922047406435, 9139635.084403024986386 ], [ 413026.354364693164825, 9139658.067703826352954 ], [ 412911.184769392886665, 9139682.863068949431181 ], [ 412796.418850947695319, 9139709.464380506426096 ], [ 412682.084926130599342, 9139737.865075025707483 ], [ 412568.211205126659479, 9139768.058145055547357 ], [ 412454.825784572749399, 9139800.036140913143754 ], [ 412341.956640624732245, 9139833.791172502562404 ], [ 412229.631622054905165, 9139869.314911276102066 ], [ 412117.878443380875979, 9139906.598592283204198 ], [ 412006.724678027327172, 9139945.633016332983971 ], [ 411896.19775152252987, 9139986.408552266657352 ], [ 411786.324934731877875, 9140028.915139328688383 ], [ 411677.133337128791027, 9140073.142289655283093 ], [ 411568.649900106131099, 9140119.079090859740973 ], [ 411460.901390328654088, 9140166.714208723977208 ], [ 411353.91439312894363, 9140216.035889994353056 ], [ 411247.715305947640445, 9140267.031965285539627 ], [ 411142.330331820412539, 9140319.689852077513933 ], [ 411037.785472912655678, 9140373.996557824313641 ], [ 410934.106524104136042, 9140429.938683161512017 ], [ 410831.3190666239243, 9140487.502425203099847 ], [ 410729.448461739171762, 9140546.673580959439278 ], [ 410628.519844497379381, 9140607.437550833448768 ], [ 410528.558117524487898, 9140669.779342224821448 ], [ 410429.587944881001022, 9140733.683573227375746 ], [ 410331.633745976025239, 9140799.13447643071413 ], [ 410234.719689542369451, 9140866.115902801975608 ], [ 410138.869687673461158, 9140934.611325677484274 ], [ 410044.107389922835864, 9141004.603844836354256 ], [ 409950.456177469633985, 9141076.076190672814846 ], [ 409857.939157349173911, 9141149.01072845235467 ], [ 409766.579156751802657, 9141223.389462672173977 ], [ 409676.39871739060618, 9141299.19404149055481 ], [ 409587.42008993960917, 9141376.405761260539293 ], [ 409499.66522854368668, 9141455.005571151152253 ], [ 409413.155785401817411, 9141534.974077830091119 ], [ 409327.913105424609967, 9141616.291550265625119 ], [ 409243.958220967906527, 9141698.937924589961767 ], [ 409161.31184664304601, 9141782.892809048295021 ], [ 409079.994374206406064, 9141868.135489024221897 ], [ 409000.025867527408991, 9141954.64493216574192 ], [ 408921.426057638542261, 9142042.39979356341064 ], [ 408844.21433786675334, 9142131.378421014174819 ], [ 408768.40975904854713, 9142221.558860374614596 ], [ 408694.031024829484522, 9142312.918860971927643 ], [ 408621.096487049304415, 9142405.435881093144417 ], [ 408549.624141213833354, 9142499.087093545123935 ], [ 408479.631622054905165, 9142593.849391296505928 ], [ 408411.136199179280084, 9142689.699393166229129 ], [ 408344.154772807785776, 9142786.613449599593878 ], [ 408278.70386960497126, 9142884.567648503929377 ], [ 408214.799638601893093, 9142983.537821147590876 ], [ 408152.457847211277112, 9143083.499548120424151 ], [ 408091.693877337384038, 9143184.42816536128521 ], [ 408032.522721580578946, 9143286.298770247027278 ], [ 407974.958979538001586, 9143389.086227726191282 ], [ 407919.016854201792739, 9143492.765176536515355 ], [ 407864.710148454236332, 9143597.31003544293344 ], [ 407812.052261662378442, 9143702.6950095705688 ], [ 407761.056186371832155, 9143808.894096752628684 ], [ 407711.734505101165269, 9143915.881093950942159 ], [ 407664.099387237103656, 9144023.629603728652 ], [ 407618.162586032354739, 9144132.113040750846267 ], [ 407573.935435705119744, 9144241.304638354107738 ], [ 407531.428848642972298, 9144351.177455145865679 ], [ 407490.653312710288446, 9144461.704381650313735 ], [ 407451.618888660392258, 9144572.858147004619241 ], [ 407414.335207653348334, 9144684.611325677484274 ], [ 407378.811468879517633, 9144796.936344247311354 ], [ 407345.056437289924361, 9144909.8054881952703 ], [ 407313.078441433492117, 9145023.190908750519156 ], [ 407282.885371402255259, 9145137.064629754051566 ], [ 407254.484676884429064, 9145251.398554570972919 ], [ 407227.883365326386411, 9145366.16447301581502 ], [ 407203.088000203715637, 9145481.334068316966295 ], [ 407180.104699401825201, 9145596.87892409786582 ], [ 407158.93913370615337, 9145712.770531393587589 ], [ 407139.596525403438136, 9145828.980295687913895 ], [ 407122.081646992824972, 9145945.479543957859278 ], [ 407106.398820008384064, 9146062.239531757310033 ], [ 407092.551913953153417, 9146179.231450306251645 ], [ 407080.544345343892928, 9146296.426433600485325 ], [ 407070.3790768685285, 9146413.795565530657768 ], [ 407062.0586166549474, 9146531.309887019917369 ], [ 407055.585017652192619, 9146648.940403167158365 ], [ 407050.959877123998012, 9146766.658090403303504 ], [ 407048.184336254547816, 9146884.433903651311994 ], [ 407047.259079866984393, 9147002.238783489912748 ], [ 407048.184336254547816, 9147120.043663328513503 ], [ 407050.959877123998012, 9147237.819476576521993 ], [ 407055.585017652192619, 9147355.537163812667131 ], [ 407062.0586166549474, 9147473.167679959908128 ], [ 407070.3790768685285, 9147590.682001449167728 ], [ 407080.544345343892928, 9147708.051133379340172 ], [ 407092.551913953153417, 9147825.246116673573852 ], [ 407106.398820008384064, 9147942.238035222515464 ], [ 407122.081646992824972, 9148058.998023021966219 ], [ 407139.596525403438136, 9148175.497271291911602 ], [ 407158.93913370615337, 9148291.707035586237907 ], [ 407180.104699401825201, 9148407.598642881959677 ], [ 407203.088000203715637, 9148523.143498662859201 ], [ 407227.883365326386411, 9148638.313093964010477 ], [ 407254.484676884429064, 9148753.079012408852577 ], [ 407282.885371402255259, 9148867.412937225773931 ], [ 407313.078441433492117, 9148981.28665822930634 ], [ 407345.056437289924361, 9149094.672078784555197 ], [ 407378.811468879517633, 9149207.541222732514143 ], [ 407414.335207653348334, 9149319.866241302341223 ], [ 407451.618888660392258, 9149431.619419975206256 ], [ 407490.653312710288446, 9149542.773185329511762 ], [ 407531.428848642972298, 9149653.300111833959818 ], [ 407573.935435705119744, 9149763.172928625717759 ], [ 407618.162586032354739, 9149872.36452622897923 ], [ 407664.099387237103656, 9149980.847963251173496 ], [ 407711.734505101165269, 9150088.596473028883338 ], [ 407761.056186371832155, 9150195.583470227196813 ], [ 407812.052261662378442, 9150301.782557409256697 ], [ 407864.710148454236332, 9150407.167531536892056 ], [ 407919.016854201792739, 9150511.712390443310142 ], [ 407974.958979538001586, 9150615.391339253634214 ], [ 408032.522721580578946, 9150718.178796732798219 ], [ 408091.693877337384038, 9150820.049401618540287 ], [ 408152.457847211277112, 9150920.978018859401345 ], [ 408214.799638601893093, 9151020.939745832234621 ], [ 408278.70386960497126, 9151119.90991847589612 ], [ 408344.154772807785776, 9151217.864117380231619 ], [ 408411.136199179338291, 9151314.778173813596368 ], [ 408479.631622054905165, 9151410.628175683319569 ], [ 408549.624141213833354, 9151505.390473434701562 ], [ 408621.096487049304415, 9151599.04168588668108 ], [ 408694.031024829484522, 9151691.558706007897854 ], [ 408768.40975904854713, 9151782.9187066052109 ], [ 408844.21433786675334, 9151873.099145965650678 ], [ 408921.426057638542261, 9151962.077773416414857 ], [ 409000.025867527408991, 9152049.832634814083576 ], [ 409079.994374206406064, 9152136.3420779556036 ], [ 409161.31184664304601, 9152221.584757931530476 ], [ 409243.958220967906527, 9152305.539642389863729 ], [ 409327.913105424609967, 9152388.186016714200377 ], [ 409413.155785401817411, 9152469.503489149734378 ], [ 409499.66522854368668, 9152549.471995828673244 ], [ 409587.42008993960917, 9152628.071805719286203 ], [ 409676.39871739060618, 9152705.283525489270687 ], [ 409766.579156751802657, 9152781.08810430765152 ], [ 409857.939157349173911, 9152855.466838527470827 ], [ 409950.456177469633985, 9152928.401376307010651 ], [ 410044.107389922835864, 9152999.873722143471241 ], [ 410138.869687673461158, 9153069.866241302341223 ], [ 410234.719689542427659, 9153138.361664177849889 ], [ 410331.633745976025239, 9153205.343090549111366 ], [ 410429.587944881001022, 9153270.793993752449751 ], [ 410528.558117524487898, 9153334.698224755004048 ], [ 410628.519844497379381, 9153397.040016146376729 ], [ 410729.44846173922997, 9153457.803986020386219 ], [ 410831.3190666239243, 9153516.97514177672565 ], [ 410934.106524104136042, 9153574.538883818313479 ], [ 411037.785472912655678, 9153630.481009155511856 ], [ 411142.330331820354331, 9153684.787714902311563 ], [ 411247.715305947640445, 9153737.44560169428587 ], [ 411353.91439312894363, 9153788.441676985472441 ], [ 411460.901390328654088, 9153837.763358255848289 ], [ 411568.649900106131099, 9153885.398476120084524 ], [ 411677.133337128791027, 9153931.335277324542403 ], [ 411786.324934731877875, 9153975.562427651137114 ], [ 411896.19775152252987, 9154018.069014713168144 ], [ 412006.724678027327172, 9154058.844550646841526 ], [ 412117.878443380875979, 9154097.878974696621299 ], [ 412229.631622054905165, 9154135.162655703723431 ], [ 412341.956640624732245, 9154170.686394477263093 ], [ 412454.825784572749399, 9154204.441426066681743 ], [ 412568.211205126717687, 9154236.41942192427814 ], [ 412682.084926130599342, 9154266.612491954118013 ], [ 412796.418850947695319, 9154295.013186473399401 ], [ 412911.184769392944872, 9154321.614498030394316 ], [ 413026.354364693164825, 9154346.409863153472543 ], [ 413141.89922047406435, 9154369.39316395483911 ], [ 413257.790827771415934, 9154390.558729650452733 ], [ 413374.000592065276578, 9154409.901337953284383 ], [ 413490.499840335105546, 9154427.416216364130378 ], [ 413607.259828134730924, 9154443.099043348804116 ], [ 413724.251746684138197, 9154456.945949403569102 ], [ 413841.446729978139047, 9154468.953518012538552 ], [ 413958.815861908136867, 9154479.118786487728357 ], [ 414076.330183397163637, 9154487.439246701076627 ], [ 414193.960699544637464, 9154493.912845704704523 ], [ 414311.678386781015433, 9154498.537986233830452 ], [ 414429.454200028325431, 9154501.313527101650834 ], [ 414547.259079866984393, 9154502.238783489912748 ], [ 414665.063959705643356, 9154501.313527101650834 ], [ 414782.839772952953354, 9154498.537986233830452 ], [ 414900.557460189331323, 9154493.912845704704523 ], [ 415018.187976336863358, 9154487.439246701076627 ], [ 415135.70229782583192, 9154479.118786487728357 ], [ 415253.07142975582974, 9154468.953518012538552 ], [ 415370.266413049830589, 9154456.945949403569102 ], [ 415487.258331599237863, 9154443.099043348804116 ], [ 415604.018319398863241, 9154427.416216364130378 ], [ 415720.517567668692209, 9154409.901337953284383 ], [ 415836.727331962552853, 9154390.558729650452733 ], [ 415952.618939259904437, 9154369.39316395483911 ], [ 416068.163795040803961, 9154346.409863153472543 ], [ 416183.333390341082122, 9154321.614498030394316 ], [ 416298.099308786273468, 9154295.013186473399401 ], [ 416412.433233603369445, 9154266.612491954118013 ], [ 416526.306954607309308, 9154236.41942192427814 ], [ 416639.692375161219388, 9154204.441426066681743 ], [ 416752.561519109236542, 9154170.686394477263093 ], [ 416864.886537679063622, 9154135.162655703723431 ], [ 416976.639716353092808, 9154097.878974696621299 ], [ 417087.793481706699822, 9154058.844550646841526 ], [ 417198.320408211438917, 9154018.069014713168144 ], [ 417308.193225002090912, 9153975.562427651137114 ], [ 417417.38482260517776, 9153931.335277324542403 ], [ 417525.868259627837688, 9153885.398476120084524 ], [ 417633.616769405314699, 9153837.763358255848289 ], [ 417740.603766605025157, 9153788.441676985472441 ], [ 417846.802853786328342, 9153737.44560169428587 ], [ 417952.187827913614456, 9153684.787714902311563 ], [ 418056.732686821313109, 9153630.481009155511856 ], [ 418160.411635629832745, 9153574.538883818313479 ], [ 418263.199093110044487, 9153516.97514177672565 ], [ 418365.069697994797025, 9153457.803986020386219 ], [ 418465.998315236589406, 9153397.040016146376729 ], [ 418565.960042209480889, 9153334.698224755004048 ], [ 418664.930214852967765, 9153270.793993752449751 ], [ 418762.884413757943548, 9153205.343090549111366 ], [ 418859.798470191599336, 9153138.361664177849889 ], [ 418955.648472060565837, 9153069.866241302341223 ], [ 419050.410769811132923, 9152999.873722143471241 ], [ 419144.061982264334802, 9152928.401376307010651 ], [ 419236.579002384794876, 9152855.466838527470827 ], [ 419327.93900298216613, 9152781.08810430765152 ], [ 419418.119442343362607, 9152705.283525489270687 ], [ 419507.098069794359617, 9152628.071805719286203 ], [ 419594.852931190282106, 9152549.471995828673244 ], [ 419681.362374332151376, 9152469.503489149734378 ], [ 419766.60505430935882, 9152388.186016714200377 ], [ 419850.559938766120467, 9152305.539642389863729 ], [ 419933.206313090922777, 9152221.584757931530476 ], [ 420014.523785527562723, 9152136.3420779556036 ], [ 420094.492292206559796, 9152049.832634814083576 ], [ 420173.092102095426526, 9151962.077773416414857 ], [ 420250.303821867215447, 9151873.099145965650678 ], [ 420326.108400685421657, 9151782.9187066052109 ], [ 420400.487134904484265, 9151691.558706007897854 ], [ 420473.421672684664372, 9151599.04168588668108 ], [ 420544.894018520135432, 9151505.390473434701562 ], [ 420614.88653767912183, 9151410.628175683319569 ], [ 420683.381960554688703, 9151314.778173813596368 ], [ 420750.363386926183011, 9151217.864117380231619 ], [ 420815.814290128997527, 9151119.90991847589612 ], [ 420879.718521132075693, 9151020.939745832234621 ], [ 420942.060312522691675, 9150920.978018859401345 ], [ 421002.824282396584749, 9150820.049401618540287 ], [ 421061.995438153389841, 9150718.178796732798219 ], [ 421119.559180195967201, 9150615.391339253634214 ], [ 421175.501305532176048, 9150511.712390443310142 ], [ 421229.808011279732455, 9150407.167531536892056 ], [ 421282.465898071590345, 9150301.782557409256697 ], [ 421333.461973362136632, 9150195.583470227196813 ], [ 421382.783654632803518, 9150088.596473028883338 ], [ 421430.418772496865131, 9149980.847963251173496 ], [ 421476.355573701614048, 9149872.36452622897923 ], [ 421520.582724028849043, 9149763.172928625717759 ], [ 421563.089311090996489, 9149653.300111833959818 ], [ 421603.86484702368034, 9149542.773185329511762 ], [ 421642.899271073576529, 9149431.619419975206256 ], [ 421680.182952080620453, 9149319.866241302341223 ], [ 421715.706690854451153, 9149207.541222732514143 ], [ 421749.461722444044426, 9149094.672078784555197 ], [ 421781.43971830047667, 9148981.28665822930634 ], [ 421811.632788331713527, 9148867.412937225773931 ], [ 421840.033482849539723, 9148753.079012408852577 ], [ 421866.634794407582376, 9148638.313093964010477 ], [ 421891.43015953025315, 9148523.143498662859201 ], [ 421914.413460332143586, 9148407.598642881959677 ], [ 421935.579026027815416, 9148291.707035586237907 ], [ 421954.921634330530651, 9148175.497271291911602 ], [ 421972.436512741143815, 9148058.998023021966219 ], [ 421988.119339725584723, 9147942.238035222515464 ], [ 422001.96624578081537, 9147825.246116673573852 ], [ 422013.973814390075859, 9147708.051133379340172 ], [ 422024.139082865440287, 9147590.682001449167728 ], [ 422032.459543079021387, 9147473.167679959908128 ], [ 422038.933142081776168, 9147355.537163812667131 ], [ 422043.558282609970775, 9147237.819476576521993 ], [ 422046.333823479420971, 9147120.043663328513503 ], [ 422047.259079866984393, 9147002.238783489912748 ] ] ] ] } },
{ "type": "Feature", "properties": { "Id": 0 }, "geometry": { "type": "MultiPolygon", "coordinates": [ [ [ [ 409473.286865241243504, 9129671.196263721212745 ], [ 409472.361608853680082, 9129553.39138388261199 ], [ 409469.586067984229885, 9129435.6155706346035 ], [ 409464.960927456035279, 9129317.897883398458362 ], [ 409458.487328453280497, 9129200.267367251217365 ], [ 409450.166868239699397, 9129082.753045761957765 ], [ 409440.001599764334969, 9128965.383913831785321 ], [ 409427.994031155074481, 9128848.188930537551641 ], [ 409414.147125099843834, 9128731.197011988610029 ], [ 409398.464298115402926, 9128614.437024189159274 ], [ 409380.949419704789761, 9128497.937775919213891 ], [ 409361.606811402074527, 9128381.728011624887586 ], [ 409340.441245706402697, 9128265.836404329165816 ], [ 409317.45794490451226, 9128150.291548548266292 ], [ 409292.662579781841487, 9128035.121953247115016 ], [ 409266.061268223798834, 9127920.356034802272916 ], [ 409237.660573705972638, 9127806.022109985351562 ], [ 409207.467503674735781, 9127692.148388981819153 ], [ 409175.489507818303537, 9127578.762968426570296 ], [ 409141.734476228710264, 9127465.89382447861135 ], [ 409106.210737454879563, 9127353.56880590878427 ], [ 409068.927056447835639, 9127241.815627235919237 ], [ 409029.892632397939451, 9127130.661861881613731 ], [ 408989.117096465255599, 9127020.134935377165675 ], [ 408946.610509403108153, 9126910.262118585407734 ], [ 408902.383359075873159, 9126801.070520982146263 ], [ 408856.446557871124242, 9126692.587083959951997 ], [ 408808.811440007062629, 9126584.838574182242155 ], [ 408759.489758736395743, 9126477.85157698392868 ], [ 408708.493683445849456, 9126371.652489801868796 ], [ 408655.835796653991565, 9126266.267515674233437 ], [ 408601.529090906435158, 9126161.722656767815351 ], [ 408545.586965570226312, 9126058.043707957491279 ], [ 408488.023223527648952, 9125955.256250478327274 ], [ 408428.85206777084386, 9125853.385645592585206 ], [ 408368.088097896950785, 9125752.457028351724148 ], [ 408305.746306506334804, 9125652.495301378890872 ], [ 408241.842075503256638, 9125553.525128735229373 ], [ 408176.391172300442122, 9125455.570929830893874 ], [ 408109.409745928947814, 9125358.656873397529125 ], [ 408040.914323053322732, 9125262.806871527805924 ], [ 407970.921803894394543, 9125168.044573776423931 ], [ 407899.449458058923483, 9125074.393361324444413 ], [ 407826.514920278743375, 9124981.876341203227639 ], [ 407752.136186059680767, 9124890.516340605914593 ], [ 407676.331607241474558, 9124800.335901245474815 ], [ 407599.119887469685636, 9124711.357273794710636 ], [ 407520.520077580818906, 9124623.602412397041917 ], [ 407440.551570901821833, 9124537.092969255521894 ], [ 407359.234098465181887, 9124451.850289279595017 ], [ 407276.58772414032137, 9124367.895404821261764 ], [ 407192.632839683617931, 9124285.249030496925116 ], [ 407107.390159706410486, 9124203.931558061391115 ], [ 407020.880716564541217, 9124123.96305138245225 ], [ 406933.125855168618727, 9124045.36324149183929 ], [ 406844.147227717621718, 9123968.151521721854806 ], [ 406753.966788356425241, 9123892.346942903473973 ], [ 406662.606787759053987, 9123817.968208683654666 ], [ 406570.089767638593912, 9123745.033670904114842 ], [ 406476.438555185392033, 9123673.561325067654252 ], [ 406381.67625743476674, 9123603.56880590878427 ], [ 406285.826255565858446, 9123535.073383033275604 ], [ 406188.912199132202659, 9123468.091956662014127 ], [ 406090.958000227226876, 9123402.641053458675742 ], [ 405991.98782758374, 9123338.736822456121445 ], [ 405892.026100610848516, 9123276.395031064748764 ], [ 405791.097483369056135, 9123215.631061190739274 ], [ 405689.226878484303597, 9123156.459905434399843 ], [ 405586.439421004091855, 9123098.896163392812014 ], [ 405482.76047219557222, 9123042.954038055613637 ], [ 405378.215613287873566, 9122988.64733230881393 ], [ 405272.830639160587452, 9122935.989445516839623 ], [ 405166.631551979284268, 9122884.993370225653052 ], [ 405059.644554779573809, 9122835.671688955277205 ], [ 404951.896045002096798, 9122788.036571091040969 ], [ 404843.412607979436871, 9122742.09976988658309 ], [ 404734.221010376350023, 9122697.872619559988379 ], [ 404624.348193585698027, 9122655.366032497957349 ], [ 404513.821267080900725, 9122614.590496564283967 ], [ 404402.667501727351919, 9122575.556072514504194 ], [ 404290.914323053322732, 9122538.272391507402062 ], [ 404178.589304483495653, 9122502.7486527338624 ], [ 404065.720160535478499, 9122468.99362114444375 ], [ 403952.334739981510211, 9122437.015625286847353 ], [ 403838.461018977628555, 9122406.82255525700748 ], [ 403724.127094160532579, 9122378.421860737726092 ], [ 403609.361175715341233, 9122351.820549180731177 ], [ 403494.191580415063072, 9122327.02518405765295 ], [ 403378.646724634163547, 9122304.041883256286383 ], [ 403262.755117336811963, 9122282.87631756067276 ], [ 403146.545353042951319, 9122263.53370925784111 ], [ 403030.046104773122352, 9122246.018830846995115 ], [ 402913.286116973496974, 9122230.336003862321377 ], [ 402796.2941984240897, 9122216.489097807556391 ], [ 402679.099215130088851, 9122204.481529198586941 ], [ 402561.73008320009103, 9122194.316260723397136 ], [ 402444.21576171106426, 9122185.995800510048866 ], [ 402326.585245563590433, 9122179.52220150642097 ], [ 402208.867558327212464, 9122174.897060977295041 ], [ 402091.091745079902466, 9122172.121520109474659 ], [ 401973.286865241243504, 9122171.196263721212745 ], [ 401855.481985402584542, 9122172.121520109474659 ], [ 401737.706172155274544, 9122174.897060977295041 ], [ 401619.988484918896575, 9122179.52220150642097 ], [ 401502.35796877136454, 9122185.995800510048866 ], [ 401384.843647282395978, 9122194.316260723397136 ], [ 401267.474515352398157, 9122204.481529198586941 ], [ 401150.279532058397308, 9122216.489097807556391 ], [ 401033.287613508931827, 9122230.336003862321377 ], [ 400916.527625709364656, 9122246.018830846995115 ], [ 400800.028377439535689, 9122263.53370925784111 ], [ 400683.818613145675045, 9122282.87631756067276 ], [ 400567.927005848323461, 9122304.041883256286383 ], [ 400452.382150067423936, 9122327.02518405765295 ], [ 400337.212554767145775, 9122351.820549180731177 ], [ 400222.446636321954429, 9122378.421860737726092 ], [ 400108.112711504858453, 9122406.82255525700748 ], [ 399994.23899050091859, 9122437.015625286847353 ], [ 399880.853569947008509, 9122468.99362114444375 ], [ 399767.984425998991355, 9122502.7486527338624 ], [ 399655.659407429164276, 9122538.272391507402062 ], [ 399543.906228755135089, 9122575.556072514504194 ], [ 399432.752463401528075, 9122614.590496564283967 ], [ 399322.225536896788981, 9122655.366032497957349 ], [ 399212.352720106136985, 9122697.872619559988379 ], [ 399103.161122503050137, 9122742.09976988658309 ], [ 398994.67768548039021, 9122788.036571091040969 ], [ 398886.929175702913199, 9122835.671688955277205 ], [ 398779.94217850320274, 9122884.993370225653052 ], [ 398673.743091321899556, 9122935.989445516839623 ], [ 398568.358117194671649, 9122988.64733230881393 ], [ 398463.813258286914788, 9123042.954038055613637 ], [ 398360.134309478395153, 9123098.896163392812014 ], [ 398257.346851998183411, 9123156.459905434399843 ], [ 398155.476247113430873, 9123215.631061190739274 ], [ 398054.547629871638492, 9123276.395031064748764 ], [ 397954.585902898747008, 9123338.736822456121445 ], [ 397855.615730255260132, 9123402.641053458675742 ], [ 397757.661531350284349, 9123468.091956662014127 ], [ 397660.747474916628562, 9123535.073383033275604 ], [ 397564.897473047720268, 9123603.56880590878427 ], [ 397470.135175297094975, 9123673.561325067654252 ], [ 397376.483962843893096, 9123745.033670904114842 ], [ 397283.966942723433021, 9123817.968208683654666 ], [ 397192.606942126061767, 9123892.346942903473973 ], [ 397102.42650276486529, 9123968.151521721854806 ], [ 397013.447875313868281, 9124045.36324149183929 ], [ 396925.693013917945791, 9124123.96305138245225 ], [ 396839.183570776076522, 9124203.931558061391115 ], [ 396753.940890798869077, 9124285.249030496925116 ], [ 396669.986006342165638, 9124367.895404821261764 ], [ 396587.339632017305121, 9124451.850289279595017 ], [ 396506.022159580665175, 9124537.092969255521894 ], [ 396426.053652901668102, 9124623.602412397041917 ], [ 396347.453843012801372, 9124711.357273794710636 ], [ 396270.24212324101245, 9124800.335901245474815 ], [ 396194.437544422806241, 9124890.516340605914593 ], [ 396120.058810203743633, 9124981.876341203227639 ], [ 396047.124272423563525, 9125074.393361324444413 ], [ 395975.651926588092465, 9125168.044573776423931 ], [ 395905.659407429164276, 9125262.806871527805924 ], [ 395837.163984553539194, 9125358.656873397529125 ], [ 395770.182558182044886, 9125455.570929830893874 ], [ 395704.73165497923037, 9125553.525128735229373 ], [ 395640.827423976152204, 9125652.495301378890872 ], [ 395578.485632585536223, 9125752.457028351724148 ], [ 395517.721662711643148, 9125853.385645592585206 ], [ 395458.550506954779848, 9125955.256250478327274 ], [ 395400.986764912260696, 9126058.043707957491279 ], [ 395345.04463957605185, 9126161.722656767815351 ], [ 395290.737933828495443, 9126266.267515674233437 ], [ 395238.080047036637552, 9126371.652489801868796 ], [ 395187.083971746091265, 9126477.85157698392868 ], [ 395137.762290475424379, 9126584.838574182242155 ], [ 395090.127172611362766, 9126692.587083959951997 ], [ 395044.190371406613849, 9126801.070520982146263 ], [ 394999.963221079378854, 9126910.262118585407734 ], [ 394957.456634017231409, 9127020.134935377165675 ], [ 394916.681098084547557, 9127130.661861881613731 ], [ 394877.646674034651369, 9127241.815627235919237 ], [ 394840.362993027607445, 9127353.56880590878427 ], [ 394804.839254253776744, 9127465.89382447861135 ], [ 394771.084222664183471, 9127578.762968426570296 ], [ 394739.106226807751227, 9127692.148388981819153 ], [ 394708.91315677651437, 9127806.022109985351562 ], [ 394680.512462258688174, 9127920.356034802272916 ], [ 394653.911150700645521, 9128035.121953247115016 ], [ 394629.115785577974748, 9128150.291548548266292 ], [ 394606.132484776084311, 9128265.836404329165816 ], [ 394584.966919080412481, 9128381.728011624887586 ], [ 394565.624310777697247, 9128497.937775919213891 ], [ 394548.109432367084082, 9128614.437024189159274 ], [ 394532.426605382643174, 9128731.197011988610029 ], [ 394518.579699327412527, 9128848.188930537551641 ], [ 394506.572130718152039, 9128965.383913831785321 ], [ 394496.406862242787611, 9129082.753045761957765 ], [ 394488.086402029206511, 9129200.267367251217365 ], [ 394481.612803026451729, 9129317.897883398458362 ], [ 394476.987662498257123, 9129435.6155706346035 ], [ 394474.212121628806926, 9129553.39138388261199 ], [ 394473.286865241243504, 9129671.196263721212745 ], [ 394474.212121628806926, 9129789.001143559813499 ], [ 394476.987662498257123, 9129906.776956807821989 ], [ 394481.612803026451729, 9130024.494644043967128 ], [ 394488.086402029206511, 9130142.125160191208124 ], [ 394496.406862242787611, 9130259.639481680467725 ], [ 394506.572130718152039, 9130377.008613610640168 ], [ 394518.579699327412527, 9130494.203596904873848 ], [ 394532.426605382643174, 9130611.19551545381546 ], [ 394548.109432367084082, 9130727.955503253266215 ], [ 394565.624310777697247, 9130844.454751523211598 ], [ 394584.966919080412481, 9130960.664515817537904 ], [ 394606.132484776084311, 9131076.556123113259673 ], [ 394629.115785577974748, 9131192.100978894159198 ], [ 394653.911150700645521, 9131307.270574195310473 ], [ 394680.512462258688174, 9131422.036492640152574 ], [ 394708.91315677651437, 9131536.370417457073927 ], [ 394739.106226807751227, 9131650.244138460606337 ], [ 394771.084222664183471, 9131763.629559015855193 ], [ 394804.839254253776744, 9131876.498702963814139 ], [ 394840.362993027607445, 9131988.823721533641219 ], [ 394877.646674034651369, 9132100.576900206506252 ], [ 394916.681098084547557, 9132211.730665560811758 ], [ 394957.456634017231409, 9132322.257592065259814 ], [ 394999.963221079378854, 9132432.130408857017756 ], [ 395044.190371406613849, 9132541.322006460279226 ], [ 395090.127172611362766, 9132649.805443482473493 ], [ 395137.762290475424379, 9132757.553953260183334 ], [ 395187.083971746091265, 9132864.540950458496809 ], [ 395238.080047036637552, 9132970.740037640556693 ], [ 395290.737933828495443, 9133076.125011768192053 ], [ 395345.04463957605185, 9133180.669870674610138 ], [ 395400.986764912260696, 9133284.348819484934211 ], [ 395458.550506954838056, 9133387.136276964098215 ], [ 395517.721662711643148, 9133489.006881849840283 ], [ 395578.485632585536223, 9133589.935499090701342 ], [ 395640.827423976152204, 9133689.897226063534617 ], [ 395704.73165497923037, 9133788.867398707196116 ], [ 395770.182558182044886, 9133886.821597611531615 ], [ 395837.163984553597402, 9133983.735654044896364 ], [ 395905.659407429164276, 9134079.585655914619565 ], [ 395975.651926588092465, 9134174.347953666001558 ], [ 396047.124272423563525, 9134267.999166117981076 ], [ 396120.058810203743633, 9134360.51618623919785 ], [ 396194.437544422806241, 9134451.876186836510897 ], [ 396270.24212324101245, 9134542.056626196950674 ], [ 396347.453843012801372, 9134631.035253647714853 ], [ 396426.053652901668102, 9134718.790115045383573 ], [ 396506.022159580665175, 9134805.299558186903596 ], [ 396587.339632017305121, 9134890.542238162830472 ], [ 396669.986006342165638, 9134974.497122621163726 ], [ 396753.940890798869077, 9135057.143496945500374 ], [ 396839.183570776076522, 9135138.460969381034374 ], [ 396925.693013917945791, 9135218.42947605997324 ], [ 397013.447875313868281, 9135297.0292859505862 ], [ 397102.42650276486529, 9135374.241005720570683 ], [ 397192.606942126061767, 9135450.045584538951516 ], [ 397283.966942723433021, 9135524.424318758770823 ], [ 397376.483962843893096, 9135597.358856538310647 ], [ 397470.135175297094975, 9135668.831202374771237 ], [ 397564.897473047720268, 9135738.823721533641219 ], [ 397660.74747491668677, 9135807.319144409149885 ], [ 397757.661531350284349, 9135874.300570780411363 ], [ 397855.615730255260132, 9135939.751473983749747 ], [ 397954.585902898747008, 9136003.655704986304045 ], [ 398054.547629871638492, 9136065.997496377676725 ], [ 398155.47624711348908, 9136126.761466251686215 ], [ 398257.346851998183411, 9136185.932622008025646 ], [ 398360.134309478395153, 9136243.496364049613476 ], [ 398463.813258286914788, 9136299.438489386811852 ], [ 398568.358117194613442, 9136353.74519513361156 ], [ 398673.743091321899556, 9136406.403081925585866 ], [ 398779.94217850320274, 9136457.399157216772437 ], [ 398886.929175702913199, 9136506.720838487148285 ], [ 398994.67768548039021, 9136554.355956351384521 ], [ 399103.161122503050137, 9136600.2927575558424 ], [ 399212.352720106136985, 9136644.51990788243711 ], [ 399322.225536896788981, 9136687.026494944468141 ], [ 399432.752463401586283, 9136727.802030878141522 ], [ 399543.906228755135089, 9136766.836454927921295 ], [ 399655.659407429164276, 9136804.120135935023427 ], [ 399767.984425998991355, 9136839.643874708563089 ], [ 399880.853569947008509, 9136873.398906297981739 ], [ 399994.238990500976797, 9136905.376902155578136 ], [ 400108.112711504858453, 9136935.56997218541801 ], [ 400222.446636321954429, 9136963.970666704699397 ], [ 400337.212554767203983, 9136990.571978261694312 ], [ 400452.382150067423936, 9137015.367343384772539 ], [ 400567.927005848323461, 9137038.350644186139107 ], [ 400683.818613145675045, 9137059.516209881752729 ], [ 400800.028377439535689, 9137078.858818184584379 ], [ 400916.527625709364656, 9137096.373696595430374 ], [ 401033.287613508990034, 9137112.056523580104113 ], [ 401150.279532058397308, 9137125.903429634869099 ], [ 401267.474515352398157, 9137137.910998243838549 ], [ 401384.843647282395978, 9137148.076266719028354 ], [ 401502.357968771422748, 9137156.396726932376623 ], [ 401619.988484918896575, 9137162.870325936004519 ], [ 401737.706172155274544, 9137167.495466465130448 ], [ 401855.481985402584542, 9137170.27100733295083 ], [ 401973.286865241243504, 9137171.196263721212745 ], [ 402091.091745079902466, 9137170.27100733295083 ], [ 402208.867558327212464, 9137167.495466463267803 ], [ 402326.585245563590433, 9137162.870325936004519 ], [ 402444.215761711122468, 9137156.396726932376623 ], [ 402561.73008320009103, 9137148.076266719028354 ], [ 402679.099215130088851, 9137137.910998243838549 ], [ 402796.2941984240897, 9137125.903429634869099 ], [ 402913.286116973496974, 9137112.056523580104113 ], [ 403030.046104773122352, 9137096.373696595430374 ], [ 403146.545353042951319, 9137078.858818184584379 ], [ 403262.755117336811963, 9137059.516209881752729 ], [ 403378.646724634163547, 9137038.350644186139107 ], [ 403494.191580415063072, 9137015.367343384772539 ], [ 403609.361175715341233, 9136990.571978261694312 ], [ 403724.127094160532579, 9136963.970666704699397 ], [ 403838.461018977628555, 9136935.56997218541801 ], [ 403952.334739981568418, 9136905.376902155578136 ], [ 404065.720160535478499, 9136873.398906297981739 ], [ 404178.589304483495653, 9136839.643874708563089 ], [ 404290.914323053322732, 9136804.120135935023427 ], [ 404402.667501727351919, 9136766.836454927921295 ], [ 404513.821267080958933, 9136727.802030878141522 ], [ 404624.348193585698027, 9136687.026494944468141 ], [ 404734.221010376350023, 9136644.51990788243711 ], [ 404843.412607979436871, 9136600.2927575558424 ], [ 404951.896045002096798, 9136554.355956351384521 ], [ 405059.644554779573809, 9136506.720838487148285 ], [ 405166.631551979284268, 9136457.399157216772437 ], [ 405272.830639160587452, 9136406.403081925585866 ], [ 405378.215613287873566, 9136353.74519513361156 ], [ 405482.76047219557222, 9136299.438489386811852 ], [ 405586.439421004091855, 9136243.496364049613476 ], [ 405689.226878484303597, 9136185.932622008025646 ], [ 405791.097483369056135, 9136126.761466251686215 ], [ 405892.026100610848516, 9136065.997496377676725 ], [ 405991.98782758374, 9136003.655704986304045 ], [ 406090.958000227226876, 9135939.751473983749747 ], [ 406188.912199132202659, 9135874.300570780411363 ], [ 406285.826255565858446, 9135807.319144409149885 ], [ 406381.67625743476674, 9135738.823721533641219 ], [ 406476.438555185392033, 9135668.831202374771237 ], [ 406570.089767638593912, 9135597.358856538310647 ], [ 406662.606787759053987, 9135524.424318758770823 ], [ 406753.966788356425241, 9135450.045584538951516 ], [ 406844.147227717621718, 9135374.241005720570683 ], [ 406933.125855168618727, 9135297.0292859505862 ], [ 407020.880716564541217, 9135218.42947605997324 ], [ 407107.390159706410486, 9135138.460969381034374 ], [ 407192.632839683617931, 9135057.143496945500374 ], [ 407276.587724140379578, 9134974.497122621163726 ], [ 407359.234098465181887, 9134890.542238162830472 ], [ 407440.551570901821833, 9134805.299558186903596 ], [ 407520.520077580818906, 9134718.790115045383573 ], [ 407599.119887469685636, 9134631.035253647714853 ], [ 407676.331607241474558, 9134542.056626196950674 ], [ 407752.136186059680767, 9134451.876186836510897 ], [ 407826.514920278743375, 9134360.51618623919785 ], [ 407899.449458058923483, 9134267.999166117981076 ], [ 407970.921803894394543, 9134174.347953666001558 ], [ 408040.914323053322732, 9134079.585655914619565 ], [ 408109.409745928947814, 9133983.735654044896364 ], [ 408176.391172300442122, 9133886.821597611531615 ], [ 408241.842075503256638, 9133788.867398707196116 ], [ 408305.746306506334804, 9133689.897226063534617 ], [ 408368.088097896950785, 9133589.935499090701342 ], [ 408428.85206777084386, 9133489.006881849840283 ], [ 408488.02322352770716, 9133387.136276964098215 ], [ 408545.586965570226312, 9133284.348819484934211 ], [ 408601.529090906435158, 9133180.669870674610138 ], [ 408655.835796653991565, 9133076.125011768192053 ], [ 408708.493683445849456, 9132970.740037640556693 ], [ 408759.489758736395743, 9132864.540950458496809 ], [ 408808.811440007062629, 9132757.553953260183334 ], [ 408856.446557871124242, 9132649.805443482473493 ], [ 408902.383359075873159, 9132541.322006460279226 ], [ 408946.610509403108153, 9132432.130408857017756 ], [ 408989.117096465255599, 9132322.257592065259814 ], [ 409029.892632397939451, 9132211.730665560811758 ], [ 409068.927056447835639, 9132100.576900206506252 ], [ 409106.210737454879563, 9131988.823721533641219 ], [ 409141.734476228710264, 9131876.498702963814139 ], [ 409175.489507818303537, 9131763.629559015855193 ], [ 409207.467503674735781, 9131650.244138460606337 ], [ 409237.660573705972638, 9131536.370417457073927 ], [ 409266.061268223798834, 9131422.036492640152574 ], [ 409292.662579781841487, 9131307.270574195310473 ], [ 409317.45794490451226, 9131192.100978894159198 ], [ 409340.441245706402697, 9131076.556123113259673 ], [ 409361.606811402074527, 9130960.664515817537904 ], [ 409380.949419704789761, 9130844.454751523211598 ], [ 409398.464298115402926, 9130727.955503253266215 ], [ 409414.147125099843834, 9130611.19551545381546 ], [ 409427.994031155074481, 9130494.203596904873848 ], [ 409440.001599764334969, 9130377.008613610640168 ], [ 409450.166868239699397, 9130259.639481680467725 ], [ 409458.487328453280497, 9130142.125160191208124 ], [ 409464.960927456035279, 9130024.494644043967128 ], [ 409469.586067984229885, 9129906.776956807821989 ], [ 409472.361608853680082, 9129789.001143559813499 ], [ 409473.286865241243504, 9129671.196263721212745 ] ] ] ] } },
{ "type": "Feature", "properties": { "Id": 0 }, "geometry": { "type": "MultiPolygon", "coordinates": [ [ [ [ 434518.684497330104932, 9125231.163589833304286 ], [ 434517.75924094254151, 9125113.358709994703531 ], [ 434514.983700073091313, 9124995.582896746695042 ], [ 434510.358559544896707, 9124877.865209510549903 ], [ 434503.884960542141926, 9124760.234693363308907 ], [ 434495.564500328560825, 9124642.720371874049306 ], [ 434485.399231853196397, 9124525.351239943876863 ], [ 434473.391663243935909, 9124408.156256649643183 ], [ 434459.544757188705262, 9124291.164338100701571 ], [ 434443.861930204264354, 9124174.404350301250815 ], [ 434426.34705179365119, 9124057.905102031305432 ], [ 434407.004443490935955, 9123941.695337736979127 ], [ 434385.838877795264125, 9123825.803730441257358 ], [ 434362.855576993373688, 9123710.258874660357833 ], [ 434338.060211870702915, 9123595.089279359206557 ], [ 434311.458900312660262, 9123480.323360914364457 ], [ 434283.058205794834066, 9123365.989436097443104 ], [ 434252.865135763597209, 9123252.115715093910694 ], [ 434220.887139907164965, 9123138.730294538661838 ], [ 434187.132108317571692, 9123025.861150590702891 ], [ 434151.608369543740992, 9122913.536132020875812 ], [ 434114.324688536697067, 9122801.782953348010778 ], [ 434075.290264486800879, 9122690.629187993705273 ], [ 434034.514728554117028, 9122580.102261489257216 ], [ 433992.008141491969582, 9122470.229444697499275 ], [ 433947.780991164734587, 9122361.037847094237804 ], [ 433901.84418995998567, 9122252.554410072043538 ], [ 433854.209072095924057, 9122144.805900294333696 ], [ 433804.887390825257171, 9122037.818903096020222 ], [ 433753.891315534710884, 9121931.619815913960338 ], [ 433701.233428742852993, 9121826.234841786324978 ], [ 433646.926722995296586, 9121721.689982879906893 ], [ 433590.98459765908774, 9121618.01103406958282 ], [ 433533.42085561651038, 9121515.223576590418816 ], [ 433474.249699859705288, 9121413.352971704676747 ], [ 433413.485729985812213, 9121312.424354463815689 ], [ 433351.143938595196232, 9121212.462627490982413 ], [ 433287.239707592118066, 9121113.492454847320914 ], [ 433221.78880438930355, 9121015.538255942985415 ], [ 433154.807378017809242, 9120918.624199509620667 ], [ 433086.311955142184161, 9120822.774197639897466 ], [ 433016.319435983255971, 9120728.011899888515472 ], [ 432944.847090147784911, 9120634.360687436535954 ], [ 432871.912552367604803, 9120541.84366731531918 ], [ 432797.533818148542196, 9120450.483666718006134 ], [ 432721.729239330335986, 9120360.303227357566357 ], [ 432644.517519558547065, 9120271.324599906802177 ], [ 432565.917709669680335, 9120183.569738509133458 ], [ 432485.949202990683261, 9120097.060295367613435 ], [ 432404.631730554043315, 9120011.817615391686559 ], [ 432321.985356229182798, 9119927.862730933353305 ], [ 432238.030471772479359, 9119845.216356609016657 ], [ 432152.787791795271914, 9119763.898884173482656 ], [ 432066.278348653402645, 9119683.930377494543791 ], [ 431978.523487257480156, 9119605.330567603930831 ], [ 431889.544859806483146, 9119528.118847833946347 ], [ 431799.364420445286669, 9119452.314269015565515 ], [ 431708.004419847915415, 9119377.935534795746207 ], [ 431615.48739972745534, 9119305.000997016206384 ], [ 431521.836187274253462, 9119233.528651179745793 ], [ 431427.073889523628168, 9119163.536132020875812 ], [ 431331.223887654719874, 9119095.040709145367146 ], [ 431234.309831221064087, 9119028.059282774105668 ], [ 431136.355632316088304, 9118962.608379570767283 ], [ 431037.385459672601428, 9118898.704148568212986 ], [ 430937.423732699709944, 9118836.362357176840305 ], [ 430836.495115457917564, 9118775.598387302830815 ], [ 430734.624510573165026, 9118716.427231546491385 ], [ 430631.837053092953283, 9118658.863489504903555 ], [ 430528.158104284433648, 9118602.921364167705178 ], [ 430423.613245376734994, 9118548.614658420905471 ], [ 430318.228271249448881, 9118495.956771628931165 ], [ 430212.029184068145696, 9118444.960696337744594 ], [ 430105.042186868435238, 9118395.639015067368746 ], [ 429997.293677090958226, 9118348.00389720313251 ], [ 429888.810240068298299, 9118302.067095998674631 ], [ 429779.618642465211451, 9118257.839945672079921 ], [ 429669.745825674559455, 9118215.33335861004889 ], [ 429559.218899169762153, 9118174.557822676375508 ], [ 429448.065133816213347, 9118135.523398626595736 ], [ 429336.311955142184161, 9118098.239717619493604 ], [ 429223.986936572357081, 9118062.715978845953941 ], [ 429111.117792624339927, 9118028.960947256535292 ], [ 428997.732372070371639, 9117996.982951398938894 ], [ 428883.858651066489983, 9117966.789881369099021 ], [ 428769.524726249394007, 9117938.389186849817634 ], [ 428654.758807804202661, 9117911.787875292822719 ], [ 428539.5892125039245, 9117886.992510169744492 ], [ 428424.044356723024976, 9117864.009209368377924 ], [ 428308.152749425673392, 9117842.843643672764301 ], [ 428191.942985131812748, 9117823.501035369932652 ], [ 428075.44373686198378, 9117805.986156959086657 ], [ 427958.683749062358402, 9117790.303329974412918 ], [ 427841.691830512951128, 9117776.456423919647932 ], [ 427724.496847218950279, 9117764.448855310678482 ], [ 427607.127715288952459, 9117754.283586835488677 ], [ 427489.613393799925689, 9117745.963126622140408 ], [ 427371.982877652451862, 9117739.489527618512511 ], [ 427254.265190416073892, 9117734.864387089386582 ], [ 427136.489377168763895, 9117732.0888462215662 ], [ 427018.684497330104932, 9117731.163589833304286 ], [ 426900.87961749144597, 9117732.0888462215662 ], [ 426783.103804244135972, 9117734.864387089386582 ], [ 426665.386117007758003, 9117739.489527618512511 ], [ 426547.755600860225968, 9117745.963126622140408 ], [ 426430.241279371257406, 9117754.283586835488677 ], [ 426312.872147441259585, 9117764.448855310678482 ], [ 426195.677164147258736, 9117776.456423919647932 ], [ 426078.685245597793255, 9117790.303329974412918 ], [ 425961.925257798226085, 9117805.986156959086657 ], [ 425845.426009528397117, 9117823.501035369932652 ], [ 425729.216245234536473, 9117842.843643672764301 ], [ 425613.324637937184889, 9117864.009209368377924 ], [ 425497.779782156285364, 9117886.992510169744492 ], [ 425382.610186856007203, 9117911.787875292822719 ], [ 425267.844268410815857, 9117938.389186849817634 ], [ 425153.510343593719881, 9117966.789881369099021 ], [ 425039.636622589780018, 9117996.982951398938894 ], [ 424926.251202035869937, 9118028.960947256535292 ], [ 424813.382058087852784, 9118062.715978845953941 ], [ 424701.057039518025704, 9118098.239717619493604 ], [ 424589.303860843996517, 9118135.523398626595736 ], [ 424478.150095490389504, 9118174.557822676375508 ], [ 424367.623168985650409, 9118215.33335861004889 ], [ 424257.750352194998413, 9118257.839945672079921 ], [ 424148.558754591911566, 9118302.067095998674631 ], [ 424040.075317569251638, 9118348.00389720313251 ], [ 423932.326807791774627, 9118395.639015067368746 ], [ 423825.339810592064168, 9118444.960696337744594 ], [ 423719.140723410760984, 9118495.956771628931165 ], [ 423613.755749283533078, 9118548.614658420905471 ], [ 423509.210890375776216, 9118602.921364167705178 ], [ 423405.531941567256581, 9118658.863489504903555 ], [ 423302.744484087044839, 9118716.427231546491385 ], [ 423200.873879202292301, 9118775.598387302830815 ], [ 423099.94526196049992, 9118836.362357176840305 ], [ 422999.983534987608436, 9118898.704148568212986 ], [ 422901.01336234412156, 9118962.608379570767283 ], [ 422803.059163439145777, 9119028.059282774105668 ], [ 422706.14510700548999, 9119095.040709145367146 ], [ 422610.295105136581697, 9119163.536132020875812 ], [ 422515.532807385956403, 9119233.528651179745793 ], [ 422421.881594932754524, 9119305.000997016206384 ], [ 422329.36457481229445, 9119377.935534795746207 ], [ 422238.004574214923196, 9119452.314269015565515 ], [ 422147.824134853726719, 9119528.118847833946347 ], [ 422058.845507402729709, 9119605.330567603930831 ], [ 421971.090646006807219, 9119683.930377494543791 ], [ 421884.58120286493795, 9119763.898884173482656 ], [ 421799.338522887730505, 9119845.216356609016657 ], [ 421715.383638431027066, 9119927.862730933353305 ], [ 421632.737264106166549, 9120011.817615391686559 ], [ 421551.419791669526603, 9120097.060295367613435 ], [ 421471.45128499052953, 9120183.569738509133458 ], [ 421392.8514751016628, 9120271.324599906802177 ], [ 421315.639755329873879, 9120360.303227357566357 ], [ 421239.835176511667669, 9120450.483666718006134 ], [ 421165.456442292605061, 9120541.84366731531918 ], [ 421092.521904512424953, 9120634.360687436535954 ], [ 421021.049558676953893, 9120728.011899888515472 ], [ 420951.057039518025704, 9120822.774197639897466 ], [ 420882.561616642400622, 9120918.624199509620667 ], [ 420815.580190270906314, 9121015.538255942985415 ], [ 420750.129287068091799, 9121113.492454847320914 ], [ 420686.225056065013632, 9121212.462627490982413 ], [ 420623.883264674397651, 9121312.424354463815689 ], [ 420563.119294800504576, 9121413.352971704676747 ], [ 420503.948139043641277, 9121515.223576590418816 ], [ 420446.384397001122124, 9121618.01103406958282 ], [ 420390.442271664913278, 9121721.689982879906893 ], [ 420336.135565917356871, 9121826.234841786324978 ], [ 420283.47767912549898, 9121931.619815913960338 ], [ 420232.481603834952693, 9122037.818903096020222 ], [ 420183.159922564285807, 9122144.805900294333696 ], [ 420135.524804700224195, 9122252.554410072043538 ], [ 420089.588003495475277, 9122361.037847094237804 ], [ 420045.360853168240283, 9122470.229444697499275 ], [ 420002.854266106092837, 9122580.102261489257216 ], [ 419962.078730173408985, 9122690.629187993705273 ], [ 419923.044306123512797, 9122801.782953348010778 ], [ 419885.760625116468873, 9122913.536132020875812 ], [ 419850.236886342638172, 9123025.861150590702891 ], [ 419816.4818547530449, 9123138.730294538661838 ], [ 419784.503858896612655, 9123252.115715093910694 ], [ 419754.310788865375798, 9123365.989436097443104 ], [ 419725.910094347549602, 9123480.323360914364457 ], [ 419699.308782789506949, 9123595.089279359206557 ], [ 419674.513417666836176, 9123710.258874660357833 ], [ 419651.53011686494574, 9123825.803730441257358 ], [ 419630.364551169273909, 9123941.695337736979127 ], [ 419611.021942866558675, 9124057.905102031305432 ], [ 419593.50706445594551, 9124174.404350301250815 ], [ 419577.824237471504603, 9124291.164338100701571 ], [ 419563.977331416273955, 9124408.156256649643183 ], [ 419551.969762807013467, 9124525.351239943876863 ], [ 419541.804494331649039, 9124642.720371874049306 ], [ 419533.484034118067939, 9124760.234693363308907 ], [ 419527.010435115313157, 9124877.865209510549903 ], [ 419522.385294587118551, 9124995.582896746695042 ], [ 419519.609753717668355, 9125113.358709994703531 ], [ 419518.684497330104932, 9125231.163589833304286 ], [ 419519.609753717668355, 9125348.968469671905041 ], [ 419522.385294587118551, 9125466.74428291991353 ], [ 419527.010435115313157, 9125584.461970156058669 ], [ 419533.484034118067939, 9125702.092486303299665 ], [ 419541.804494331649039, 9125819.606807792559266 ], [ 419551.969762807013467, 9125936.975939722731709 ], [ 419563.977331416273955, 9126054.170923016965389 ], [ 419577.824237471504603, 9126171.162841565907001 ], [ 419593.50706445594551, 9126287.922829365357757 ], [ 419611.021942866558675, 9126404.42207763530314 ], [ 419630.364551169273909, 9126520.631841929629445 ], [ 419651.53011686494574, 9126636.523449225351214 ], [ 419674.513417666836176, 9126752.068305006250739 ], [ 419699.308782789506949, 9126867.237900307402015 ], [ 419725.910094347549602, 9126982.003818752244115 ], [ 419754.310788865375798, 9127096.337743569165468 ], [ 419784.503858896612655, 9127210.211464572697878 ], [ 419816.4818547530449, 9127323.596885127946734 ], [ 419850.236886342638172, 9127436.466029075905681 ], [ 419885.760625116468873, 9127548.79104764573276 ], [ 419923.044306123512797, 9127660.544226318597794 ], [ 419962.078730173408985, 9127771.697991672903299 ], [ 420002.854266106092837, 9127882.224918177351356 ], [ 420045.360853168240283, 9127992.097734969109297 ], [ 420089.588003495475277, 9128101.289332572370768 ], [ 420135.524804700224195, 9128209.772769594565034 ], [ 420183.159922564285807, 9128317.521279372274876 ], [ 420232.481603834952693, 9128424.50827657058835 ], [ 420283.47767912549898, 9128530.707363752648234 ], [ 420336.135565917356871, 9128636.092337880283594 ], [ 420390.442271664913278, 9128740.637196786701679 ], [ 420446.384397001122124, 9128844.316145597025752 ], [ 420503.948139043699484, 9128947.103603076189756 ], [ 420563.119294800504576, 9129048.974207961931825 ], [ 420623.883264674397651, 9129149.902825202792883 ], [ 420686.225056065013632, 9129249.864552175626159 ], [ 420750.129287068091799, 9129348.834724819287658 ], [ 420815.580190270906314, 9129446.788923723623157 ], [ 420882.56161664245883, 9129543.702980156987906 ], [ 420951.057039518025704, 9129639.552982026711106 ], [ 421021.049558676953893, 9129734.3152797780931 ], [ 421092.521904512424953, 9129827.966492230072618 ], [ 421165.456442292605061, 9129920.483512351289392 ], [ 421239.835176511667669, 9130011.843512948602438 ], [ 421315.639755329873879, 9130102.023952309042215 ], [ 421392.8514751016628, 9130191.002579759806395 ], [ 421471.45128499052953, 9130278.757441157475114 ], [ 421551.419791669526603, 9130365.266884298995137 ], [ 421632.737264106166549, 9130450.509564274922013 ], [ 421715.383638431027066, 9130534.464448733255267 ], [ 421799.338522887730505, 9130617.110823057591915 ], [ 421884.58120286493795, 9130698.428295493125916 ], [ 421971.090646006807219, 9130778.396802172064781 ], [ 422058.845507402729709, 9130856.996612062677741 ], [ 422147.824134853726719, 9130934.208331832662225 ], [ 422238.004574214923196, 9131010.012910651043057 ], [ 422329.36457481229445, 9131084.391644870862365 ], [ 422421.881594932754524, 9131157.326182650402188 ], [ 422515.532807385956403, 9131228.798528486862779 ], [ 422610.295105136581697, 9131298.79104764573276 ], [ 422706.145107005548198, 9131367.286470521241426 ], [ 422803.059163439145777, 9131434.267896892502904 ], [ 422901.01336234412156, 9131499.718800095841289 ], [ 422999.983534987608436, 9131563.623031098395586 ], [ 423099.94526196049992, 9131625.964822489768267 ], [ 423200.873879202350508, 9131686.728792363777757 ], [ 423302.744484087044839, 9131745.899948120117188 ], [ 423405.531941567256581, 9131803.463690161705017 ], [ 423509.210890375776216, 9131859.405815498903394 ], [ 423613.75574928347487, 9131913.712521245703101 ], [ 423719.140723410760984, 9131966.370408037677407 ], [ 423825.339810592064168, 9132017.366483328863978 ], [ 423932.326807791774627, 9132066.688164599239826 ], [ 424040.075317569251638, 9132114.323282463476062 ], [ 424148.558754591911566, 9132160.260083667933941 ], [ 424257.750352194998413, 9132204.487233994528651 ], [ 424367.623168985650409, 9132246.993821056559682 ], [ 424478.150095490447711, 9132287.769356990233064 ], [ 424589.303860843996517, 9132326.803781040012836 ], [ 424701.057039518025704, 9132364.087462047114968 ], [ 424813.382058087852784, 9132399.611200820654631 ], [ 424926.251202035869937, 9132433.36623241007328 ], [ 425039.636622589838225, 9132465.344228267669678 ], [ 425153.510343593719881, 9132495.537298297509551 ], [ 425267.844268410815857, 9132523.937992816790938 ], [ 425382.610186856065411, 9132550.539304373785853 ], [ 425497.779782156285364, 9132575.33466949686408 ], [ 425613.324637937184889, 9132598.317970298230648 ], [ 425729.216245234536473, 9132619.483535993844271 ], [ 425845.426009528397117, 9132638.82614429667592 ], [ 425961.925257798226085, 9132656.341022707521915 ], [ 426078.685245597851463, 9132672.023849692195654 ], [ 426195.677164147258736, 9132685.87075574696064 ], [ 426312.872147441259585, 9132697.87832435593009 ], [ 426430.241279371257406, 9132708.043592831119895 ], [ 426547.755600860284176, 9132716.364053044468164 ], [ 426665.386117007758003, 9132722.837652048096061 ], [ 426783.103804244135972, 9132727.46279257722199 ], [ 426900.87961749144597, 9132730.238333445042372 ], [ 427018.684497330104932, 9132731.163589833304286 ], [ 427136.489377168763895, 9132730.238333445042372 ], [ 427254.265190416073892, 9132727.462792575359344 ], [ 427371.982877652451862, 9132722.837652048096061 ], [ 427489.613393799983896, 9132716.364053044468164 ], [ 427607.127715288952459, 9132708.043592831119895 ], [ 427724.496847218950279, 9132697.87832435593009 ], [ 427841.691830512951128, 9132685.87075574696064 ], [ 427958.683749062358402, 9132672.023849692195654 ], [ 428075.44373686198378, 9132656.341022707521915 ], [ 428191.942985131812748, 9132638.82614429667592 ], [ 428308.152749425673392, 9132619.483535993844271 ], [ 428424.044356723024976, 9132598.317970298230648 ], [ 428539.5892125039245, 9132575.33466949686408 ], [ 428654.758807804202661, 9132550.539304373785853 ], [ 428769.524726249394007, 9132523.937992816790938 ], [ 428883.858651066489983, 9132495.537298297509551 ], [ 428997.732372070429847, 9132465.344228267669678 ], [ 429111.117792624339927, 9132433.36623241007328 ], [ 429223.986936572357081, 9132399.611200820654631 ], [ 429336.311955142184161, 9132364.087462047114968 ], [ 429448.065133816213347, 9132326.803781040012836 ], [ 429559.218899169820361, 9132287.769356990233064 ], [ 429669.745825674559455, 9132246.993821056559682 ], [ 429779.618642465211451, 9132204.487233994528651 ], [ 429888.810240068298299, 9132160.260083667933941 ], [ 429997.293677090958226, 9132114.323282463476062 ], [ 430105.042186868435238, 9132066.688164599239826 ], [ 430212.029184068145696, 9132017.366483328863978 ], [ 430318.228271249448881, 9131966.370408037677407 ], [ 430423.613245376734994, 9131913.712521245703101 ], [ 430528.158104284433648, 9131859.405815498903394 ], [ 430631.837053092953283, 9131803.463690161705017 ], [ 430734.624510573165026, 9131745.899948120117188 ], [ 430836.495115457917564, 9131686.728792363777757 ], [ 430937.423732699709944, 9131625.964822489768267 ], [ 431037.385459672601428, 9131563.623031098395586 ], [ 431136.355632316088304, 9131499.718800095841289 ], [ 431234.309831221064087, 9131434.267896892502904 ], [ 431331.223887654719874, 9131367.286470521241426 ], [ 431427.073889523628168, 9131298.79104764573276 ], [ 431521.836187274253462, 9131228.798528486862779 ], [ 431615.48739972745534, 9131157.326182650402188 ], [ 431708.004419847915415, 9131084.391644870862365 ], [ 431799.364420445286669, 9131010.012910651043057 ], [ 431889.544859806483146, 9130934.208331832662225 ], [ 431978.523487257480156, 9130856.996612062677741 ], [ 432066.278348653402645, 9130778.396802172064781 ], [ 432152.787791795271914, 9130698.428295493125916 ], [ 432238.030471772479359, 9130617.110823057591915 ], [ 432321.985356229241006, 9130534.464448733255267 ], [ 432404.631730554043315, 9130450.509564274922013 ], [ 432485.949202990683261, 9130365.266884298995137 ], [ 432565.917709669680335, 9130278.757441157475114 ], [ 432644.517519558547065, 9130191.002579759806395 ], [ 432721.729239330335986, 9130102.023952309042215 ], [ 432797.533818148542196, 9130011.843512948602438 ], [ 432871.912552367604803, 9129920.483512351289392 ], [ 432944.847090147784911, 9129827.966492230072618 ], [ 433016.319435983255971, 9129734.3152797780931 ], [ 433086.311955142184161, 9129639.552982026711106 ], [ 433154.807378017809242, 9129543.702980156987906 ], [ 433221.78880438930355, 9129446.788923723623157 ], [ 433287.239707592118066, 9129348.834724819287658 ], [ 433351.143938595196232, 9129249.864552175626159 ], [ 433413.485729985812213, 9129149.902825202792883 ], [ 433474.249699859705288, 9129048.974207961931825 ], [ 433533.420855616568588, 9128947.103603076189756 ], [ 433590.98459765908774, 9128844.316145597025752 ], [ 433646.926722995296586, 9128740.637196786701679 ], [ 433701.233428742852993, 9128636.092337880283594 ], [ 433753.891315534710884, 9128530.707363752648234 ], [ 433804.887390825257171, 9128424.50827657058835 ], [ 433854.209072095924057, 9128317.521279372274876 ], [ 433901.84418995998567, 9128209.772769594565034 ], [ 433947.780991164734587, 9128101.289332572370768 ], [ 433992.008141491969582, 9127992.097734969109297 ], [ 434034.514728554117028, 9127882.224918177351356 ], [ 434075.290264486800879, 9127771.697991672903299 ], [ 434114.324688536697067, 9127660.544226318597794 ], [ 434151.608369543740992, 9127548.79104764573276 ], [ 434187.132108317571692, 9127436.466029075905681 ], [ 434220.887139907164965, 9127323.596885127946734 ], [ 434252.865135763597209, 9127210.211464572697878 ], [ 434283.058205794834066, 9127096.337743569165468 ], [ 434311.458900312660262, 9126982.003818752244115 ], [ 434338.060211870702915, 9126867.237900307402015 ], [ 434362.855576993373688, 9126752.068305006250739 ], [ 434385.838877795264125, 9126636.523449225351214 ], [ 434407.004443490935955, 9126520.631841929629445 ], [ 434426.34705179365119, 9126404.42207763530314 ], [ 434443.861930204264354, 9126287.922829365357757 ], [ 434459.544757188705262, 9126171.162841565907001 ], [ 434473.391663243935909, 9126054.170923016965389 ], [ 434485.399231853196397, 9125936.975939722731709 ], [ 434495.564500328560825, 9125819.606807792559266 ], [ 434503.884960542141926, 9125702.092486303299665 ], [ 434510.358559544896707, 9125584.461970156058669 ], [ 434514.983700073091313, 9125466.74428291991353 ], [ 434517.75924094254151, 9125348.968469671905041 ], [ 434518.684497330104932, 9125231.163589833304286 ] ] ] ] } },
{ "type": "Feature", "properties": { "Id": 0 }, "geometry": { "type": "MultiPolygon", "coordinates": [ [ [ [ 424665.256236741610337, 9135872.779130153357983 ], [ 424664.330980354046915, 9135754.974250314757228 ], [ 424661.555439484596718, 9135637.198437066748738 ], [ 424656.930298956402112, 9135519.4807498306036 ], [ 424650.45669995364733, 9135401.850233683362603 ], [ 424642.13623974006623, 9135284.335912194103003 ], [ 424631.970971264701802, 9135166.966780263930559 ], [ 424619.963402655441314, 9135049.771796969696879 ], [ 424606.116496600210667, 9134932.779878420755267 ], [ 424590.433669615769759, 9134816.019890621304512 ], [ 424572.918791205156595, 9134699.520642351359129 ], [ 424553.57618290244136, 9134583.310878057032824 ], [ 424532.41061720676953, 9134467.419270761311054 ], [ 424509.427316404879093, 9134351.87441498041153 ], [ 424484.63195128220832, 9134236.704819679260254 ], [ 424458.030639724165667, 9134121.938901234418154 ], [ 424429.629945206339471, 9134007.6049764174968 ], [ 424399.436875175102614, 9133893.731255413964391 ], [ 424367.45887931867037, 9133780.345834858715534 ], [ 424333.703847729077097, 9133667.476690910756588 ], [ 424298.180108955246396, 9133555.151672340929508 ], [ 424260.896427948202472, 9133443.398493668064475 ], [ 424221.862003898306284, 9133332.244728313758969 ], [ 424181.086467965622433, 9133221.717801809310913 ], [ 424138.579880903474987, 9133111.844985017552972 ], [ 424094.352730576239992, 9133002.653387414291501 ], [ 424048.415929371491075, 9132894.169950392097235 ], [ 424000.780811507429462, 9132786.421440614387393 ], [ 423951.459130236762576, 9132679.434443416073918 ], [ 423900.463054946216289, 9132573.235356234014034 ], [ 423847.805168154358398, 9132467.850382106378675 ], [ 423793.498462406801991, 9132363.305523199960589 ], [ 423737.556337070593145, 9132259.626574389636517 ], [ 423679.992595028015785, 9132156.839116910472512 ], [ 423620.821439271210693, 9132054.968512024730444 ], [ 423560.057469397317618, 9131954.039894783869386 ], [ 423497.715678006701637, 9131854.07816781103611 ], [ 423433.811447003623471, 9131755.107995167374611 ], [ 423368.360543800808955, 9131657.153796263039112 ], [ 423301.379117429256439, 9131560.239739829674363 ], [ 423232.883694553689566, 9131464.389737959951162 ], [ 423162.891175394761376, 9131369.627440208569169 ], [ 423091.418829559290316, 9131275.976227756589651 ], [ 423018.484291779110208, 9131183.459207635372877 ], [ 422944.1055575600476, 9131092.099207038059831 ], [ 422868.300978741841391, 9131001.918767677620053 ], [ 422791.08925897005247, 9130912.940140226855874 ], [ 422712.489449081185739, 9130825.185278829187155 ], [ 422632.520942402188666, 9130738.675835687667131 ], [ 422551.20346996554872, 9130653.433155711740255 ], [ 422468.557095640688203, 9130569.478271253407001 ], [ 422384.602211183984764, 9130486.831896929070354 ], [ 422299.359531206777319, 9130405.514424493536353 ], [ 422212.85008806490805, 9130325.545917814597487 ], [ 422125.095226668985561, 9130246.946107923984528 ], [ 422036.116599217988551, 9130169.734388154000044 ], [ 421945.936159856792074, 9130093.929809335619211 ], [ 421854.57615925942082, 9130019.551075115799904 ], [ 421762.059139138960745, 9129946.61653733626008 ], [ 421668.407926685758866, 9129875.14419149979949 ], [ 421573.645628935133573, 9129805.151672340929508 ], [ 421477.795627066225279, 9129736.656249465420842 ], [ 421380.881570632569492, 9129669.674823094159365 ], [ 421282.927371727593709, 9129604.22391989082098 ], [ 421183.957199084106833, 9129540.319688888266683 ], [ 421083.995472111215349, 9129477.977897496894002 ], [ 420983.066854869422968, 9129417.213927622884512 ], [ 420881.19624998467043, 9129358.042771866545081 ], [ 420778.408792504458688, 9129300.479029824957252 ], [ 420674.729843695939053, 9129244.536904487758875 ], [ 420570.184984788182192, 9129190.230198740959167 ], [ 420464.800010660954285, 9129137.572311948984861 ], [ 420358.600923479651101, 9129086.57623665779829 ], [ 420251.613926279940642, 9129037.254555387422442 ], [ 420143.865416502463631, 9128989.619437523186207 ], [ 420035.381979479803704, 9128943.682636318728328 ], [ 419926.190381876716856, 9128899.455485992133617 ], [ 419816.31756508606486, 9128856.948898930102587 ], [ 419705.790638581267558, 9128816.173362996429205 ], [ 419594.636873227718752, 9128777.138938946649432 ], [ 419482.883694553689566, 9128739.8552579395473 ], [ 419370.558675983862486, 9128704.331519166007638 ], [ 419257.689532035845332, 9128670.576487576588988 ], [ 419144.304111481877044, 9128638.598491718992591 ], [ 419030.430390477995388, 9128608.405421689152718 ], [ 418916.096465660899412, 9128580.00472716987133 ], [ 418801.330547215649858, 9128553.403415612876415 ], [ 418686.160951915429905, 9128528.608050489798188 ], [ 418570.61609613453038, 9128505.624749688431621 ], [ 418454.724488837178797, 9128484.459183992817998 ], [ 418338.514724543318152, 9128465.116575689986348 ], [ 418222.015476273489185, 9128447.601697279140353 ], [ 418105.255488473863807, 9128431.918870294466615 ], [ 417988.263569924456533, 9128418.071964239701629 ], [ 417871.068586630455684, 9128406.064395630732179 ], [ 417753.699454700457864, 9128395.899127155542374 ], [ 417636.185133211431094, 9128387.578666942194104 ], [ 417518.554617063957267, 9128381.105067938566208 ], [ 417400.836929827579297, 9128376.479927409440279 ], [ 417283.061116580269299, 9128373.704386541619897 ], [ 417165.256236741610337, 9128372.779130153357983 ], [ 417047.451356902951375, 9128373.704386541619897 ], [ 416929.675543655641377, 9128376.479927409440279 ], [ 416811.957856419263408, 9128381.105067938566208 ], [ 416694.327340271731373, 9128387.578666942194104 ], [ 416576.813018782762811, 9128395.899127155542374 ], [ 416459.44388685276499, 9128406.064395630732179 ], [ 416342.248903558764141, 9128418.071964239701629 ], [ 416225.25698500929866, 9128431.918870294466615 ], [ 416108.496997209731489, 9128447.601697279140353 ], [ 415991.997748939902522, 9128465.116575689986348 ], [ 415875.787984646041878, 9128484.459183992817998 ], [ 415759.896377348690294, 9128505.624749688431621 ], [ 415644.351521567790769, 9128528.608050489798188 ], [ 415529.181926267512608, 9128553.403415612876415 ], [ 415414.416007822321262, 9128580.00472716987133 ], [ 415300.082083005225286, 9128608.405421689152718 ], [ 415186.208362001285423, 9128638.598491718992591 ], [ 415072.822941447375342, 9128670.576487576588988 ], [ 414959.953797499358188, 9128704.331519166007638 ], [ 414847.628778929531109, 9128739.8552579395473 ], [ 414735.875600255501922, 9128777.138938946649432 ], [ 414624.721834901953116, 9128816.173362996429205 ], [ 414514.194908397155814, 9128856.948898930102587 ], [ 414404.322091606503818, 9128899.455485992133617 ], [ 414295.13049400341697, 9128943.682636318728328 ], [ 414186.647056980757043, 9128989.619437523186207 ], [ 414078.898547203280032, 9129037.254555387422442 ], [ 413971.911550003569573, 9129086.57623665779829 ], [ 413865.712462822266389, 9129137.572311948984861 ], [ 413760.327488695038483, 9129190.230198740959167 ], [ 413655.782629787281621, 9129244.536904487758875 ], [ 413552.103680978761986, 9129300.479029824957252 ], [ 413449.316223498550244, 9129358.042771866545081 ], [ 413347.445618613797706, 9129417.213927622884512 ], [ 413246.517001372005325, 9129477.977897496894002 ], [ 413146.555274399113841, 9129540.319688888266683 ], [ 413047.585101755626965, 9129604.22391989082098 ], [ 412949.630902850651182, 9129669.674823094159365 ], [ 412852.716846416995395, 9129736.656249465420842 ], [ 412756.866844548087101, 9129805.151672340929508 ], [ 412662.104546797461808, 9129875.14419149979949 ], [ 412568.453334344259929, 9129946.61653733626008 ], [ 412475.936314223799855, 9130019.551075115799904 ], [ 412384.5763136264286, 9130093.929809335619211 ], [ 412294.395874265232123, 9130169.734388154000044 ], [ 412205.417246814235114, 9130246.946107923984528 ], [ 412117.662385418312624, 9130325.545917814597487 ], [ 412031.152942276443355, 9130405.514424493536353 ], [ 411945.91026229923591, 9130486.831896929070354 ], [ 411861.955377842532471, 9130569.478271253407001 ], [ 411779.309003517671954, 9130653.433155711740255 ], [ 411697.991531081032008, 9130738.675835687667131 ], [ 411618.023024402034935, 9130825.185278829187155 ], [ 411539.423214513168205, 9130912.940140226855874 ], [ 411462.211494741379283, 9131001.918767677620053 ], [ 411386.406915923173074, 9131092.099207038059831 ], [ 411312.028181704110466, 9131183.459207635372877 ], [ 411239.093643923930358, 9131275.976227756589651 ], [ 411167.621298088459298, 9131369.627440208569169 ], [ 411097.628778929531109, 9131464.389737959951162 ], [ 411029.133356053906027, 9131560.239739829674363 ], [ 410962.151929682411719, 9131657.153796263039112 ], [ 410896.701026479597203, 9131755.107995167374611 ], [ 410832.796795476519037, 9131854.07816781103611 ], [ 410770.455004085903056, 9131954.039894783869386 ], [ 410709.691034212009981, 9132054.968512024730444 ], [ 410650.519878455204889, 9132156.839116910472512 ], [ 410592.956136412627529, 9132259.626574389636517 ], [ 410537.014011076418683, 9132363.305523199960589 ], [ 410482.707305328862276, 9132467.850382106378675 ], [ 410430.049418537004385, 9132573.235356234014034 ], [ 410379.053343246458098, 9132679.434443416073918 ], [ 410329.731661975791212, 9132786.421440614387393 ], [ 410282.0965441117296, 9132894.169950392097235 ], [ 410236.159742906980682, 9133002.653387414291501 ], [ 410191.932592579745688, 9133111.844985017552972 ], [ 410149.426005517598242, 9133221.717801809310913 ], [ 410108.65046958491439, 9133332.244728313758969 ], [ 410069.616045535018202, 9133443.398493668064475 ], [ 410032.332364527974278, 9133555.151672340929508 ], [ 409996.808625754143577, 9133667.476690910756588 ], [ 409963.053594164550304, 9133780.345834858715534 ], [ 409931.07559830811806, 9133893.731255413964391 ], [ 409900.882528276881203, 9134007.6049764174968 ], [ 409872.481833759055007, 9134121.938901234418154 ], [ 409845.880522201012354, 9134236.704819679260254 ], [ 409821.085157078341581, 9134351.87441498041153 ], [ 409798.101856276451144, 9134467.419270761311054 ], [ 409776.936290580779314, 9134583.310878057032824 ], [ 409757.59368227806408, 9134699.520642351359129 ], [ 409740.078803867450915, 9134816.019890621304512 ], [ 409724.395976883010007, 9134932.779878420755267 ], [ 409710.54907082777936, 9135049.771796969696879 ], [ 409698.541502218518872, 9135166.966780263930559 ], [ 409688.376233743154444, 9135284.335912194103003 ], [ 409680.055773529573344, 9135401.850233683362603 ], [ 409673.582174526818562, 9135519.4807498306036 ], [ 409668.957033998623956, 9135637.198437066748738 ], [ 409666.181493129173759, 9135754.974250314757228 ], [ 409665.256236741610337, 9135872.779130153357983 ], [ 409666.181493129173759, 9135990.584009991958737 ], [ 409668.957033998623956, 9136108.359823239967227 ], [ 409673.582174526818562, 9136226.077510476112366 ], [ 409680.055773529573344, 9136343.708026623353362 ], [ 409688.376233743154444, 9136461.222348112612963 ], [ 409698.541502218518872, 9136578.591480042785406 ], [ 409710.54907082777936, 9136695.786463337019086 ], [ 409724.395976883010007, 9136812.778381885960698 ], [ 409740.078803867450915, 9136929.538369685411453 ], [ 409757.59368227806408, 9137046.037617955356836 ], [ 409776.936290580779314, 9137162.247382249683142 ], [ 409798.101856276451144, 9137278.138989545404911 ], [ 409821.085157078341581, 9137393.683845326304436 ], [ 409845.880522201012354, 9137508.853440627455711 ], [ 409872.481833759055007, 9137623.619359072297812 ], [ 409900.882528276881203, 9137737.953283889219165 ], [ 409931.07559830811806, 9137851.827004892751575 ], [ 409963.053594164550304, 9137965.212425448000431 ], [ 409996.808625754143577, 9138078.081569395959377 ], [ 410032.332364527974278, 9138190.406587965786457 ], [ 410069.616045535018202, 9138302.15976663865149 ], [ 410108.65046958491439, 9138413.313531992956996 ], [ 410149.426005517598242, 9138523.840458497405052 ], [ 410191.932592579745688, 9138633.713275289162993 ], [ 410236.159742906980682, 9138742.904872892424464 ], [ 410282.0965441117296, 9138851.388309914618731 ], [ 410329.731661975791212, 9138959.136819692328572 ], [ 410379.053343246458098, 9139066.123816890642047 ], [ 410430.049418537004385, 9139172.322904072701931 ], [ 410482.707305328862276, 9139277.707878200337291 ], [ 410537.014011076418683, 9139382.252737106755376 ], [ 410592.956136412627529, 9139485.931685917079449 ], [ 410650.519878455204889, 9139588.719143396243453 ], [ 410709.691034212009981, 9139690.589748281985521 ], [ 410770.455004085903056, 9139791.51836552284658 ], [ 410832.796795476519037, 9139891.480092495679855 ], [ 410896.701026479597203, 9139990.450265139341354 ], [ 410962.151929682411719, 9140088.404464043676853 ], [ 411029.133356053964235, 9140185.318520477041602 ], [ 411097.628778929531109, 9140281.168522346764803 ], [ 411167.621298088459298, 9140375.930820098146796 ], [ 411239.093643923930358, 9140469.582032550126314 ], [ 411312.028181704110466, 9140562.099052671343088 ], [ 411386.406915923173074, 9140653.459053268656135 ], [ 411462.211494741379283, 9140743.639492629095912 ], [ 411539.423214513168205, 9140832.618120079860091 ], [ 411618.023024402034935, 9140920.372981477528811 ], [ 411697.991531081032008, 9141006.882424619048834 ], [ 411779.309003517671954, 9141092.12510459497571 ], [ 411861.955377842532471, 9141176.079989053308964 ], [ 411945.91026229923591, 9141258.726363377645612 ], [ 412031.152942276443355, 9141340.043835813179612 ], [ 412117.662385418312624, 9141420.012342492118478 ], [ 412205.417246814235114, 9141498.612152382731438 ], [ 412294.395874265232123, 9141575.823872152715921 ], [ 412384.5763136264286, 9141651.628450971096754 ], [ 412475.936314223799855, 9141726.007185190916061 ], [ 412568.453334344259929, 9141798.941722970455885 ], [ 412662.104546797461808, 9141870.414068806916475 ], [ 412756.866844548087101, 9141940.406587965786457 ], [ 412852.716846417053603, 9142008.902010841295123 ], [ 412949.630902850651182, 9142075.883437212556601 ], [ 413047.585101755626965, 9142141.334340415894985 ], [ 413146.555274399113841, 9142205.238571418449283 ], [ 413246.517001372005325, 9142267.580362809821963 ], [ 413347.445618613855913, 9142328.344332683831453 ], [ 413449.316223498550244, 9142387.515488440170884 ], [ 413552.103680978761986, 9142445.079230481758714 ], [ 413655.782629787281621, 9142501.02135581895709 ], [ 413760.327488694980275, 9142555.328061565756798 ], [ 413865.712462822266389, 9142607.985948357731104 ], [ 413971.911550003569573, 9142658.982023648917675 ], [ 414078.898547203280032, 9142708.303704919293523 ], [ 414186.647056980757043, 9142755.938822783529758 ], [ 414295.13049400341697, 9142801.875623987987638 ], [ 414404.322091606503818, 9142846.102774314582348 ], [ 414514.194908397155814, 9142888.609361376613379 ], [ 414624.721834901953116, 9142929.38489731028676 ], [ 414735.875600255501922, 9142968.419321360066533 ], [ 414847.628778929531109, 9143005.703002367168665 ], [ 414959.953797499358188, 9143041.226741140708327 ], [ 415072.822941447375342, 9143074.981772730126977 ], [ 415186.20836200134363, 9143106.959768587723374 ], [ 415300.082083005225286, 9143137.152838617563248 ], [ 415414.416007822321262, 9143165.553533136844635 ], [ 415529.181926267570816, 9143192.15484469383955 ], [ 415644.351521567790769, 9143216.950209816917777 ], [ 415759.896377348690294, 9143239.933510618284345 ], [ 415875.787984646041878, 9143261.099076313897967 ], [ 415991.997748939902522, 9143280.441684616729617 ], [ 416108.496997209731489, 9143297.956563027575612 ], [ 416225.256985009356868, 9143313.639390012249351 ], [ 416342.248903558764141, 9143327.486296067014337 ], [ 416459.44388685276499, 9143339.493864675983787 ], [ 416576.813018782762811, 9143349.659133151173592 ], [ 416694.327340271789581, 9143357.979593364521861 ], [ 416811.957856419263408, 9143364.453192368149757 ], [ 416929.675543655641377, 9143369.078332897275686 ], [ 417047.451356902951375, 9143371.853873765096068 ], [ 417165.256236741610337, 9143372.779130153357983 ], [ 417283.061116580269299, 9143371.853873765096068 ], [ 417400.836929827579297, 9143369.078332897275686 ], [ 417518.554617063957267, 9143364.453192368149757 ], [ 417636.185133211489301, 9143357.979593364521861 ], [ 417753.699454700457864, 9143349.659133151173592 ], [ 417871.068586630455684, 9143339.493864675983787 ], [ 417988.263569924456533, 9143327.486296067014337 ], [ 418105.255488473863807, 9143313.639390012249351 ], [ 418222.015476273489185, 9143297.956563027575612 ], [ 418338.514724543318152, 9143280.441684616729617 ], [ 418454.724488837178797, 9143261.099076313897967 ], [ 418570.61609613453038, 9143239.933510618284345 ], [ 418686.160951915429905, 9143216.950209816917777 ], [ 418801.330547215708066, 9143192.15484469383955 ], [ 418916.096465660899412, 9143165.553533136844635 ], [ 419030.430390477995388, 9143137.152838617563248 ], [ 419144.304111481935252, 9143106.959768587723374 ], [ 419257.689532035845332, 9143074.981772730126977 ], [ 419370.558675983862486, 9143041.226741140708327 ], [ 419482.883694553689566, 9143005.703002367168665 ], [ 419594.636873227718752, 9142968.419321360066533 ], [ 419705.790638581325766, 9142929.38489731028676 ], [ 419816.31756508606486, 9142888.609361376613379 ], [ 419926.190381876716856, 9142846.102774314582348 ], [ 420035.381979479803704, 9142801.875623987987638 ], [ 420143.865416502463631, 9142755.938822783529758 ], [ 420251.613926279940642, 9142708.303704919293523 ], [ 420358.600923479651101, 9142658.982023648917675 ], [ 420464.800010660954285, 9142607.985948357731104 ], [ 420570.184984788240399, 9142555.328061565756798 ], [ 420674.729843695939053, 9142501.02135581895709 ], [ 420778.408792504458688, 9142445.079230481758714 ], [ 420881.19624998467043, 9142387.515488440170884 ], [ 420983.066854869422968, 9142328.344332683831453 ], [ 421083.995472111215349, 9142267.580362809821963 ], [ 421183.957199084106833, 9142205.238571418449283 ], [ 421282.927371727593709, 9142141.334340415894985 ], [ 421380.881570632569492, 9142075.883437212556601 ], [ 421477.795627066225279, 9142008.902010841295123 ], [ 421573.64562893519178, 9141940.406587965786457 ], [ 421668.407926685758866, 9141870.414068806916475 ], [ 421762.059139138960745, 9141798.941722970455885 ], [ 421854.57615925942082, 9141726.007185190916061 ], [ 421945.936159856792074, 9141651.628450971096754 ], [ 422036.116599217988551, 9141575.823872152715921 ], [ 422125.095226668985561, 9141498.612152382731438 ], [ 422212.85008806490805, 9141420.012342492118478 ], [ 422299.359531206777319, 9141340.043835813179612 ], [ 422384.602211183984764, 9141258.726363377645612 ], [ 422468.557095640746411, 9141176.079989053308964 ], [ 422551.20346996554872, 9141092.12510459497571 ], [ 422632.520942402188666, 9141006.882424619048834 ], [ 422712.489449081185739, 9140920.372981477528811 ], [ 422791.08925897005247, 9140832.618120079860091 ], [ 422868.300978741841391, 9140743.639492629095912 ], [ 422944.1055575600476, 9140653.459053268656135 ], [ 423018.484291779110208, 9140562.099052671343088 ], [ 423091.418829559290316, 9140469.582032550126314 ], [ 423162.891175394761376, 9140375.930820098146796 ], [ 423232.883694553747773, 9140281.168522346764803 ], [ 423301.379117429314647, 9140185.318520477041602 ], [ 423368.360543800808955, 9140088.404464043676853 ], [ 423433.811447003623471, 9139990.450265139341354 ], [ 423497.715678006701637, 9139891.480092495679855 ], [ 423560.057469397317618, 9139791.51836552284658 ], [ 423620.821439271210693, 9139690.589748281985521 ], [ 423679.992595028015785, 9139588.719143396243453 ], [ 423737.556337070593145, 9139485.931685917079449 ], [ 423793.498462406801991, 9139382.252737106755376 ], [ 423847.805168154358398, 9139277.707878200337291 ], [ 423900.463054946216289, 9139172.322904072701931 ], [ 423951.459130236762576, 9139066.123816890642047 ], [ 424000.780811507429462, 9138959.136819692328572 ], [ 424048.415929371491075, 9138851.388309914618731 ], [ 424094.352730576239992, 9138742.904872892424464 ], [ 424138.579880903474987, 9138633.713275289162993 ], [ 424181.086467965622433, 9138523.840458497405052 ], [ 424221.862003898306284, 9138413.313531992956996 ], [ 424260.896427948202472, 9138302.15976663865149 ], [ 424298.180108955246396, 9138190.406587965786457 ], [ 424333.703847729077097, 9138078.081569395959377 ], [ 424367.45887931867037, 9137965.212425448000431 ], [ 424399.436875175102614, 9137851.827004892751575 ], [ 424429.629945206339471, 9137737.953283889219165 ], [ 424458.030639724165667, 9137623.619359072297812 ], [ 424484.63195128220832, 9137508.853440627455711 ], [ 424509.427316404879093, 9137393.683845326304436 ], [ 424532.41061720676953, 9137278.138989545404911 ], [ 424553.57618290244136, 9137162.247382249683142 ], [ 424572.918791205156595, 9137046.037617955356836 ], [ 424590.433669615769759, 9136929.538369685411453 ], [ 424606.116496600210667, 9136812.778381885960698 ], [ 424619.963402655441314, 9136695.786463337019086 ], [ 424631.970971264701802, 9136578.591480042785406 ], [ 424642.13623974006623, 9136461.222348112612963 ], [ 424650.45669995364733, 9136343.708026623353362 ], [ 424656.930298956402112, 9136226.077510476112366 ], [ 424661.555439484596718, 9136108.359823239967227 ], [ 424664.330980354046915, 9135990.584009991958737 ], [ 424665.256236741610337, 9135872.779130153357983 ] ] ] ] } },
{ "type": "Feature", "properties": { "Id": 0 }, "geometry": { "type": "MultiPolygon", "coordinates": [ [ [ [ 439849.864799999224488, 9137983.200999999418855 ], [ 439848.939543611661065, 9137865.3961201608181 ], [ 439846.164002742210869, 9137747.62030691280961 ], [ 439841.538862214016262, 9137629.902619676664472 ], [ 439835.065263211261481, 9137512.272103529423475 ], [ 439826.744802997680381, 9137394.757782040163875 ], [ 439816.579534522315953, 9137277.388650109991431 ], [ 439804.571965913055465, 9137160.193666815757751 ], [ 439790.725059857824817, 9137043.201748266816139 ], [ 439775.042232873383909, 9136926.441760467365384 ], [ 439757.527354462770745, 9136809.942512197420001 ], [ 439738.184746160055511, 9136693.732747903093696 ], [ 439717.01918046438368, 9136577.841140607371926 ], [ 439694.035879662493244, 9136462.296284826472402 ], [ 439669.24051453982247, 9136347.126689525321126 ], [ 439642.639202981779817, 9136232.360771080479026 ], [ 439614.238508463953622, 9136118.026846263557673 ], [ 439584.045438432716765, 9136004.153125260025263 ], [ 439552.06744257628452, 9135890.767704704776406 ], [ 439518.312410986691248, 9135777.89856075681746 ], [ 439482.788672212860547, 9135665.57354218699038 ], [ 439445.504991205816623, 9135553.820363514125347 ], [ 439406.470567155920435, 9135442.666598159819841 ], [ 439365.695031223236583, 9135332.139671655371785 ], [ 439323.188444161089137, 9135222.266854863613844 ], [ 439278.961293833854143, 9135113.075257260352373 ], [ 439233.024492629105225, 9135004.591820238158107 ], [ 439185.389374765043613, 9134896.843310460448265 ], [ 439136.067693494376726, 9134789.85631326213479 ], [ 439085.07161820383044, 9134683.657226080074906 ], [ 439032.413731411972549, 9134578.272251952439547 ], [ 438978.107025664416142, 9134473.727393046021461 ], [ 438922.164900328207295, 9134370.048444235697389 ], [ 438864.601158285629936, 9134267.260986756533384 ], [ 438805.430002528824843, 9134165.390381870791316 ], [ 438744.666032654931769, 9134064.461764629930258 ], [ 438682.324241264315788, 9133964.500037657096982 ], [ 438618.420010261237621, 9133865.529865013435483 ], [ 438552.969107058423106, 9133767.575666109099984 ], [ 438485.98768068687059, 9133670.661609675735235 ], [ 438417.492257811303716, 9133574.811607806012034 ], [ 438347.499738652375527, 9133480.049310054630041 ], [ 438276.027392816904467, 9133386.398097602650523 ], [ 438203.092855036724359, 9133293.881077481433749 ], [ 438128.714120817661751, 9133202.521076884120703 ], [ 438052.909541999455541, 9133112.340637523680925 ], [ 437975.69782222766662, 9133023.362010072916746 ], [ 437897.09801233879989, 9132935.607148675248027 ], [ 437817.129505659802817, 9132849.097705533728004 ], [ 437735.812033223162871, 9132763.855025557801127 ], [ 437653.165658898302354, 9132679.900141099467874 ], [ 437569.210774441598915, 9132597.253766775131226 ], [ 437483.96809446439147, 9132515.936294339597225 ], [ 437397.458651322522201, 9132435.96778766065836 ], [ 437309.703789926599711, 9132357.3679777700454 ], [ 437220.725162475602701, 9132280.156258 ], [ 437130.544723114406224, 9132204.351679181680083 ], [ 437039.18472251703497, 9132129.972944961860776 ], [ 436946.667702396574896, 9132057.038407182320952 ], [ 436853.016489943373017, 9131985.566061345860362 ], [ 436758.254192192747723, 9131915.57354218699038 ], [ 436662.40419032383943, 9131847.078119311481714 ], [ 436565.490133890183643, 9131780.096692940220237 ], [ 436467.535934985207859, 9131714.645789736881852 ], [ 436368.565762341720983, 9131650.741558734327555 ], [ 436268.6040353688295, 9131588.399767342954874 ], [ 436167.675418127037119, 9131527.635797468945384 ], [ 436065.804813242284581, 9131468.464641712605953 ], [ 435963.017355762072839, 9131410.900899671018124 ], [ 435859.338406953553203, 9131354.958774333819747 ], [ 435754.793548045796342, 9131300.65206858702004 ], [ 435649.408573918568436, 9131247.994181795045733 ], [ 435543.209486737265252, 9131196.998106503859162 ], [ 435436.222489537554793, 9131147.676425233483315 ], [ 435328.473979760077782, 9131100.041307369247079 ], [ 435219.990542737417854, 9131054.1045061647892 ], [ 435110.798945134331007, 9131009.877355838194489 ], [ 435000.926128343679011, 9130967.370768776163459 ], [ 434890.399201838881709, 9130926.595232842490077 ], [ 434779.245436485332903, 9130887.560808792710304 ], [ 434667.492257811303716, 9130850.277127785608172 ], [ 434555.167239241476636, 9130814.75338901206851 ], [ 434442.298095293459482, 9130780.99835742264986 ], [ 434328.912674739491194, 9130749.020361565053463 ], [ 434215.038953735609539, 9130718.82729153521359 ], [ 434100.705028918513563, 9130690.426597015932202 ], [ 433985.939110473264009, 9130663.825285458937287 ], [ 433870.769515173044056, 9130639.02992033585906 ], [ 433755.224659392144531, 9130616.046619534492493 ], [ 433639.333052094792947, 9130594.88105383887887 ], [ 433523.123287800932303, 9130575.53844553604722 ], [ 433406.624039531103335, 9130558.023567125201225 ], [ 433289.864051731477957, 9130542.340740140527487 ], [ 433172.872133182070684, 9130528.493834085762501 ], [ 433055.677149888069835, 9130516.486265476793051 ], [ 432938.308017958072014, 9130506.320997001603246 ], [ 432820.793696469045244, 9130498.000536788254976 ], [ 432703.163180321571417, 9130491.52693778462708 ], [ 432585.445493085193448, 9130486.901797255501151 ], [ 432467.66967983788345, 9130484.126256387680769 ], [ 432349.864799999224488, 9130483.200999999418855 ], [ 432232.059920160565525, 9130484.126256387680769 ], [ 432114.284106913255528, 9130486.901797255501151 ], [ 431996.566419676877558, 9130491.52693778462708 ], [ 431878.935903529345524, 9130498.000536788254976 ], [ 431761.421582040376961, 9130506.320997001603246 ], [ 431644.052450110379141, 9130516.486265476793051 ], [ 431526.857466816378292, 9130528.493834085762501 ], [ 431409.865548266912811, 9130542.340740140527487 ], [ 431293.10556046734564, 9130558.023567125201225 ], [ 431176.606312197516672, 9130575.53844553604722 ], [ 431060.396547903656028, 9130594.88105383887887 ], [ 430944.504940606304444, 9130616.046619534492493 ], [ 430828.96008482540492, 9130639.02992033585906 ], [ 430713.790489525126759, 9130663.825285458937287 ], [ 430599.024571079935413, 9130690.426597015932202 ], [ 430484.690646262839437, 9130718.82729153521359 ], [ 430370.816925258899573, 9130749.020361565053463 ], [ 430257.431504704989493, 9130780.99835742264986 ], [ 430144.562360756972339, 9130814.75338901206851 ], [ 430032.237342187145259, 9130850.277127785608172 ], [ 429920.484163513116073, 9130887.560808792710304 ], [ 429809.330398159567267, 9130926.595232842490077 ], [ 429698.803471654769965, 9130967.370768776163459 ], [ 429588.930654864117969, 9131009.877355838194489 ], [ 429479.739057261031121, 9131054.1045061647892 ], [ 429371.255620238371193, 9131100.041307369247079 ], [ 429263.507110460894182, 9131147.676425233483315 ], [ 429156.520113261183724, 9131196.998106503859162 ], [ 429050.321026079880539, 9131247.994181795045733 ], [ 428944.936051952652633, 9131300.65206858702004 ], [ 428840.391193044895772, 9131354.958774333819747 ], [ 428736.712244236376137, 9131410.900899671018124 ], [ 428633.924786756164394, 9131468.464641712605953 ], [ 428532.054181871411856, 9131527.635797468945384 ], [ 428431.125564629619475, 9131588.399767342954874 ], [ 428331.163837656727992, 9131650.741558734327555 ], [ 428232.193665013241116, 9131714.645789736881852 ], [ 428134.239466108265333, 9131780.096692940220237 ], [ 428037.325409674609546, 9131847.078119311481714 ], [ 427941.475407805701252, 9131915.57354218699038 ], [ 427846.713110055075958, 9131985.566061345860362 ], [ 427753.06189760187408, 9132057.038407182320952 ], [ 427660.544877481414005, 9132129.972944961860776 ], [ 427569.184876884042751, 9132204.351679181680083 ], [ 427479.004437522846274, 9132280.156258 ], [ 427390.025810071849264, 9132357.3679777700454 ], [ 427302.270948675926775, 9132435.96778766065836 ], [ 427215.761505534057505, 9132515.936294339597225 ], [ 427130.518825556850061, 9132597.253766775131226 ], [ 427046.563941100146621, 9132679.900141099467874 ], [ 426963.917566775286105, 9132763.855025557801127 ], [ 426882.600094338646159, 9132849.097705533728004 ], [ 426802.631587659649085, 9132935.607148675248027 ], [ 426724.031777770782355, 9133023.362010072916746 ], [ 426646.820057998993434, 9133112.340637523680925 ], [ 426571.015479180787224, 9133202.521076884120703 ], [ 426496.636744961724617, 9133293.881077481433749 ], [ 426423.702207181544509, 9133386.398097602650523 ], [ 426352.229861346073449, 9133480.049310054630041 ], [ 426282.237342187145259, 9133574.811607806012034 ], [ 426213.741919311520178, 9133670.661609675735235 ], [ 426146.76049294002587, 9133767.575666109099984 ], [ 426081.309589737211354, 9133865.529865013435483 ], [ 426017.405358734133188, 9133964.500037657096982 ], [ 425955.063567343517207, 9134064.461764629930258 ], [ 425894.299597469624132, 9134165.390381870791316 ], [ 425835.12844171281904, 9134267.260986756533384 ], [ 425777.56469967024168, 9134370.048444235697389 ], [ 425721.622574334032834, 9134473.727393046021461 ], [ 425667.315868586476427, 9134578.272251952439547 ], [ 425614.657981794618536, 9134683.657226080074906 ], [ 425563.661906504072249, 9134789.85631326213479 ], [ 425514.340225233405363, 9134896.843310460448265 ], [ 425466.70510736934375, 9135004.591820238158107 ], [ 425420.768306164594833, 9135113.075257260352373 ], [ 425376.541155837359838, 9135222.266854863613844 ], [ 425334.034568775212392, 9135332.139671655371785 ], [ 425293.259032842528541, 9135442.666598159819841 ], [ 425254.224608792632353, 9135553.820363514125347 ], [ 425216.940927785588428, 9135665.57354218699038 ], [ 425181.417189011757728, 9135777.89856075681746 ], [ 425147.662157422164455, 9135890.767704704776406 ], [ 425115.684161565732211, 9136004.153125260025263 ], [ 425085.491091534495354, 9136118.026846263557673 ], [ 425057.090397016669158, 9136232.360771080479026 ], [ 425030.489085458626505, 9136347.126689525321126 ], [ 425005.693720335955732, 9136462.296284826472402 ], [ 424982.710419534065295, 9136577.841140607371926 ], [ 424961.544853838393465, 9136693.732747903093696 ], [ 424942.20224553567823, 9136809.942512197420001 ], [ 424924.687367125065066, 9136926.441760467365384 ], [ 424909.004540140624158, 9137043.201748266816139 ], [ 424895.157634085393511, 9137160.193666815757751 ], [ 424883.150065476133022, 9137277.388650109991431 ], [ 424872.984797000768594, 9137394.757782040163875 ], [ 424864.664336787187494, 9137512.272103529423475 ], [ 424858.190737784432713, 9137629.902619676664472 ], [ 424853.565597256238107, 9137747.62030691280961 ], [ 424850.79005638678791, 9137865.3961201608181 ], [ 424849.864799999224488, 9137983.200999999418855 ], [ 424850.79005638678791, 9138101.005879838019609 ], [ 424853.565597256238107, 9138218.781693086028099 ], [ 424858.190737784432713, 9138336.499380322173238 ], [ 424864.664336787187494, 9138454.129896469414234 ], [ 424872.984797000768594, 9138571.644217958673835 ], [ 424883.150065476133022, 9138689.013349888846278 ], [ 424895.157634085393511, 9138806.208333183079958 ], [ 424909.004540140624158, 9138923.20025173202157 ], [ 424924.687367125065066, 9139039.960239531472325 ], [ 424942.20224553567823, 9139156.459487801417708 ], [ 424961.544853838393465, 9139272.669252095744014 ], [ 424982.710419534065295, 9139388.560859391465783 ], [ 425005.693720335955732, 9139504.105715172365308 ], [ 425030.489085458626505, 9139619.275310473516583 ], [ 425057.090397016669158, 9139734.041228918358684 ], [ 425085.491091534495354, 9139848.375153735280037 ], [ 425115.684161565732211, 9139962.248874738812447 ], [ 425147.662157422164455, 9140075.634295294061303 ], [ 425181.417189011757728, 9140188.503439242020249 ], [ 425216.940927785588428, 9140300.828457811847329 ], [ 425254.224608792632353, 9140412.581636484712362 ], [ 425293.259032842528541, 9140523.735401839017868 ], [ 425334.034568775212392, 9140634.262328343465924 ], [ 425376.541155837359838, 9140744.135145135223866 ], [ 425420.768306164594833, 9140853.326742738485336 ], [ 425466.70510736934375, 9140961.810179760679603 ], [ 425514.340225233405363, 9141069.558689538389444 ], [ 425563.661906504072249, 9141176.545686736702919 ], [ 425614.657981794618536, 9141282.744773918762803 ], [ 425667.315868586476427, 9141388.129748046398163 ], [ 425721.622574334032834, 9141492.674606952816248 ], [ 425777.56469967024168, 9141596.353555763140321 ], [ 425835.12844171281904, 9141699.141013242304325 ], [ 425894.299597469624132, 9141801.011618128046393 ], [ 425955.063567343517207, 9141901.940235368907452 ], [ 426017.405358734133188, 9142001.901962341740727 ], [ 426081.309589737211354, 9142100.872134985402226 ], [ 426146.76049294002587, 9142198.826333889737725 ], [ 426213.741919311578386, 9142295.740390323102474 ], [ 426282.237342187145259, 9142391.590392192825675 ], [ 426352.229861346073449, 9142486.352689944207668 ], [ 426423.702207181544509, 9142580.003902396187186 ], [ 426496.636744961724617, 9142672.52092251740396 ], [ 426571.015479180787224, 9142763.880923114717007 ], [ 426646.820057998993434, 9142854.061362475156784 ], [ 426724.031777770782355, 9142943.039989925920963 ], [ 426802.631587659649085, 9143030.794851323589683 ], [ 426882.600094338646159, 9143117.304294465109706 ], [ 426963.917566775286105, 9143202.546974441036582 ], [ 427046.563941100146621, 9143286.501858899369836 ], [ 427130.518825556850061, 9143369.148233223706484 ], [ 427215.761505534057505, 9143450.465705659240484 ], [ 427302.270948675926775, 9143530.43421233817935 ], [ 427390.025810071849264, 9143609.03402222879231 ], [ 427479.004437522846274, 9143686.245741998776793 ], [ 427569.184876884042751, 9143762.050320817157626 ], [ 427660.544877481414005, 9143836.429055036976933 ], [ 427753.06189760187408, 9143909.363592816516757 ], [ 427846.713110055075958, 9143980.835938652977347 ], [ 427941.475407805701252, 9144050.828457811847329 ], [ 428037.325409674667753, 9144119.323880687355995 ], [ 428134.239466108265333, 9144186.305307058617473 ], [ 428232.193665013241116, 9144251.756210261955857 ], [ 428331.163837656727992, 9144315.660441264510155 ], [ 428431.125564629619475, 9144378.002232655882835 ], [ 428532.054181871470064, 9144438.766202529892325 ], [ 428633.924786756164394, 9144497.937358286231756 ], [ 428736.712244236376137, 9144555.501100327819586 ], [ 428840.391193044895772, 9144611.443225665017962 ], [ 428944.936051952594426, 9144665.74993141181767 ], [ 429050.321026079880539, 9144718.407818203791976 ], [ 429156.520113261183724, 9144769.403893494978547 ], [ 429263.507110460894182, 9144818.725574765354395 ], [ 429371.255620238371193, 9144866.360692629590631 ], [ 429479.739057261031121, 9144912.29749383404851 ], [ 429588.930654864117969, 9144956.52464416064322 ], [ 429698.803471654769965, 9144999.031231222674251 ], [ 429809.330398159567267, 9145039.806767156347632 ], [ 429920.484163513116073, 9145078.841191206127405 ], [ 430032.237342187145259, 9145116.124872213229537 ], [ 430144.562360756972339, 9145151.648610986769199 ], [ 430257.431504704989493, 9145185.403642576187849 ], [ 430370.816925258957781, 9145217.381638433784246 ], [ 430484.690646262839437, 9145247.57470846362412 ], [ 430599.024571079935413, 9145275.975402982905507 ], [ 430713.790489525184967, 9145302.576714539900422 ], [ 430828.96008482540492, 9145327.372079662978649 ], [ 430944.504940606304444, 9145350.355380464345217 ], [ 431060.396547903656028, 9145371.520946159958839 ], [ 431176.606312197516672, 9145390.863554462790489 ], [ 431293.10556046734564, 9145408.378432873636484 ], [ 431409.865548266971018, 9145424.061259858310223 ], [ 431526.857466816378292, 9145437.908165913075209 ], [ 431644.052450110379141, 9145449.915734522044659 ], [ 431761.421582040376961, 9145460.081002997234464 ], [ 431878.935903529403731, 9145468.401463210582733 ], [ 431996.566419676877558, 9145474.875062214210629 ], [ 432114.284106913255528, 9145479.500202743336558 ], [ 432232.059920160565525, 9145482.27574361115694 ], [ 432349.864799999224488, 9145483.200999999418855 ], [ 432467.66967983788345, 9145482.27574361115694 ], [ 432585.445493085193448, 9145479.500202741473913 ], [ 432703.163180321571417, 9145474.875062214210629 ], [ 432820.793696469103452, 9145468.401463210582733 ], [ 432938.308017958072014, 9145460.081002997234464 ], [ 433055.677149888069835, 9145449.915734522044659 ], [ 433172.872133182070684, 9145437.908165913075209 ], [ 433289.864051731477957, 9145424.061259858310223 ], [ 433406.624039531103335, 9145408.378432873636484 ], [ 433523.123287800932303, 9145390.863554462790489 ], [ 433639.333052094792947, 9145371.520946159958839 ], [ 433755.224659392144531, 9145350.355380464345217 ], [ 433870.769515173044056, 9145327.372079662978649 ], [ 433985.939110473322216, 9145302.576714539900422 ], [ 434100.705028918513563, 9145275.975402982905507 ], [ 434215.038953735609539, 9145247.57470846362412 ], [ 434328.912674739549402, 9145217.381638433784246 ], [ 434442.298095293459482, 9145185.403642576187849 ], [ 434555.167239241476636, 9145151.648610986769199 ], [ 434667.492257811303716, 9145116.124872213229537 ], [ 434779.245436485332903, 9145078.841191206127405 ], [ 434890.399201838939916, 9145039.806767156347632 ], [ 435000.926128343679011, 9144999.031231222674251 ], [ 435110.798945134331007, 9144956.52464416064322 ], [ 435219.990542737417854, 9144912.29749383404851 ], [ 435328.473979760077782, 9144866.360692629590631 ], [ 435436.222489537554793, 9144818.725574765354395 ], [ 435543.209486737265252, 9144769.403893494978547 ], [ 435649.408573918568436, 9144718.407818203791976 ], [ 435754.79354804585455, 9144665.74993141181767 ], [ 435859.338406953553203, 9144611.443225665017962 ], [ 435963.017355762072839, 9144555.501100327819586 ], [ 436065.804813242284581, 9144497.937358286231756 ], [ 436167.675418127037119, 9144438.766202529892325 ], [ 436268.6040353688295, 9144378.002232655882835 ], [ 436368.565762341720983, 9144315.660441264510155 ], [ 436467.535934985207859, 9144251.756210261955857 ], [ 436565.490133890183643, 9144186.305307058617473 ], [ 436662.40419032383943, 9144119.323880687355995 ], [ 436758.254192192805931, 9144050.828457811847329 ], [ 436853.016489943373017, 9143980.835938652977347 ], [ 436946.667702396574896, 9143909.363592816516757 ], [ 437039.18472251703497, 9143836.429055036976933 ], [ 437130.544723114406224, 9143762.050320817157626 ], [ 437220.725162475602701, 9143686.245741998776793 ], [ 437309.703789926599711, 9143609.03402222879231 ], [ 437397.458651322522201, 9143530.43421233817935 ], [ 437483.96809446439147, 9143450.465705659240484 ], [ 437569.210774441598915, 9143369.148233223706484 ], [ 437653.165658898360562, 9143286.501858899369836 ], [ 437735.812033223162871, 9143202.546974441036582 ], [ 437817.129505659802817, 9143117.304294465109706 ], [ 437897.09801233879989, 9143030.794851323589683 ], [ 437975.69782222766662, 9142943.039989925920963 ], [ 438052.909541999455541, 9142854.061362475156784 ], [ 438128.714120817661751, 9142763.880923114717007 ], [ 438203.092855036724359, 9142672.52092251740396 ], [ 438276.027392816904467, 9142580.003902396187186 ], [ 438347.499738652375527, 9142486.352689944207668 ], [ 438417.492257811361924, 9142391.590392192825675 ], [ 438485.987680686928798, 9142295.740390323102474 ], [ 438552.969107058423106, 9142198.826333889737725 ], [ 438618.420010261237621, 9142100.872134985402226 ], [ 438682.324241264315788, 9142001.901962341740727 ], [ 438744.666032654931769, 9141901.940235368907452 ], [ 438805.430002528824843, 9141801.011618128046393 ], [ 438864.601158285629936, 9141699.141013242304325 ], [ 438922.164900328207295, 9141596.353555763140321 ], [ 438978.107025664416142, 9141492.674606952816248 ], [ 439032.413731411972549, 9141388.129748046398163 ], [ 439085.07161820383044, 9141282.744773918762803 ], [ 439136.067693494376726, 9141176.545686736702919 ], [ 439185.389374765043613, 9141069.558689538389444 ], [ 439233.024492629105225, 9140961.810179760679603 ], [ 439278.961293833854143, 9140853.326742738485336 ], [ 439323.188444161089137, 9140744.135145135223866 ], [ 439365.695031223236583, 9140634.262328343465924 ], [ 439406.470567155920435, 9140523.735401839017868 ], [ 439445.504991205816623, 9140412.581636484712362 ], [ 439482.788672212860547, 9140300.828457811847329 ], [ 439518.312410986691248, 9140188.503439242020249 ], [ 439552.06744257628452, 9140075.634295294061303 ], [ 439584.045438432716765, 9139962.248874738812447 ], [ 439614.238508463953622, 9139848.375153735280037 ], [ 439642.639202981779817, 9139734.041228918358684 ], [ 439669.24051453982247, 9139619.275310473516583 ], [ 439694.035879662493244, 9139504.105715172365308 ], [ 439717.01918046438368, 9139388.560859391465783 ], [ 439738.184746160055511, 9139272.669252095744014 ], [ 439757.527354462770745, 9139156.459487801417708 ], [ 439775.042232873383909, 9139039.960239531472325 ], [ 439790.725059857824817, 9138923.20025173202157 ], [ 439804.571965913055465, 9138806.208333183079958 ], [ 439816.579534522315953, 9138689.013349888846278 ], [ 439826.744802997680381, 9138571.644217958673835 ], [ 439835.065263211261481, 9138454.129896469414234 ], [ 439841.538862214016262, 9138336.499380322173238 ], [ 439846.164002742210869, 9138218.781693086028099 ], [ 439848.939543611661065, 9138101.005879838019609 ], [ 439849.864799999224488, 9137983.200999999418855 ] ] ] ] } },
{ "type": "Feature", "properties": { "Id": 0 }, "geometry": { "type": "MultiPolygon", "coordinates": [ [ [ [ 450888.534905478183646, 9140476.908652486279607 ], [ 450887.609649090620223, 9140359.103772647678852 ], [ 450884.834108221170027, 9140241.327959399670362 ], [ 450880.208967692975421, 9140123.610272163525224 ], [ 450873.735368690220639, 9140005.979756016284227 ], [ 450865.414908476639539, 9139888.465434527024627 ], [ 450855.249640001275111, 9139771.096302596852183 ], [ 450843.242071392014623, 9139653.901319302618504 ], [ 450829.395165336783975, 9139536.909400753676891 ], [ 450813.712338352343068, 9139420.149412954226136 ], [ 450796.197459941729903, 9139303.650164684280753 ], [ 450776.854851639014669, 9139187.440400389954448 ], [ 450755.689285943342838, 9139071.548793094232678 ], [ 450732.705985141452402, 9138956.003937313333154 ], [ 450707.910620018781628, 9138840.834342012181878 ], [ 450681.309308460738976, 9138726.068423567339778 ], [ 450652.90861394291278, 9138611.734498750418425 ], [ 450622.715543911675923, 9138497.860777746886015 ], [ 450590.737548055243678, 9138384.475357191637158 ], [ 450556.982516465650406, 9138271.606213243678212 ], [ 450521.458777691819705, 9138159.281194673851132 ], [ 450484.175096684775781, 9138047.528016000986099 ], [ 450445.140672634879593, 9137936.374250646680593 ], [ 450404.365136702195741, 9137825.847324142232537 ], [ 450361.858549640048295, 9137715.974507350474596 ], [ 450317.631399312813301, 9137606.782909747213125 ], [ 450271.694598108064383, 9137498.299472725018859 ], [ 450224.059480244002771, 9137390.550962947309017 ], [ 450174.737798973335885, 9137283.563965748995543 ], [ 450123.741723682789598, 9137177.364878566935658 ], [ 450071.083836890931707, 9137071.979904439300299 ], [ 450016.7771311433753, 9136967.435045532882214 ], [ 449960.835005807166453, 9136863.756096722558141 ], [ 449903.271263764589094, 9136760.968639243394136 ], [ 449844.100108007784002, 9136659.098034357652068 ], [ 449783.336138133890927, 9136558.16941711679101 ], [ 449720.994346743274946, 9136458.207690143957734 ], [ 449657.090115740196779, 9136359.237517500296235 ], [ 449591.639212537382264, 9136261.283318595960736 ], [ 449524.657786165829748, 9136164.369262162595987 ], [ 449456.162363290262874, 9136068.519260292872787 ], [ 449386.169844131334685, 9135973.756962541490793 ], [ 449314.697498295863625, 9135880.105750089511275 ], [ 449241.762960515683517, 9135787.588729968294501 ], [ 449167.384226296620909, 9135696.228729370981455 ], [ 449091.579647478414699, 9135606.048290010541677 ], [ 449014.367927706625778, 9135517.069662559777498 ], [ 448935.768117817759048, 9135429.314801162108779 ], [ 448855.799611138761975, 9135342.805358020588756 ], [ 448774.482138702122029, 9135257.56267804466188 ], [ 448691.835764377261512, 9135173.607793586328626 ], [ 448607.880879920558073, 9135090.961419261991978 ], [ 448522.638199943350628, 9135009.643946826457977 ], [ 448436.128756801481359, 9134929.675440147519112 ], [ 448348.373895405558869, 9134851.075630256906152 ], [ 448259.395267954561859, 9134773.863910486921668 ], [ 448169.214828593365382, 9134698.059331668540835 ], [ 448077.854827995994128, 9134623.680597448721528 ], [ 447985.337807875534054, 9134550.746059669181705 ], [ 447891.686595422332175, 9134479.273713832721114 ], [ 447796.924297671706881, 9134409.281194673851132 ], [ 447701.074295802798588, 9134340.785771798342466 ], [ 447604.160239369142801, 9134273.804345427080989 ], [ 447506.206040464167017, 9134208.353442223742604 ], [ 447407.235867820680141, 9134144.449211221188307 ], [ 447307.274140847788658, 9134082.107419829815626 ], [ 447206.345523605996277, 9134021.343449955806136 ], [ 447104.474918721243739, 9133962.172294199466705 ], [ 447001.687461241031997, 9133904.608552157878876 ], [ 446898.008512432512362, 9133848.666426820680499 ], [ 446793.4636535247555, 9133794.359721073880792 ], [ 446688.078679397527594, 9133741.701834281906486 ], [ 446581.87959221622441, 9133690.705758990719914 ], [ 446474.892595016513951, 9133641.384077720344067 ], [ 446367.14408523903694, 9133593.748959856107831 ], [ 446258.660648216377012, 9133547.812158651649952 ], [ 446149.469050613290165, 9133503.585008325055242 ], [ 446039.596233822638169, 9133461.078421263024211 ], [ 445929.069307317840867, 9133420.302885329350829 ], [ 445817.915541964292061, 9133381.268461279571056 ], [ 445706.162363290262874, 9133343.984780272468925 ], [ 445593.837344720435794, 9133308.461041498929262 ], [ 445480.968200772418641, 9133274.706009909510612 ], [ 445367.582780218450353, 9133242.728014051914215 ], [ 445253.709059214568697, 9133212.534944022074342 ], [ 445139.375134397472721, 9133184.134249502792954 ], [ 445024.609215952223167, 9133157.532937945798039 ], [ 444909.439620652003214, 9133132.737572822719812 ], [ 444793.894764871103689, 9133109.754272021353245 ], [ 444678.003157573752105, 9133088.588706325739622 ], [ 444561.793393279891461, 9133069.246098022907972 ], [ 444445.294145010062493, 9133051.731219612061977 ], [ 444328.534157210437115, 9133036.048392627388239 ], [ 444211.542238661029842, 9133022.201486572623253 ], [ 444094.347255367028993, 9133010.193917963653803 ], [ 443976.978123437031172, 9133000.028649488463998 ], [ 443859.463801948004402, 9132991.708189275115728 ], [ 443741.833285800530575, 9132985.234590271487832 ], [ 443624.115598564152606, 9132980.609449742361903 ], [ 443506.339785316842608, 9132977.833908874541521 ], [ 443388.534905478183646, 9132976.908652486279607 ], [ 443270.730025639524683, 9132977.833908874541521 ], [ 443152.954212392214686, 9132980.609449742361903 ], [ 443035.236525155836716, 9132985.234590271487832 ], [ 442917.606009008304682, 9132991.708189275115728 ], [ 442800.091687519336119, 9133000.028649488463998 ], [ 442682.722555589338299, 9133010.193917963653803 ], [ 442565.52757229533745, 9133022.201486572623253 ], [ 442448.535653745871969, 9133036.048392627388239 ], [ 442331.775665946304798, 9133051.731219612061977 ], [ 442215.27641767647583, 9133069.246098022907972 ], [ 442099.066653382615186, 9133088.588706325739622 ], [ 441983.175046085263602, 9133109.754272021353245 ], [ 441867.630190304364078, 9133132.737572822719812 ], [ 441752.460595004085917, 9133157.532937945798039 ], [ 441637.694676558894571, 9133184.134249502792954 ], [ 441523.360751741798595, 9133212.534944022074342 ], [ 441409.487030737858731, 9133242.728014051914215 ], [ 441296.101610183948651, 9133274.706009909510612 ], [ 441183.232466235931497, 9133308.461041498929262 ], [ 441070.907447666104417, 9133343.984780272468925 ], [ 440959.154268992075231, 9133381.268461279571056 ], [ 440848.000503638526425, 9133420.302885329350829 ], [ 440737.473577133729123, 9133461.078421263024211 ], [ 440627.600760343077127, 9133503.585008325055242 ], [ 440518.409162739990279, 9133547.812158651649952 ], [ 440409.925725717330351, 9133593.748959856107831 ], [ 440302.17721593985334, 9133641.384077720344067 ], [ 440195.190218740142882, 9133690.705758990719914 ], [ 440088.991131558839697, 9133741.701834281906486 ], [ 439983.606157431611791, 9133794.359721073880792 ], [ 439879.06129852385493, 9133848.666426820680499 ], [ 439775.382349715335295, 9133904.608552157878876 ], [ 439672.594892235123552, 9133962.172294199466705 ], [ 439570.724287350371014, 9134021.343449955806136 ], [ 439469.795670108578634, 9134082.107419829815626 ], [ 439369.83394313568715, 9134144.449211221188307 ], [ 439270.863770492200274, 9134208.353442223742604 ], [ 439172.909571587224491, 9134273.804345427080989 ], [ 439075.995515153568704, 9134340.785771798342466 ], [ 438980.14551328466041, 9134409.281194673851132 ], [ 438885.383215534035116, 9134479.273713832721114 ], [ 438791.732003080833238, 9134550.746059669181705 ], [ 438699.214982960373163, 9134623.680597448721528 ], [ 438607.854982363001909, 9134698.059331668540835 ], [ 438517.674543001805432, 9134773.863910486921668 ], [ 438428.695915550808422, 9134851.075630256906152 ], [ 438340.941054154885933, 9134929.675440147519112 ], [ 438254.431611013016663, 9135009.643946826457977 ], [ 438169.188931035809219, 9135090.961419261991978 ], [ 438085.23404657910578, 9135173.607793586328626 ], [ 438002.587672254245263, 9135257.56267804466188 ], [ 437921.270199817605317, 9135342.805358020588756 ], [ 437841.301693138608243, 9135429.314801162108779 ], [ 437762.701883249741513, 9135517.069662559777498 ], [ 437685.490163477952592, 9135606.048290010541677 ], [ 437609.685584659746382, 9135696.228729370981455 ], [ 437535.306850440683775, 9135787.588729968294501 ], [ 437462.372312660503667, 9135880.105750089511275 ], [ 437390.899966825032607, 9135973.756962541490793 ], [ 437320.907447666104417, 9136068.519260292872787 ], [ 437252.412024790479336, 9136164.369262162595987 ], [ 437185.430598418985028, 9136261.283318595960736 ], [ 437119.979695216170512, 9136359.237517500296235 ], [ 437056.075464213092346, 9136458.207690143957734 ], [ 436993.733672822476365, 9136558.16941711679101 ], [ 436932.96970294858329, 9136659.098034357652068 ], [ 436873.798547191778198, 9136760.968639243394136 ], [ 436816.234805149200838, 9136863.756096722558141 ], [ 436760.292679812991992, 9136967.435045532882214 ], [ 436705.985974065435585, 9137071.979904439300299 ], [ 436653.328087273577694, 9137177.364878566935658 ], [ 436602.332011983031407, 9137283.563965748995543 ], [ 436553.010330712364521, 9137390.550962947309017 ], [ 436505.375212848302908, 9137498.299472725018859 ], [ 436459.438411643553991, 9137606.782909747213125 ], [ 436415.211261316318996, 9137715.974507350474596 ], [ 436372.70467425417155, 9137825.847324142232537 ], [ 436331.929138321487699, 9137936.374250646680593 ], [ 436292.894714271591511, 9138047.528016000986099 ], [ 436255.611033264547586, 9138159.281194673851132 ], [ 436220.087294490716886, 9138271.606213243678212 ], [ 436186.332262901123613, 9138384.475357191637158 ], [ 436154.354267044691369, 9138497.860777746886015 ], [ 436124.161197013454512, 9138611.734498750418425 ], [ 436095.760502495628316, 9138726.068423567339778 ], [ 436069.159190937585663, 9138840.834342012181878 ], [ 436044.36382581491489, 9138956.003937313333154 ], [ 436021.380525013024453, 9139071.548793094232678 ], [ 436000.214959317352623, 9139187.440400389954448 ], [ 435980.872351014637388, 9139303.650164684280753 ], [ 435963.357472604024224, 9139420.149412954226136 ], [ 435947.674645619583316, 9139536.909400753676891 ], [ 435933.827739564352669, 9139653.901319302618504 ], [ 435921.820170955092181, 9139771.096302596852183 ], [ 435911.654902479727753, 9139888.465434527024627 ], [ 435903.334442266146652, 9140005.979756016284227 ], [ 435896.860843263391871, 9140123.610272163525224 ], [ 435892.235702735197265, 9140241.327959399670362 ], [ 435889.460161865747068, 9140359.103772647678852 ], [ 435888.534905478183646, 9140476.908652486279607 ], [ 435889.460161865747068, 9140594.713532324880362 ], [ 435892.235702735197265, 9140712.489345572888851 ], [ 435896.860843263391871, 9140830.20703280903399 ], [ 435903.334442266146652, 9140947.837548956274986 ], [ 435911.654902479727753, 9141065.351870445534587 ], [ 435921.820170955092181, 9141182.72100237570703 ], [ 435933.827739564352669, 9141299.91598566994071 ], [ 435947.674645619583316, 9141416.907904218882322 ], [ 435963.357472604024224, 9141533.667892018333077 ], [ 435980.872351014637388, 9141650.167140288278461 ], [ 436000.214959317352623, 9141766.376904582604766 ], [ 436021.380525013024453, 9141882.268511878326535 ], [ 436044.36382581491489, 9141997.81336765922606 ], [ 436069.159190937585663, 9142112.982962960377336 ], [ 436095.760502495628316, 9142227.748881405219436 ], [ 436124.161197013454512, 9142342.082806222140789 ], [ 436154.354267044691369, 9142455.956527225673199 ], [ 436186.332262901123613, 9142569.341947780922055 ], [ 436220.087294490716886, 9142682.211091728881001 ], [ 436255.611033264547586, 9142794.536110298708081 ], [ 436292.894714271591511, 9142906.289288971573114 ], [ 436331.929138321487699, 9143017.44305432587862 ], [ 436372.70467425417155, 9143127.969980830326676 ], [ 436415.211261316318996, 9143237.842797622084618 ], [ 436459.438411643553991, 9143347.034395225346088 ], [ 436505.375212848302908, 9143455.517832247540355 ], [ 436553.010330712364521, 9143563.266342025250196 ], [ 436602.332011983031407, 9143670.253339223563671 ], [ 436653.328087273577694, 9143776.452426405623555 ], [ 436705.985974065435585, 9143881.837400533258915 ], [ 436760.292679812991992, 9143986.382259439677 ], [ 436816.234805149200838, 9144090.061208250001073 ], [ 436873.798547191778198, 9144192.848665729165077 ], [ 436932.96970294858329, 9144294.719270614907146 ], [ 436993.733672822476365, 9144395.647887855768204 ], [ 437056.075464213092346, 9144495.60961482860148 ], [ 437119.979695216170512, 9144594.579787472262979 ], [ 437185.430598418985028, 9144692.533986376598477 ], [ 437252.412024790537544, 9144789.448042809963226 ], [ 437320.907447666104417, 9144885.298044679686427 ], [ 437390.899966825032607, 9144980.06034243106842 ], [ 437462.372312660503667, 9145073.711554883047938 ], [ 437535.306850440683775, 9145166.228575004264712 ], [ 437609.685584659746382, 9145257.588575601577759 ], [ 437685.490163477952592, 9145347.769014962017536 ], [ 437762.701883249741513, 9145436.747642412781715 ], [ 437841.301693138608243, 9145524.502503810450435 ], [ 437921.270199817605317, 9145611.011946951970458 ], [ 438002.587672254245263, 9145696.254626927897334 ], [ 438085.23404657910578, 9145780.209511386230588 ], [ 438169.188931035809219, 9145862.855885710567236 ], [ 438254.431611013016663, 9145944.173358146101236 ], [ 438340.941054154885933, 9146024.141864825040102 ], [ 438428.695915550808422, 9146102.741674715653062 ], [ 438517.674543001805432, 9146179.953394485637546 ], [ 438607.854982363001909, 9146255.757973304018378 ], [ 438699.214982960373163, 9146330.136707523837686 ], [ 438791.732003080833238, 9146403.071245303377509 ], [ 438885.383215534035116, 9146474.543591139838099 ], [ 438980.14551328466041, 9146544.536110298708081 ], [ 439075.995515153626911, 9146613.031533174216747 ], [ 439172.909571587224491, 9146680.012959545478225 ], [ 439270.863770492200274, 9146745.463862748816609 ], [ 439369.83394313568715, 9146809.368093751370907 ], [ 439469.795670108578634, 9146871.709885142743587 ], [ 439570.724287350429222, 9146932.473855016753078 ], [ 439672.594892235123552, 9146991.645010773092508 ], [ 439775.382349715335295, 9147049.208752814680338 ], [ 439879.06129852385493, 9147105.150878151878715 ], [ 439983.606157431553584, 9147159.457583898678422 ], [ 440088.991131558839697, 9147212.115470690652728 ], [ 440195.190218740142882, 9147263.111545981839299 ], [ 440302.17721593985334, 9147312.433227252215147 ], [ 440409.925725717330351, 9147360.068345116451383 ], [ 440518.409162739990279, 9147406.005146320909262 ], [ 440627.600760343077127, 9147450.232296647503972 ], [ 440737.473577133729123, 9147492.738883709535003 ], [ 440848.000503638526425, 9147533.514419643208385 ], [ 440959.154268992075231, 9147572.548843692988157 ], [ 441070.907447666104417, 9147609.832524700090289 ], [ 441183.232466235931497, 9147645.356263473629951 ], [ 441296.101610183948651, 9147679.111295063048601 ], [ 441409.487030737916939, 9147711.089290920644999 ], [ 441523.360751741798595, 9147741.282360950484872 ], [ 441637.694676558894571, 9147769.683055469766259 ], [ 441752.460595004144125, 9147796.284367026761174 ], [ 441867.630190304364078, 9147821.079732149839401 ], [ 441983.175046085263602, 9147844.063032951205969 ], [ 442099.066653382615186, 9147865.228598646819592 ], [ 442215.27641767647583, 9147884.571206949651241 ], [ 442331.775665946304798, 9147902.086085360497236 ], [ 442448.535653745930176, 9147917.768912345170975 ], [ 442565.52757229533745, 9147931.615818399935961 ], [ 442682.722555589338299, 9147943.623387008905411 ], [ 442800.091687519336119, 9147953.788655484095216 ], [ 442917.606009008362889, 9147962.109115697443485 ], [ 443035.236525155836716, 9147968.582714701071382 ], [ 443152.954212392214686, 9147973.20785523019731 ], [ 443270.730025639524683, 9147975.983396098017693 ], [ 443388.534905478183646, 9147976.908652486279607 ], [ 443506.339785316842608, 9147975.983396098017693 ], [ 443624.115598564152606, 9147973.207855228334665 ], [ 443741.833285800530575, 9147968.582714701071382 ], [ 443859.46380194806261, 9147962.109115697443485 ], [ 443976.978123437031172, 9147953.788655484095216 ], [ 444094.347255367028993, 9147943.623387008905411 ], [ 444211.542238661029842, 9147931.615818399935961 ], [ 444328.534157210437115, 9147917.768912345170975 ], [ 444445.294145010062493, 9147902.086085360497236 ], [ 444561.793393279891461, 9147884.571206949651241 ], [ 444678.003157573752105, 9147865.228598646819592 ], [ 444793.894764871103689, 9147844.063032951205969 ], [ 444909.439620652003214, 9147821.079732149839401 ], [ 445024.609215952281374, 9147796.284367026761174 ], [ 445139.375134397472721, 9147769.683055469766259 ], [ 445253.709059214568697, 9147741.282360950484872 ], [ 445367.58278021850856, 9147711.089290920644999 ], [ 445480.968200772418641, 9147679.111295063048601 ], [ 445593.837344720435794, 9147645.356263473629951 ], [ 445706.162363290262874, 9147609.832524700090289 ], [ 445817.915541964292061, 9147572.548843692988157 ], [ 445929.069307317899074, 9147533.514419643208385 ], [ 446039.596233822638169, 9147492.738883709535003 ], [ 446149.469050613290165, 9147450.232296647503972 ], [ 446258.660648216377012, 9147406.005146320909262 ], [ 446367.14408523903694, 9147360.068345116451383 ], [ 446474.892595016513951, 9147312.433227252215147 ], [ 446581.87959221622441, 9147263.111545981839299 ], [ 446688.078679397527594, 9147212.115470690652728 ], [ 446793.463653524813708, 9147159.457583898678422 ], [ 446898.008512432512362, 9147105.150878151878715 ], [ 447001.687461241031997, 9147049.208752814680338 ], [ 447104.474918721243739, 9146991.645010773092508 ], [ 447206.345523605996277, 9146932.473855016753078 ], [ 447307.274140847788658, 9146871.709885142743587 ], [ 447407.235867820680141, 9146809.368093751370907 ], [ 447506.206040464167017, 9146745.463862748816609 ], [ 447604.160239369142801, 9146680.012959545478225 ], [ 447701.074295802798588, 9146613.031533174216747 ], [ 447796.924297671765089, 9146544.536110298708081 ], [ 447891.686595422332175, 9146474.543591139838099 ], [ 447985.337807875534054, 9146403.071245303377509 ], [ 448077.854827995994128, 9146330.136707523837686 ], [ 448169.214828593365382, 9146255.757973304018378 ], [ 448259.395267954561859, 9146179.953394485637546 ], [ 448348.373895405558869, 9146102.741674715653062 ], [ 448436.128756801481359, 9146024.141864825040102 ], [ 448522.638199943350628, 9145944.173358146101236 ], [ 448607.880879920558073, 9145862.855885710567236 ], [ 448691.83576437731972, 9145780.209511386230588 ], [ 448774.482138702122029, 9145696.254626927897334 ], [ 448855.799611138761975, 9145611.011946951970458 ], [ 448935.768117817759048, 9145524.502503810450435 ], [ 449014.367927706625778, 9145436.747642412781715 ], [ 449091.579647478414699, 9145347.769014962017536 ], [ 449167.384226296620909, 9145257.588575601577759 ], [ 449241.762960515683517, 9145166.228575004264712 ], [ 449314.697498295863625, 9145073.711554883047938 ], [ 449386.169844131334685, 9144980.06034243106842 ], [ 449456.162363290321082, 9144885.298044679686427 ], [ 449524.657786165887956, 9144789.448042809963226 ], [ 449591.639212537382264, 9144692.533986376598477 ], [ 449657.090115740196779, 9144594.579787472262979 ], [ 449720.994346743274946, 9144495.60961482860148 ], [ 449783.336138133890927, 9144395.647887855768204 ], [ 449844.100108007784002, 9144294.719270614907146 ], [ 449903.271263764589094, 9144192.848665729165077 ], [ 449960.835005807166453, 9144090.061208250001073 ], [ 450016.7771311433753, 9143986.382259439677 ], [ 450071.083836890931707, 9143881.837400533258915 ], [ 450123.741723682789598, 9143776.452426405623555 ], [ 450174.737798973335885, 9143670.253339223563671 ], [ 450224.059480244002771, 9143563.266342025250196 ], [ 450271.694598108064383, 9143455.517832247540355 ], [ 450317.631399312813301, 9143347.034395225346088 ], [ 450361.858549640048295, 9143237.842797622084618 ], [ 450404.365136702195741, 9143127.969980830326676 ], [ 450445.140672634879593, 9143017.44305432587862 ], [ 450484.175096684775781, 9142906.289288971573114 ], [ 450521.458777691819705, 9142794.536110298708081 ], [ 450556.982516465650406, 9142682.211091728881001 ], [ 450590.737548055243678, 9142569.341947780922055 ], [ 450622.715543911675923, 9142455.956527225673199 ], [ 450652.90861394291278, 9142342.082806222140789 ], [ 450681.309308460738976, 9142227.748881405219436 ], [ 450707.910620018781628, 9142112.982962960377336 ], [ 450732.705985141452402, 9141997.81336765922606 ], [ 450755.689285943342838, 9141882.268511878326535 ], [ 450776.854851639014669, 9141766.376904582604766 ], [ 450796.197459941729903, 9141650.167140288278461 ], [ 450813.712338352343068, 9141533.667892018333077 ], [ 450829.395165336783975, 9141416.907904218882322 ], [ 450843.242071392014623, 9141299.91598566994071 ], [ 450855.249640001275111, 9141182.72100237570703 ], [ 450865.414908476639539, 9141065.351870445534587 ], [ 450873.735368690220639, 9140947.837548956274986 ], [ 450880.208967692975421, 9140830.20703280903399 ], [ 450884.834108221170027, 9140712.489345572888851 ], [ 450887.609649090620223, 9140594.713532324880362 ], [ 450888.534905478183646, 9140476.908652486279607 ] ] ] ] } },
{ "type": "Feature", "properties": { "Id": 0 }, "geometry": { "type": "MultiPolygon", "coordinates": [ [ [ [ 474965.769129177962895, 9128337.118637079373002 ], [ 474964.843872790399473, 9128219.313757240772247 ], [ 474962.068331920949277, 9128101.537943992763758 ], [ 474957.44319139275467, 9127983.820256756618619 ], [ 474950.969592389999889, 9127866.189740609377623 ], [ 474942.649132176418789, 9127748.675419120118022 ], [ 474932.483863701054361, 9127631.306287189945579 ], [ 474920.476295091793872, 9127514.111303895711899 ], [ 474906.629389036563225, 9127397.119385346770287 ], [ 474890.946562052122317, 9127280.359397547319531 ], [ 474873.431683641509153, 9127163.860149277374148 ], [ 474854.089075338793918, 9127047.650384983047843 ], [ 474832.923509643122088, 9126931.758777687326074 ], [ 474809.940208841231652, 9126816.213921906426549 ], [ 474785.144843718560878, 9126701.044326605275273 ], [ 474758.543532160518225, 9126586.278408160433173 ], [ 474730.142837642692029, 9126471.94448334351182 ], [ 474699.949767611455172, 9126358.07076233997941 ], [ 474667.971771755022928, 9126244.685341784730554 ], [ 474634.216740165429655, 9126131.816197836771607 ], [ 474598.693001391598955, 9126019.491179266944528 ], [ 474561.409320384555031, 9125907.738000594079494 ], [ 474522.374896334658843, 9125796.584235239773989 ], [ 474481.599360401974991, 9125686.057308735325933 ], [ 474439.092773339827545, 9125576.184491943567991 ], [ 474394.86562301259255, 9125466.99289434030652 ], [ 474348.928821807843633, 9125358.509457318112254 ], [ 474301.29370394378202, 9125250.760947540402412 ], [ 474251.972022673115134, 9125143.773950342088938 ], [ 474200.975947382568847, 9125037.574863160029054 ], [ 474148.318060590710957, 9124932.189889032393694 ], [ 474094.01135484315455, 9124827.645030125975609 ], [ 474038.069229506945703, 9124723.966081315651536 ], [ 473980.505487464368343, 9124621.178623836487532 ], [ 473921.334331707563251, 9124519.308018950745463 ], [ 473860.570361833670177, 9124418.379401709884405 ], [ 473798.228570443054195, 9124318.417674737051129 ], [ 473734.324339439976029, 9124219.44750209338963 ], [ 473668.873436237161513, 9124121.493303189054132 ], [ 473601.892009865608998, 9124024.579246755689383 ], [ 473533.396586990042124, 9123928.729244885966182 ], [ 473463.404067831113935, 9123833.966947134584188 ], [ 473391.931721995642874, 9123740.315734682604671 ], [ 473318.997184215462767, 9123647.798714561387897 ], [ 473244.618449996400159, 9123556.43871396407485 ], [ 473168.813871178193949, 9123466.258274603635073 ], [ 473091.602151406405028, 9123377.279647152870893 ], [ 473013.002341517538298, 9123289.524785755202174 ], [ 472933.033834838541225, 9123203.015342613682151 ], [ 472851.716362401901279, 9123117.772662637755275 ], [ 472769.069988077040762, 9123033.817778179422021 ], [ 472685.115103620337322, 9122951.171403855085373 ], [ 472599.872423643129878, 9122869.853931419551373 ], [ 472513.362980501260608, 9122789.885424740612507 ], [ 472425.608119105338119, 9122711.285614849999547 ], [ 472336.629491654341109, 9122634.073895080015063 ], [ 472246.449052293144632, 9122558.269316261634231 ], [ 472155.089051695773378, 9122483.890582041814923 ], [ 472062.572031575313304, 9122410.9560442622751 ], [ 471968.920819122111425, 9122339.483698425814509 ], [ 471874.158521371486131, 9122269.491179266944528 ], [ 471778.308519502577838, 9122200.995756391435862 ], [ 471681.39446306892205, 9122134.014330020174384 ], [ 471583.440264163946267, 9122068.563426816835999 ], [ 471484.470091520459391, 9122004.659195814281702 ], [ 471384.508364547567908, 9121942.317404422909021 ], [ 471283.579747305775527, 9121881.553434548899531 ], [ 471181.709142421022989, 9121822.382278792560101 ], [ 471078.921684940811247, 9121764.818536750972271 ], [ 470975.242736132291611, 9121708.876411413773894 ], [ 470870.69787722453475, 9121654.569705666974187 ], [ 470765.312903097306844, 9121601.911818874999881 ], [ 470659.113815916003659, 9121550.91574358381331 ], [ 470552.126818716293201, 9121501.594062313437462 ], [ 470444.37830893881619, 9121453.958944449201226 ], [ 470335.894871916156262, 9121408.022143244743347 ], [ 470226.703274313069414, 9121363.794992918148637 ], [ 470116.830457522417419, 9121321.288405856117606 ], [ 470006.303531017620116, 9121280.512869922444224 ], [ 469895.14976566407131, 9121241.478445872664452 ], [ 469783.396586990042124, 9121204.19476486556232 ], [ 469671.071568420215044, 9121168.671026092022657 ], [ 469558.20242447219789, 9121134.915994502604008 ], [ 469444.817003918229602, 9121102.93799864500761 ], [ 469330.943282914347947, 9121072.744928615167737 ], [ 469216.60935809725197, 9121044.34423409588635 ], [ 469101.843439652002417, 9121017.742922538891435 ], [ 468986.673844351782463, 9120992.947557415813208 ], [ 468871.128988570882939, 9120969.96425661444664 ], [ 468755.237381273531355, 9120948.798690918833017 ], [ 468639.027616979670711, 9120929.456082616001368 ], [ 468522.528368709841743, 9120911.941204205155373 ], [ 468405.768380910216365, 9120896.258377220481634 ], [ 468288.776462360809091, 9120882.411471165716648 ], [ 468171.581479066808242, 9120870.403902556747198 ], [ 468054.212347136810422, 9120860.238634081557393 ], [ 467936.698025647783652, 9120851.918173868209124 ], [ 467819.067509500309825, 9120845.444574864581227 ], [ 467701.349822263931856, 9120840.819434335455298 ], [ 467583.574009016621858, 9120838.043893467634916 ], [ 467465.769129177962895, 9120837.118637079373002 ], [ 467347.964249339303933, 9120838.043893467634916 ], [ 467230.188436091993935, 9120840.819434335455298 ], [ 467112.470748855615966, 9120845.444574864581227 ], [ 466994.840232708083931, 9120851.918173868209124 ], [ 466877.325911219115369, 9120860.238634081557393 ], [ 466759.956779289117549, 9120870.403902556747198 ], [ 466642.761795995116699, 9120882.411471165716648 ], [ 466525.769877445651218, 9120896.258377220481634 ], [ 466409.009889646084048, 9120911.941204205155373 ], [ 466292.51064137625508, 9120929.456082616001368 ], [ 466176.300877082394436, 9120948.798690918833017 ], [ 466060.409269785042852, 9120969.96425661444664 ], [ 465944.864414004143327, 9120992.947557415813208 ], [ 465829.694818703865167, 9121017.742922538891435 ], [ 465714.928900258673821, 9121044.34423409588635 ], [ 465600.594975441577844, 9121072.744928615167737 ], [ 465486.721254437637981, 9121102.93799864500761 ], [ 465373.335833883727901, 9121134.915994502604008 ], [ 465260.466689935710747, 9121168.671026092022657 ], [ 465148.141671365883667, 9121204.19476486556232 ], [ 465036.388492691854481, 9121241.478445872664452 ], [ 464925.234727338305674, 9121280.512869922444224 ], [ 464814.707800833508372, 9121321.288405856117606 ], [ 464704.834984042856377, 9121363.794992918148637 ], [ 464595.643386439769529, 9121408.022143244743347 ], [ 464487.159949417109601, 9121453.958944449201226 ], [ 464379.41143963963259, 9121501.594062313437462 ], [ 464272.424442439922132, 9121550.91574358381331 ], [ 464166.225355258618947, 9121601.911818874999881 ], [ 464060.840381131391041, 9121654.569705666974187 ], [ 463956.29552222363418, 9121708.876411413773894 ], [ 463852.616573415114544, 9121764.818536750972271 ], [ 463749.829115934902802, 9121822.382278792560101 ], [ 463647.958511050150264, 9121881.553434548899531 ], [ 463547.029893808357883, 9121942.317404422909021 ], [ 463447.0681668354664, 9122004.659195814281702 ], [ 463348.097994191979524, 9122068.563426816835999 ], [ 463250.143795287003741, 9122134.014330020174384 ], [ 463153.229738853347953, 9122200.995756391435862 ], [ 463057.37973698443966, 9122269.491179266944528 ], [ 462962.617439233814366, 9122339.483698425814509 ], [ 462868.966226780612487, 9122410.9560442622751 ], [ 462776.449206660152413, 9122483.890582041814923 ], [ 462685.089206062781159, 9122558.269316261634231 ], [ 462594.908766701584682, 9122634.073895080015063 ], [ 462505.930139250587672, 9122711.285614849999547 ], [ 462418.175277854665183, 9122789.885424740612507 ], [ 462331.665834712795913, 9122869.853931419551373 ], [ 462246.423154735588469, 9122951.171403855085373 ], [ 462162.468270278885029, 9123033.817778179422021 ], [ 462079.821895954024512, 9123117.772662637755275 ], [ 461998.504423517384566, 9123203.015342613682151 ], [ 461918.535916838387493, 9123289.524785755202174 ], [ 461839.936106949520763, 9123377.279647152870893 ], [ 461762.724387177731842, 9123466.258274603635073 ], [ 461686.919808359525632, 9123556.43871396407485 ], [ 461612.541074140463024, 9123647.798714561387897 ], [ 461539.606536360282917, 9123740.315734682604671 ], [ 461468.134190524811856, 9123833.966947134584188 ], [ 461398.141671365883667, 9123928.729244885966182 ], [ 461329.646248490258586, 9124024.579246755689383 ], [ 461262.664822118764278, 9124121.493303189054132 ], [ 461197.213918915949762, 9124219.44750209338963 ], [ 461133.309687912871595, 9124318.417674737051129 ], [ 461070.967896522255614, 9124418.379401709884405 ], [ 461010.20392664836254, 9124519.308018950745463 ], [ 460951.032770891557448, 9124621.178623836487532 ], [ 460893.469028848980088, 9124723.966081315651536 ], [ 460837.526903512771241, 9124827.645030125975609 ], [ 460783.220197765214834, 9124932.189889032393694 ], [ 460730.562310973356944, 9125037.574863160029054 ], [ 460679.566235682810657, 9125143.773950342088938 ], [ 460630.244554412143771, 9125250.760947540402412 ], [ 460582.609436548082158, 9125358.509457318112254 ], [ 460536.672635343333241, 9125466.99289434030652 ], [ 460492.445485016098246, 9125576.184491943567991 ], [ 460449.9388979539508, 9125686.057308735325933 ], [ 460409.163362021266948, 9125796.584235239773989 ], [ 460370.12893797137076, 9125907.738000594079494 ], [ 460332.845256964326836, 9126019.491179266944528 ], [ 460297.321518190496136, 9126131.816197836771607 ], [ 460263.566486600902863, 9126244.685341784730554 ], [ 460231.588490744470619, 9126358.07076233997941 ], [ 460201.395420713233761, 9126471.94448334351182 ], [ 460172.994726195407566, 9126586.278408160433173 ], [ 460146.393414637364913, 9126701.044326605275273 ], [ 460121.598049514694139, 9126816.213921906426549 ], [ 460098.614748712803703, 9126931.758777687326074 ], [ 460077.449183017131872, 9127047.650384983047843 ], [ 460058.106574714416638, 9127163.860149277374148 ], [ 460040.591696303803474, 9127280.359397547319531 ], [ 460024.908869319362566, 9127397.119385346770287 ], [ 460011.061963264131919, 9127514.111303895711899 ], [ 459999.05439465487143, 9127631.306287189945579 ], [ 459988.889126179507002, 9127748.675419120118022 ], [ 459980.568665965925902, 9127866.189740609377623 ], [ 459974.095066963171121, 9127983.820256756618619 ], [ 459969.469926434976514, 9128101.537943992763758 ], [ 459966.694385565526318, 9128219.313757240772247 ], [ 459965.769129177962895, 9128337.118637079373002 ], [ 459966.694385565526318, 9128454.923516917973757 ], [ 459969.469926434976514, 9128572.699330165982246 ], [ 459974.095066963171121, 9128690.417017402127385 ], [ 459980.568665965925902, 9128808.047533549368382 ], [ 459988.889126179507002, 9128925.561855038627982 ], [ 459999.05439465487143, 9129042.930986968800426 ], [ 460011.061963264131919, 9129160.125970263034105 ], [ 460024.908869319362566, 9129277.117888811975718 ], [ 460040.591696303803474, 9129393.877876611426473 ], [ 460058.106574714416638, 9129510.377124881371856 ], [ 460077.449183017131872, 9129626.586889175698161 ], [ 460098.614748712803703, 9129742.47849647141993 ], [ 460121.598049514694139, 9129858.023352252319455 ], [ 460146.393414637364913, 9129973.192947553470731 ], [ 460172.994726195407566, 9130087.958865998312831 ], [ 460201.395420713233761, 9130202.292790815234184 ], [ 460231.588490744470619, 9130316.166511818766594 ], [ 460263.566486600902863, 9130429.55193237401545 ], [ 460297.321518190496136, 9130542.421076321974397 ], [ 460332.845256964326836, 9130654.746094891801476 ], [ 460370.12893797137076, 9130766.49927356466651 ], [ 460409.163362021266948, 9130877.653038918972015 ], [ 460449.9388979539508, 9130988.179965423420072 ], [ 460492.445485016098246, 9131098.052782215178013 ], [ 460536.672635343333241, 9131207.244379818439484 ], [ 460582.609436548082158, 9131315.72781684063375 ], [ 460630.244554412143771, 9131423.476326618343592 ], [ 460679.566235682810657, 9131530.463323816657066 ], [ 460730.562310973356944, 9131636.66241099871695 ], [ 460783.220197765214834, 9131742.04738512635231 ], [ 460837.526903512771241, 9131846.592244032770395 ], [ 460893.469028848980088, 9131950.271192843094468 ], [ 460951.032770891557448, 9132053.058650322258472 ], [ 461010.20392664836254, 9132154.929255208000541 ], [ 461070.967896522255614, 9132255.857872448861599 ], [ 461133.309687912871595, 9132355.819599421694875 ], [ 461197.213918915949762, 9132454.789772065356374 ], [ 461262.664822118764278, 9132552.743970969691873 ], [ 461329.646248490316793, 9132649.658027403056622 ], [ 461398.141671365883667, 9132745.508029272779822 ], [ 461468.134190524811856, 9132840.270327024161816 ], [ 461539.606536360282917, 9132933.921539476141334 ], [ 461612.541074140463024, 9133026.438559597358108 ], [ 461686.919808359525632, 9133117.798560194671154 ], [ 461762.724387177731842, 9133207.978999555110931 ], [ 461839.936106949520763, 9133296.957627005875111 ], [ 461918.535916838387493, 9133384.71248840354383 ], [ 461998.504423517384566, 9133471.221931545063853 ], [ 462079.821895954024512, 9133556.464611520990729 ], [ 462162.468270278885029, 9133640.419495979323983 ], [ 462246.423154735588469, 9133723.065870303660631 ], [ 462331.665834712795913, 9133804.383342739194632 ], [ 462418.175277854665183, 9133884.351849418133497 ], [ 462505.930139250587672, 9133962.951659308746457 ], [ 462594.908766701584682, 9134040.163379078730941 ], [ 462685.089206062781159, 9134115.967957897111773 ], [ 462776.449206660152413, 9134190.346692116931081 ], [ 462868.966226780612487, 9134263.281229896470904 ], [ 462962.617439233814366, 9134334.753575732931495 ], [ 463057.37973698443966, 9134404.746094891801476 ], [ 463153.229738853406161, 9134473.241517767310143 ], [ 463250.143795287003741, 9134540.22294413857162 ], [ 463348.097994191979524, 9134605.673847341910005 ], [ 463447.0681668354664, 9134669.578078344464302 ], [ 463547.029893808357883, 9134731.919869735836983 ], [ 463647.958511050208472, 9134792.683839609846473 ], [ 463749.829115934902802, 9134851.854995366185904 ], [ 463852.616573415114544, 9134909.418737407773733 ], [ 463956.29552222363418, 9134965.36086274497211 ], [ 464060.840381131332833, 9135019.667568491771817 ], [ 464166.225355258618947, 9135072.325455283746123 ], [ 464272.424442439922132, 9135123.321530574932694 ], [ 464379.41143963963259, 9135172.643211845308542 ], [ 464487.159949417109601, 9135220.278329709544778 ], [ 464595.643386439769529, 9135266.215130914002657 ], [ 464704.834984042856377, 9135310.442281240597367 ], [ 464814.707800833508372, 9135352.948868302628398 ], [ 464925.234727338305674, 9135393.72440423630178 ], [ 465036.388492691854481, 9135432.758828286081553 ], [ 465148.141671365883667, 9135470.042509293183684 ], [ 465260.466689935710747, 9135505.566248066723347 ], [ 465373.335833883727901, 9135539.321279656141996 ], [ 465486.721254437696189, 9135571.299275513738394 ], [ 465600.594975441577844, 9135601.492345543578267 ], [ 465714.928900258673821, 9135629.893040062859654 ], [ 465829.694818703923374, 9135656.494351619854569 ], [ 465944.864414004143327, 9135681.289716742932796 ], [ 466060.409269785042852, 9135704.273017544299364 ], [ 466176.300877082394436, 9135725.438583239912987 ], [ 466292.51064137625508, 9135744.781191542744637 ], [ 466409.009889646084048, 9135762.296069953590631 ], [ 466525.769877445709426, 9135777.97889693826437 ], [ 466642.761795995116699, 9135791.825802993029356 ], [ 466759.956779289117549, 9135803.833371601998806 ], [ 466877.325911219115369, 9135813.998640077188611 ], [ 466994.840232708142139, 9135822.31910029053688 ], [ 467112.470748855615966, 9135828.792699294164777 ], [ 467230.188436091993935, 9135833.417839823290706 ], [ 467347.964249339303933, 9135836.193380691111088 ], [ 467465.769129177962895, 9135837.118637079373002 ], [ 467583.574009016621858, 9135836.193380691111088 ], [ 467701.349822263931856, 9135833.417839821428061 ], [ 467819.067509500309825, 9135828.792699294164777 ], [ 467936.69802564784186, 9135822.31910029053688 ], [ 468054.212347136810422, 9135813.998640077188611 ], [ 468171.581479066808242, 9135803.833371601998806 ], [ 468288.776462360809091, 9135791.825802993029356 ], [ 468405.768380910216365, 9135777.97889693826437 ], [ 468522.528368709841743, 9135762.296069953590631 ], [ 468639.027616979670711, 9135744.781191542744637 ], [ 468755.237381273531355, 9135725.438583239912987 ], [ 468871.128988570882939, 9135704.273017544299364 ], [ 468986.673844351782463, 9135681.289716742932796 ], [ 469101.843439652060624, 9135656.494351619854569 ], [ 469216.60935809725197, 9135629.893040062859654 ], [ 469330.943282914347947, 9135601.492345543578267 ], [ 469444.81700391828781, 9135571.299275513738394 ], [ 469558.20242447219789, 9135539.321279656141996 ], [ 469671.071568420215044, 9135505.566248066723347 ], [ 469783.396586990042124, 9135470.042509293183684 ], [ 469895.14976566407131, 9135432.758828286081553 ], [ 470006.303531017678324, 9135393.72440423630178 ], [ 470116.830457522417419, 9135352.948868302628398 ], [ 470226.703274313069414, 9135310.442281240597367 ], [ 470335.894871916156262, 9135266.215130914002657 ], [ 470444.37830893881619, 9135220.278329709544778 ], [ 470552.126818716293201, 9135172.643211845308542 ], [ 470659.113815916003659, 9135123.321530574932694 ], [ 470765.312903097306844, 9135072.325455283746123 ], [ 470870.697877224592958, 9135019.667568491771817 ], [ 470975.242736132291611, 9134965.36086274497211 ], [ 471078.921684940811247, 9134909.418737407773733 ], [ 471181.709142421022989, 9134851.854995366185904 ], [ 471283.579747305775527, 9134792.683839609846473 ], [ 471384.508364547567908, 9134731.919869735836983 ], [ 471484.470091520459391, 9134669.578078344464302 ], [ 471583.440264163946267, 9134605.673847341910005 ], [ 471681.39446306892205, 9134540.22294413857162 ], [ 471778.308519502577838, 9134473.241517767310143 ], [ 471874.158521371544339, 9134404.746094891801476 ], [ 471968.920819122111425, 9134334.753575732931495 ], [ 472062.572031575313304, 9134263.281229896470904 ], [ 472155.089051695773378, 9134190.346692116931081 ], [ 472246.449052293144632, 9134115.967957897111773 ], [ 472336.629491654341109, 9134040.163379078730941 ], [ 472425.608119105338119, 9133962.951659308746457 ], [ 472513.362980501260608, 9133884.351849418133497 ], [ 472599.872423643129878, 9133804.383342739194632 ], [ 472685.115103620337322, 9133723.065870303660631 ], [ 472769.069988077098969, 9133640.419495979323983 ], [ 472851.716362401901279, 9133556.464611520990729 ], [ 472933.033834838541225, 9133471.221931545063853 ], [ 473013.002341517538298, 9133384.71248840354383 ], [ 473091.602151406405028, 9133296.957627005875111 ], [ 473168.813871178193949, 9133207.978999555110931 ], [ 473244.618449996400159, 9133117.798560194671154 ], [ 473318.997184215462767, 9133026.438559597358108 ], [ 473391.931721995642874, 9132933.921539476141334 ], [ 473463.404067831113935, 9132840.270327024161816 ], [ 473533.396586990100332, 9132745.508029272779822 ], [ 473601.892009865667205, 9132649.658027403056622 ], [ 473668.873436237161513, 9132552.743970969691873 ], [ 473734.324339439976029, 9132454.789772065356374 ], [ 473798.228570443054195, 9132355.819599421694875 ], [ 473860.570361833670177, 9132255.857872448861599 ], [ 473921.334331707563251, 9132154.929255208000541 ], [ 473980.505487464368343, 9132053.058650322258472 ], [ 474038.069229506945703, 9131950.271192843094468 ], [ 474094.01135484315455, 9131846.592244032770395 ], [ 474148.318060590710957, 9131742.04738512635231 ], [ 474200.975947382568847, 9131636.66241099871695 ], [ 474251.972022673115134, 9131530.463323816657066 ], [ 474301.29370394378202, 9131423.476326618343592 ], [ 474348.928821807843633, 9131315.72781684063375 ], [ 474394.86562301259255, 9131207.244379818439484 ], [ 474439.092773339827545, 9131098.052782215178013 ], [ 474481.599360401974991, 9130988.179965423420072 ], [ 474522.374896334658843, 9130877.653038918972015 ], [ 474561.409320384555031, 9130766.49927356466651 ], [ 474598.693001391598955, 9130654.746094891801476 ], [ 474634.216740165429655, 9130542.421076321974397 ], [ 474667.971771755022928, 9130429.55193237401545 ], [ 474699.949767611455172, 9130316.166511818766594 ], [ 474730.142837642692029, 9130202.292790815234184 ], [ 474758.543532160518225, 9130087.958865998312831 ], [ 474785.144843718560878, 9129973.192947553470731 ], [ 474809.940208841231652, 9129858.023352252319455 ], [ 474832.923509643122088, 9129742.47849647141993 ], [ 474854.089075338793918, 9129626.586889175698161 ], [ 474873.431683641509153, 9129510.377124881371856 ], [ 474890.946562052122317, 9129393.877876611426473 ], [ 474906.629389036563225, 9129277.117888811975718 ], [ 474920.476295091793872, 9129160.125970263034105 ], [ 474932.483863701054361, 9129042.930986968800426 ], [ 474942.649132176418789, 9128925.561855038627982 ], [ 474950.969592389999889, 9128808.047533549368382 ], [ 474957.44319139275467, 9128690.417017402127385 ], [ 474962.068331920949277, 9128572.699330165982246 ], [ 474964.843872790399473, 9128454.923516917973757 ], [ 474965.769129177962895, 9128337.118637079373002 ] ] ] ] } },
{ "type": "Feature", "properties": { "Id": 0 }, "geometry": { "type": "MultiPolygon", "coordinates": [ [ [ [ 443495.047400000679772, 9115801.825899999588728 ], [ 443494.12214361311635, 9115684.021020160987973 ], [ 443491.346602743666153, 9115566.245206912979484 ], [ 443486.721462215471547, 9115448.527519676834345 ], [ 443480.247863212716766, 9115330.897003529593349 ], [ 443471.927402999135666, 9115213.382682040333748 ], [ 443461.762134523771238, 9115096.013550110161304 ], [ 443449.754565914510749, 9114978.818566815927625 ], [ 443435.907659859280102, 9114861.826648266986012 ], [ 443420.224832874839194, 9114745.066660467535257 ], [ 443402.70995446422603, 9114628.567412197589874 ], [ 443383.367346161510795, 9114512.357647903263569 ], [ 443362.201780465838965, 9114396.4660406075418 ], [ 443339.218479663948528, 9114280.921184826642275 ], [ 443314.423114541277755, 9114165.751589525490999 ], [ 443287.821802983235102, 9114050.985671080648899 ], [ 443259.421108465408906, 9113936.651746263727546 ], [ 443229.228038434172049, 9113822.778025260195136 ], [ 443197.250042577739805, 9113709.39260470494628 ], [ 443163.495010988146532, 9113596.523460756987333 ], [ 443127.971272214315832, 9113484.198442187160254 ], [ 443090.687591207271907, 9113372.44526351429522 ], [ 443051.653167157375719, 9113261.291498159989715 ], [ 443010.877631224691868, 9113150.764571655541658 ], [ 442968.371044162544422, 9113040.891754863783717 ], [ 442924.143893835309427, 9112931.700157260522246 ], [ 442878.20709263056051, 9112823.21672023832798 ], [ 442830.571974766498897, 9112715.468210460618138 ], [ 442781.250293495832011, 9112608.481213262304664 ], [ 442730.254218205285724, 9112502.28212608024478 ], [ 442677.596331413427833, 9112396.89715195260942 ], [ 442623.289625665871426, 9112292.352293046191335 ], [ 442567.34750032966258, 9112188.673344235867262 ], [ 442509.78375828708522, 9112085.885886756703258 ], [ 442450.612602530280128, 9111984.015281870961189 ], [ 442389.848632656387053, 9111883.086664630100131 ], [ 442327.506841265771072, 9111783.124937657266855 ], [ 442263.602610262692906, 9111684.154765013605356 ], [ 442198.15170705987839, 9111586.200566109269857 ], [ 442131.170280688325875, 9111489.286509675905108 ], [ 442062.674857812759001, 9111393.436507806181908 ], [ 441992.682338653830811, 9111298.674210054799914 ], [ 441921.209992818359751, 9111205.022997602820396 ], [ 441848.275455038179643, 9111112.505977481603622 ], [ 441773.896720819117036, 9111021.145976884290576 ], [ 441698.092142000910826, 9110930.965537523850799 ], [ 441620.880422229121905, 9110841.986910073086619 ], [ 441542.280612340255175, 9110754.2320486754179 ], [ 441462.312105661258101, 9110667.722605533897877 ], [ 441380.994633224618156, 9110582.479925557971001 ], [ 441298.348258899757639, 9110498.525041099637747 ], [ 441214.393374443054199, 9110415.878666775301099 ], [ 441129.150694465846755, 9110334.561194339767098 ], [ 441042.641251323977485, 9110254.592687660828233 ], [ 440954.886389928054996, 9110175.992877770215273 ], [ 440865.907762477057986, 9110098.781158000230789 ], [ 440775.727323115861509, 9110022.976579181849957 ], [ 440684.367322518490255, 9109948.597844962030649 ], [ 440591.85030239803018, 9109875.663307182490826 ], [ 440498.199089944828302, 9109804.190961346030235 ], [ 440403.436792194203008, 9109734.198442187160254 ], [ 440307.586790325294714, 9109665.703019311651587 ], [ 440210.672733891638927, 9109598.72159294039011 ], [ 440112.718534986663144, 9109533.270689737051725 ], [ 440013.748362343176268, 9109469.366458734497428 ], [ 439913.786635370284785, 9109407.024667343124747 ], [ 439812.858018128492404, 9109346.260697469115257 ], [ 439710.987413243739866, 9109287.089541712775826 ], [ 439608.199955763528123, 9109229.525799671187997 ], [ 439504.521006955008488, 9109173.58367433398962 ], [ 439399.976148047251627, 9109119.276968587189913 ], [ 439294.591173920023721, 9109066.619081795215607 ], [ 439188.392086738720536, 9109015.623006504029036 ], [ 439081.405089539010078, 9108966.301325233653188 ], [ 438973.656579761533067, 9108918.666207369416952 ], [ 438865.173142738873139, 9108872.729406164959073 ], [ 438755.981545135786291, 9108828.502255838364363 ], [ 438646.108728345134296, 9108785.995668776333332 ], [ 438535.581801840336993, 9108745.22013284265995 ], [ 438424.428036486788187, 9108706.185708792880177 ], [ 438312.674857812759001, 9108668.902027785778046 ], [ 438200.349839242931921, 9108633.378289012238383 ], [ 438087.480695294914767, 9108599.623257422819734 ], [ 437974.095274740946479, 9108567.645261565223336 ], [ 437860.221553737064824, 9108537.452191535383463 ], [ 437745.887628919968847, 9108509.051497016102076 ], [ 437631.121710474719293, 9108482.450185459107161 ], [ 437515.95211517449934, 9108457.654820336028934 ], [ 437400.407259393599816, 9108434.671519534662366 ], [ 437284.515652096248232, 9108413.505953839048743 ], [ 437168.305887802387588, 9108394.163345536217093 ], [ 437051.80663953255862, 9108376.648467125371099 ], [ 436935.046651732933242, 9108360.96564014069736 ], [ 436818.054733183525968, 9108347.118734085932374 ], [ 436700.859749889525119, 9108335.111165476962924 ], [ 436583.490617959527299, 9108324.945897001773119 ], [ 436465.976296470500529, 9108316.62543678842485 ], [ 436348.345780323026702, 9108310.151837784796953 ], [ 436230.628093086648732, 9108305.526697255671024 ], [ 436112.852279839338735, 9108302.751156387850642 ], [ 435995.047400000679772, 9108301.825899999588728 ], [ 435877.24252016202081, 9108302.751156387850642 ], [ 435759.466706914710812, 9108305.526697255671024 ], [ 435641.749019678332843, 9108310.151837784796953 ], [ 435524.118503530800808, 9108316.62543678842485 ], [ 435406.604182041832246, 9108324.945897001773119 ], [ 435289.235050111834425, 9108335.111165476962924 ], [ 435172.040066817833576, 9108347.118734085932374 ], [ 435055.048148268368095, 9108360.96564014069736 ], [ 434938.288160468800925, 9108376.648467125371099 ], [ 434821.788912198971957, 9108394.163345536217093 ], [ 434705.579147905111313, 9108413.505953839048743 ], [ 434589.687540607759729, 9108434.671519534662366 ], [ 434474.142684826860204, 9108457.654820336028934 ], [ 434358.973089526582044, 9108482.450185459107161 ], [ 434244.207171081390698, 9108509.051497016102076 ], [ 434129.873246264294721, 9108537.452191535383463 ], [ 434015.999525260354858, 9108567.645261565223336 ], [ 433902.614104706444778, 9108599.623257422819734 ], [ 433789.744960758427624, 9108633.378289012238383 ], [ 433677.419942188600544, 9108668.902027785778046 ], [ 433565.666763514571358, 9108706.185708792880177 ], [ 433454.512998161022551, 9108745.22013284265995 ], [ 433343.986071656225249, 9108785.995668776333332 ], [ 433234.113254865573253, 9108828.502255838364363 ], [ 433124.921657262486406, 9108872.729406164959073 ], [ 433016.438220239826478, 9108918.666207369416952 ], [ 432908.689710462349467, 9108966.301325233653188 ], [ 432801.702713262639008, 9109015.623006504029036 ], [ 432695.503626081335824, 9109066.619081795215607 ], [ 432590.118651954107918, 9109119.276968587189913 ], [ 432485.573793046351057, 9109173.58367433398962 ], [ 432381.894844237831421, 9109229.525799671187997 ], [ 432279.107386757619679, 9109287.089541712775826 ], [ 432177.236781872867141, 9109346.260697469115257 ], [ 432076.30816463107476, 9109407.024667343124747 ], [ 431976.346437658183277, 9109469.366458734497428 ], [ 431877.376265014696401, 9109533.270689737051725 ], [ 431779.422066109720618, 9109598.72159294039011 ], [ 431682.50800967606483, 9109665.703019311651587 ], [ 431586.658007807156537, 9109734.198442187160254 ], [ 431491.895710056531243, 9109804.190961346030235 ], [ 431398.244497603329364, 9109875.663307182490826 ], [ 431305.72747748286929, 9109948.597844962030649 ], [ 431214.367476885498036, 9110022.976579181849957 ], [ 431124.187037524301559, 9110098.781158000230789 ], [ 431035.208410073304549, 9110175.992877770215273 ], [ 430947.453548677382059, 9110254.592687660828233 ], [ 430860.94410553551279, 9110334.561194339767098 ], [ 430775.701425558305345, 9110415.878666775301099 ], [ 430691.746541101601906, 9110498.525041099637747 ], [ 430609.100166776741389, 9110582.479925557971001 ], [ 430527.782694340101443, 9110667.722605533897877 ], [ 430447.81418766110437, 9110754.2320486754179 ], [ 430369.21437777223764, 9110841.986910073086619 ], [ 430292.002658000448719, 9110930.965537523850799 ], [ 430216.198079182242509, 9111021.145976884290576 ], [ 430141.819344963179901, 9111112.505977481603622 ], [ 430068.884807182999793, 9111205.022997602820396 ], [ 429997.412461347528733, 9111298.674210054799914 ], [ 429927.419942188600544, 9111393.436507806181908 ], [ 429858.924519312975463, 9111489.286509675905108 ], [ 429791.943092941481154, 9111586.200566109269857 ], [ 429726.492189738666639, 9111684.154765013605356 ], [ 429662.587958735588472, 9111783.124937657266855 ], [ 429600.246167344972491, 9111883.086664630100131 ], [ 429539.482197471079417, 9111984.015281870961189 ], [ 429480.311041714274324, 9112085.885886756703258 ], [ 429422.747299671696965, 9112188.673344235867262 ], [ 429366.805174335488118, 9112292.352293046191335 ], [ 429312.498468587931711, 9112396.89715195260942 ], [ 429259.84058179607382, 9112502.28212608024478 ], [ 429208.844506505527534, 9112608.481213262304664 ], [ 429159.522825234860647, 9112715.468210460618138 ], [ 429111.887707370799035, 9112823.21672023832798 ], [ 429065.950906166050117, 9112931.700157260522246 ], [ 429021.723755838815123, 9113040.891754863783717 ], [ 428979.217168776667677, 9113150.764571655541658 ], [ 428938.441632843983825, 9113261.291498159989715 ], [ 428899.407208794087637, 9113372.44526351429522 ], [ 428862.123527787043713, 9113484.198442187160254 ], [ 428826.599789013213012, 9113596.523460756987333 ], [ 428792.84475742361974, 9113709.39260470494628 ], [ 428760.866761567187496, 9113822.778025260195136 ], [ 428730.673691535950638, 9113936.651746263727546 ], [ 428702.272997018124443, 9114050.985671080648899 ], [ 428675.67168546008179, 9114165.751589525490999 ], [ 428650.876320337411016, 9114280.921184826642275 ], [ 428627.89301953552058, 9114396.4660406075418 ], [ 428606.727453839848749, 9114512.357647903263569 ], [ 428587.384845537133515, 9114628.567412197589874 ], [ 428569.869967126520351, 9114745.066660467535257 ], [ 428554.187140142079443, 9114861.826648266986012 ], [ 428540.340234086848795, 9114978.818566815927625 ], [ 428528.332665477588307, 9115096.013550110161304 ], [ 428518.167397002223879, 9115213.382682040333748 ], [ 428509.846936788642779, 9115330.897003529593349 ], [ 428503.373337785887998, 9115448.527519676834345 ], [ 428498.748197257693391, 9115566.245206912979484 ], [ 428495.972656388243195, 9115684.021020160987973 ], [ 428495.047400000679772, 9115801.825899999588728 ], [ 428495.972656388243195, 9115919.630779838189483 ], [ 428498.748197257693391, 9116037.406593086197972 ], [ 428503.373337785887998, 9116155.124280322343111 ], [ 428509.846936788642779, 9116272.754796469584107 ], [ 428518.167397002223879, 9116390.269117958843708 ], [ 428528.332665477588307, 9116507.638249889016151 ], [ 428540.340234086848795, 9116624.833233183249831 ], [ 428554.187140142079443, 9116741.825151732191443 ], [ 428569.869967126520351, 9116858.585139531642199 ], [ 428587.384845537133515, 9116975.084387801587582 ], [ 428606.727453839848749, 9117091.294152095913887 ], [ 428627.89301953552058, 9117207.185759391635656 ], [ 428650.876320337411016, 9117322.730615172535181 ], [ 428675.67168546008179, 9117437.900210473686457 ], [ 428702.272997018124443, 9117552.666128918528557 ], [ 428730.673691535950638, 9117667.00005373544991 ], [ 428760.866761567187496, 9117780.87377473898232 ], [ 428792.84475742361974, 9117894.259195294231176 ], [ 428826.599789013213012, 9118007.128339242190123 ], [ 428862.123527787043713, 9118119.453357812017202 ], [ 428899.407208794087637, 9118231.206536484882236 ], [ 428938.441632843983825, 9118342.360301839187741 ], [ 428979.217168776667677, 9118452.887228343635798 ], [ 429021.723755838815123, 9118562.760045135393739 ], [ 429065.950906166050117, 9118671.95164273865521 ], [ 429111.887707370799035, 9118780.435079760849476 ], [ 429159.522825234860647, 9118888.183589538559318 ], [ 429208.844506505527534, 9118995.170586736872792 ], [ 429259.84058179607382, 9119101.369673918932676 ], [ 429312.498468587931711, 9119206.754648046568036 ], [ 429366.805174335488118, 9119311.299506952986121 ], [ 429422.747299671696965, 9119414.978455763310194 ], [ 429480.311041714274324, 9119517.765913242474198 ], [ 429539.482197471079417, 9119619.636518128216267 ], [ 429600.246167344972491, 9119720.565135369077325 ], [ 429662.587958735588472, 9119820.526862341910601 ], [ 429726.492189738666639, 9119919.4970349855721 ], [ 429791.943092941481154, 9120017.451233889907598 ], [ 429858.92451931303367, 9120114.365290323272347 ], [ 429927.419942188600544, 9120210.215292192995548 ], [ 429997.412461347528733, 9120304.977589944377542 ], [ 430068.884807182999793, 9120398.628802396357059 ], [ 430141.819344963179901, 9120491.145822517573833 ], [ 430216.198079182242509, 9120582.50582311488688 ], [ 430292.002658000448719, 9120672.686262475326657 ], [ 430369.21437777223764, 9120761.664889926090837 ], [ 430447.81418766110437, 9120849.419751323759556 ], [ 430527.782694340101443, 9120935.929194465279579 ], [ 430609.100166776741389, 9121021.171874441206455 ], [ 430691.746541101601906, 9121105.126758899539709 ], [ 430775.701425558305345, 9121187.773133223876357 ], [ 430860.94410553551279, 9121269.090605659410357 ], [ 430947.453548677382059, 9121349.059112338349223 ], [ 431035.208410073304549, 9121427.658922228962183 ], [ 431124.187037524301559, 9121504.870641998946667 ], [ 431214.367476885498036, 9121580.675220817327499 ], [ 431305.72747748286929, 9121655.053955037146807 ], [ 431398.244497603329364, 9121727.98849281668663 ], [ 431491.895710056531243, 9121799.460838653147221 ], [ 431586.658007807156537, 9121869.453357812017202 ], [ 431682.508009676123038, 9121937.948780687525868 ], [ 431779.422066109720618, 9122004.930207058787346 ], [ 431877.376265014696401, 9122070.381110262125731 ], [ 431976.346437658183277, 9122134.285341264680028 ], [ 432076.30816463107476, 9122196.627132656052709 ], [ 432177.236781872925349, 9122257.391102530062199 ], [ 432279.107386757619679, 9122316.562258286401629 ], [ 432381.894844237831421, 9122374.126000327989459 ], [ 432485.573793046351057, 9122430.068125665187836 ], [ 432590.11865195404971, 9122484.374831411987543 ], [ 432695.503626081335824, 9122537.032718203961849 ], [ 432801.702713262639008, 9122588.02879349514842 ], [ 432908.689710462349467, 9122637.350474765524268 ], [ 433016.438220239826478, 9122684.985592629760504 ], [ 433124.921657262486406, 9122730.922393834218383 ], [ 433234.113254865573253, 9122775.149544160813093 ], [ 433343.986071656225249, 9122817.656131222844124 ], [ 433454.512998161022551, 9122858.431667156517506 ], [ 433565.666763514571358, 9122897.466091206297278 ], [ 433677.419942188600544, 9122934.74977221339941 ], [ 433789.744960758427624, 9122970.273510986939073 ], [ 433902.614104706444778, 9123004.028542576357722 ], [ 434015.999525260413066, 9123036.00653843395412 ], [ 434129.873246264294721, 9123066.199608463793993 ], [ 434244.207171081390698, 9123094.60030298307538 ], [ 434358.973089526640251, 9123121.201614540070295 ], [ 434474.142684826860204, 9123145.996979663148522 ], [ 434589.687540607759729, 9123168.98028046451509 ], [ 434705.579147905111313, 9123190.145846160128713 ], [ 434821.788912198971957, 9123209.488454462960362 ], [ 434938.288160468800925, 9123227.003332873806357 ], [ 435055.048148268426303, 9123242.686159858480096 ], [ 435172.040066817833576, 9123256.533065913245082 ], [ 435289.235050111834425, 9123268.540634522214532 ], [ 435406.604182041832246, 9123278.705902997404337 ], [ 435524.118503530859016, 9123287.026363210752606 ], [ 435641.749019678332843, 9123293.499962214380503 ], [ 435759.466706914710812, 9123298.125102743506432 ], [ 435877.24252016202081, 9123300.900643611326814 ], [ 435995.047400000679772, 9123301.825899999588728 ], [ 436112.852279839338735, 9123300.900643611326814 ], [ 436230.628093086648732, 9123298.125102743506432 ], [ 436348.345780323026702, 9123293.499962214380503 ], [ 436465.976296470558736, 9123287.026363210752606 ], [ 436583.490617959527299, 9123278.705902997404337 ], [ 436700.859749889525119, 9123268.540634522214532 ], [ 436818.054733183525968, 9123256.533065913245082 ], [ 436935.046651732933242, 9123242.686159858480096 ], [ 437051.80663953255862, 9123227.003332873806357 ], [ 437168.305887802387588, 9123209.488454462960362 ], [ 437284.515652096248232, 9123190.145846160128713 ], [ 437400.407259393599816, 9123168.98028046451509 ], [ 437515.95211517449934, 9123145.996979663148522 ], [ 437631.121710474777501, 9123121.201614540070295 ], [ 437745.887628919968847, 9123094.60030298307538 ], [ 437860.221553737064824, 9123066.199608463793993 ], [ 437974.095274741004687, 9123036.00653843395412 ], [ 438087.480695294914767, 9123004.028542576357722 ], [ 438200.349839242931921, 9122970.273510986939073 ], [ 438312.674857812759001, 9122934.74977221339941 ], [ 438424.428036486788187, 9122897.466091206297278 ], [ 438535.581801840395201, 9122858.431667156517506 ], [ 438646.108728345134296, 9122817.656131222844124 ], [ 438755.981545135786291, 9122775.149544160813093 ], [ 438865.173142738873139, 9122730.922393834218383 ], [ 438973.656579761533067, 9122684.985592629760504 ], [ 439081.405089539010078, 9122637.350474765524268 ], [ 439188.392086738720536, 9122588.02879349514842 ], [ 439294.591173920023721, 9122537.032718203961849 ], [ 439399.976148047309835, 9122484.374831411987543 ], [ 439504.521006955008488, 9122430.068125665187836 ], [ 439608.199955763528123, 9122374.126000327989459 ], [ 439710.987413243739866, 9122316.562258286401629 ], [ 439812.858018128492404, 9122257.391102530062199 ], [ 439913.786635370284785, 9122196.627132656052709 ], [ 440013.748362343176268, 9122134.285341264680028 ], [ 440112.718534986663144, 9122070.381110262125731 ], [ 440210.672733891638927, 9122004.930207058787346 ], [ 440307.586790325294714, 9121937.948780687525868 ], [ 440403.436792194261216, 9121869.453357812017202 ], [ 440498.199089944828302, 9121799.460838653147221 ], [ 440591.85030239803018, 9121727.98849281668663 ], [ 440684.367322518490255, 9121655.053955037146807 ], [ 440775.727323115861509, 9121580.675220817327499 ], [ 440865.907762477057986, 9121504.870641998946667 ], [ 440954.886389928054996, 9121427.658922228962183 ], [ 441042.641251323977485, 9121349.059112338349223 ], [ 441129.150694465846755, 9121269.090605659410357 ], [ 441214.393374443054199, 9121187.773133223876357 ], [ 441298.348258899815846, 9121105.126758899539709 ], [ 441380.994633224618156, 9121021.171874441206455 ], [ 441462.312105661258101, 9120935.929194465279579 ], [ 441542.280612340255175, 9120849.419751323759556 ], [ 441620.880422229121905, 9120761.664889926090837 ], [ 441698.092142000910826, 9120672.686262475326657 ], [ 441773.896720819117036, 9120582.50582311488688 ], [ 441848.275455038179643, 9120491.145822517573833 ], [ 441921.209992818359751, 9120398.628802396357059 ], [ 441992.682338653830811, 9120304.977589944377542 ], [ 442062.674857812817208, 9120210.215292192995548 ], [ 442131.170280688384082, 9120114.365290323272347 ], [ 442198.15170705987839, 9120017.451233889907598 ], [ 442263.602610262692906, 9119919.4970349855721 ], [ 442327.506841265771072, 9119820.526862341910601 ], [ 442389.848632656387053, 9119720.565135369077325 ], [ 442450.612602530280128, 9119619.636518128216267 ], [ 442509.78375828708522, 9119517.765913242474198 ], [ 442567.34750032966258, 9119414.978455763310194 ], [ 442623.289625665871426, 9119311.299506952986121 ], [ 442677.596331413427833, 9119206.754648046568036 ], [ 442730.254218205285724, 9119101.369673918932676 ], [ 442781.250293495832011, 9118995.170586736872792 ], [ 442830.571974766498897, 9118888.183589538559318 ], [ 442878.20709263056051, 9118780.435079760849476 ], [ 442924.143893835309427, 9118671.95164273865521 ], [ 442968.371044162544422, 9118562.760045135393739 ], [ 443010.877631224691868, 9118452.887228343635798 ], [ 443051.653167157375719, 9118342.360301839187741 ], [ 443090.687591207271907, 9118231.206536484882236 ], [ 443127.971272214315832, 9118119.453357812017202 ], [ 443163.495010988146532, 9118007.128339242190123 ], [ 443197.250042577739805, 9117894.259195294231176 ], [ 443229.228038434172049, 9117780.87377473898232 ], [ 443259.421108465408906, 9117667.00005373544991 ], [ 443287.821802983235102, 9117552.666128918528557 ], [ 443314.423114541277755, 9117437.900210473686457 ], [ 443339.218479663948528, 9117322.730615172535181 ], [ 443362.201780465838965, 9117207.185759391635656 ], [ 443383.367346161510795, 9117091.294152095913887 ], [ 443402.70995446422603, 9116975.084387801587582 ], [ 443420.224832874839194, 9116858.585139531642199 ], [ 443435.907659859280102, 9116741.825151732191443 ], [ 443449.754565914510749, 9116624.833233183249831 ], [ 443461.762134523771238, 9116507.638249889016151 ], [ 443471.927402999135666, 9116390.269117958843708 ], [ 443480.247863212716766, 9116272.754796469584107 ], [ 443486.721462215471547, 9116155.124280322343111 ], [ 443491.346602743666153, 9116037.406593086197972 ], [ 443494.12214361311635, 9115919.630779838189483 ], [ 443495.047400000679772, 9115801.825899999588728 ] ] ] ] } },
{ "type": "Feature", "properties": { "Id": 0 }, "geometry": { "type": "MultiPolygon", "coordinates": [ [ [ [ 473888.010858462948818, 9102377.827262876555324 ], [ 473887.085602075385395, 9102260.022383037954569 ], [ 473884.310061205935199, 9102142.246569789946079 ], [ 473879.684920677740593, 9102024.528882553800941 ], [ 473873.211321674985811, 9101906.898366406559944 ], [ 473864.890861461404711, 9101789.384044917300344 ], [ 473854.725592986040283, 9101672.0149129871279 ], [ 473842.718024376779795, 9101554.81992969289422 ], [ 473828.871118321549147, 9101437.828011143952608 ], [ 473813.18829133710824, 9101321.068023344501853 ], [ 473795.673412926495075, 9101204.56877507455647 ], [ 473776.330804623779841, 9101088.359010780230165 ], [ 473755.16523892810801, 9100972.467403484508395 ], [ 473732.181938126217574, 9100856.922547703608871 ], [ 473707.3865730035468, 9100741.752952402457595 ], [ 473680.785261445504148, 9100626.987033957615495 ], [ 473652.384566927677952, 9100512.653109140694141 ], [ 473622.191496896441095, 9100398.779388137161732 ], [ 473590.21350104000885, 9100285.393967581912875 ], [ 473556.458469450415578, 9100172.524823633953929 ], [ 473520.934730676584877, 9100060.199805064126849 ], [ 473483.651049669540953, 9099948.446626391261816 ], [ 473444.616625619644765, 9099837.29286103695631 ], [ 473403.841089686960913, 9099726.765934532508254 ], [ 473361.334502624813467, 9099616.893117740750313 ], [ 473317.107352297578473, 9099507.701520137488842 ], [ 473271.170551092829555, 9099399.218083115294576 ], [ 473223.535433228767943, 9099291.469573337584734 ], [ 473174.213751958101057, 9099184.482576139271259 ], [ 473123.21767666755477, 9099078.283488957211375 ], [ 473070.559789875696879, 9098972.898514829576015 ], [ 473016.253084128140472, 9098868.35365592315793 ], [ 472960.310958791931625, 9098764.674707112833858 ], [ 472902.747216749354266, 9098661.887249633669853 ], [ 472843.576060992549174, 9098560.016644747927785 ], [ 472782.812091118656099, 9098459.088027507066727 ], [ 472720.470299728040118, 9098359.126300534233451 ], [ 472656.566068724961951, 9098260.156127890571952 ], [ 472591.115165522147436, 9098162.201928986236453 ], [ 472524.13373915059492, 9098065.287872552871704 ], [ 472455.638316275028046, 9097969.437870683148503 ], [ 472385.645797116099857, 9097874.67557293176651 ], [ 472314.173451280628797, 9097781.024360479786992 ], [ 472241.238913500448689, 9097688.507340358570218 ], [ 472166.860179281386081, 9097597.147339761257172 ], [ 472091.055600463179871, 9097506.966900400817394 ], [ 472013.84388069139095, 9097417.988272950053215 ], [ 471935.24407080252422, 9097330.233411552384496 ], [ 471855.275564123527147, 9097243.723968410864472 ], [ 471773.958091686887201, 9097158.481288434937596 ], [ 471691.311717362026684, 9097074.526403976604342 ], [ 471607.356832905323245, 9096991.880029652267694 ], [ 471522.1141529281158, 9096910.562557216733694 ], [ 471435.604709786246531, 9096830.594050537794828 ], [ 471347.849848390324041, 9096751.994240647181869 ], [ 471258.871220939327031, 9096674.782520877197385 ], [ 471168.690781578130554, 9096598.977942058816552 ], [ 471077.3307809807593, 9096524.599207838997245 ], [ 470984.813760860299226, 9096451.664670059457421 ], [ 470891.162548407097347, 9096380.192324222996831 ], [ 470796.400250656472053, 9096310.199805064126849 ], [ 470700.55024878756376, 9096241.704382188618183 ], [ 470603.636192353907973, 9096174.722955817356706 ], [ 470505.681993448932189, 9096109.272052614018321 ], [ 470406.711820805445313, 9096045.367821611464024 ], [ 470306.75009383255383, 9095983.026030220091343 ], [ 470205.821476590761449, 9095922.262060346081853 ], [ 470103.950871706008911, 9095863.090904589742422 ], [ 470001.163414225797169, 9095805.527162548154593 ], [ 469897.484465417277534, 9095749.585037210956216 ], [ 469792.939606509520672, 9095695.278331464156508 ], [ 469687.554632382292766, 9095642.620444672182202 ], [ 469581.355545200989582, 9095591.624369380995631 ], [ 469474.368548001279123, 9095542.302688110619783 ], [ 469366.620038223802112, 9095494.667570246383548 ], [ 469258.136601201142184, 9095448.730769041925669 ], [ 469148.945003598055337, 9095404.503618715330958 ], [ 469039.072186807403341, 9095361.997031653299928 ], [ 468928.545260302606039, 9095321.221495719626546 ], [ 468817.391494949057233, 9095282.187071669846773 ], [ 468705.638316275028046, 9095244.903390662744641 ], [ 468593.313297705200966, 9095209.379651889204979 ], [ 468480.444153757183813, 9095175.624620299786329 ], [ 468367.058733203215525, 9095143.646624442189932 ], [ 468253.185012199333869, 9095113.453554412350059 ], [ 468138.851087382237893, 9095085.052859893068671 ], [ 468024.085168936988339, 9095058.451548336073756 ], [ 467908.915573636768386, 9095033.656183212995529 ], [ 467793.370717855868861, 9095010.672882411628962 ], [ 467677.479110558517277, 9094989.507316716015339 ], [ 467561.269346264656633, 9094970.164708413183689 ], [ 467444.770097994827665, 9094952.649830002337694 ], [ 467328.010110195202287, 9094936.967003017663956 ], [ 467211.018191645795014, 9094923.12009696289897 ], [ 467093.823208351794165, 9094911.11252835392952 ], [ 466976.454076421796344, 9094900.947259878739715 ], [ 466858.939754932769574, 9094892.626799665391445 ], [ 466741.309238785295747, 9094886.153200661763549 ], [ 466623.591551548917778, 9094881.52806013263762 ], [ 466505.81573830160778, 9094878.752519264817238 ], [ 466388.010858462948818, 9094877.827262876555324 ], [ 466270.205978624289855, 9094878.752519264817238 ], [ 466152.430165376979858, 9094881.52806013263762 ], [ 466034.712478140601888, 9094886.153200661763549 ], [ 465917.081961993069854, 9094892.626799665391445 ], [ 465799.567640504101291, 9094900.947259878739715 ], [ 465682.198508574103471, 9094911.11252835392952 ], [ 465565.003525280102622, 9094923.12009696289897 ], [ 465448.011606730637141, 9094936.967003017663956 ], [ 465331.25161893106997, 9094952.649830002337694 ], [ 465214.752370661241002, 9094970.164708413183689 ], [ 465098.542606367380358, 9094989.507316716015339 ], [ 464982.650999070028774, 9095010.672882411628962 ], [ 464867.10614328912925, 9095033.656183212995529 ], [ 464751.936547988851089, 9095058.451548336073756 ], [ 464637.170629543659743, 9095085.052859893068671 ], [ 464522.836704726563767, 9095113.453554412350059 ], [ 464408.962983722623903, 9095143.646624442189932 ], [ 464295.577563168713823, 9095175.624620299786329 ], [ 464182.708419220696669, 9095209.379651889204979 ], [ 464070.383400650869589, 9095244.903390662744641 ], [ 463958.630221976840403, 9095282.187071669846773 ], [ 463847.476456623291597, 9095321.221495719626546 ], [ 463736.949530118494295, 9095361.997031653299928 ], [ 463627.076713327842299, 9095404.503618715330958 ], [ 463517.885115724755451, 9095448.730769041925669 ], [ 463409.401678702095523, 9095494.667570246383548 ], [ 463301.653168924618512, 9095542.302688110619783 ], [ 463194.666171724908054, 9095591.624369380995631 ], [ 463088.467084543604869, 9095642.620444672182202 ], [ 462983.082110416376963, 9095695.278331464156508 ], [ 462878.537251508620102, 9095749.585037210956216 ], [ 462774.858302700100467, 9095805.527162548154593 ], [ 462672.070845219888724, 9095863.090904589742422 ], [ 462570.200240335136186, 9095922.262060346081853 ], [ 462469.271623093343806, 9095983.026030220091343 ], [ 462369.309896120452322, 9096045.367821611464024 ], [ 462270.339723476965446, 9096109.272052614018321 ], [ 462172.385524571989663, 9096174.722955817356706 ], [ 462075.471468138333876, 9096241.704382188618183 ], [ 461979.621466269425582, 9096310.199805064126849 ], [ 461884.859168518800288, 9096380.192324222996831 ], [ 461791.20795606559841, 9096451.664670059457421 ], [ 461698.690935945138335, 9096524.599207838997245 ], [ 461607.330935347767081, 9096598.977942058816552 ], [ 461517.150495986570604, 9096674.782520877197385 ], [ 461428.171868535573594, 9096751.994240647181869 ], [ 461340.417007139651105, 9096830.594050537794828 ], [ 461253.907563997781835, 9096910.562557216733694 ], [ 461168.664884020574391, 9096991.880029652267694 ], [ 461084.709999563870952, 9097074.526403976604342 ], [ 461002.063625239010435, 9097158.481288434937596 ], [ 460920.746152802370489, 9097243.723968410864472 ], [ 460840.777646123373415, 9097330.233411552384496 ], [ 460762.177836234506685, 9097417.988272950053215 ], [ 460684.966116462717764, 9097506.966900400817394 ], [ 460609.161537644511554, 9097597.147339761257172 ], [ 460534.782803425448947, 9097688.507340358570218 ], [ 460461.848265645268839, 9097781.024360479786992 ], [ 460390.375919809797779, 9097874.67557293176651 ], [ 460320.383400650869589, 9097969.437870683148503 ], [ 460251.887977775244508, 9098065.287872552871704 ], [ 460184.9065514037502, 9098162.201928986236453 ], [ 460119.455648200935684, 9098260.156127890571952 ], [ 460055.551417197857518, 9098359.126300534233451 ], [ 459993.209625807241537, 9098459.088027507066727 ], [ 459932.445655933348462, 9098560.016644747927785 ], [ 459873.27450017654337, 9098661.887249633669853 ], [ 459815.71075813396601, 9098764.674707112833858 ], [ 459759.768632797757164, 9098868.35365592315793 ], [ 459705.461927050200757, 9098972.898514829576015 ], [ 459652.804040258342866, 9099078.283488957211375 ], [ 459601.807964967796579, 9099184.482576139271259 ], [ 459552.486283697129693, 9099291.469573337584734 ], [ 459504.85116583306808, 9099399.218083115294576 ], [ 459458.914364628319163, 9099507.701520137488842 ], [ 459414.687214301084168, 9099616.893117740750313 ], [ 459372.180627238936722, 9099726.765934532508254 ], [ 459331.405091306252871, 9099837.29286103695631 ], [ 459292.370667256356683, 9099948.446626391261816 ], [ 459255.086986249312758, 9100060.199805064126849 ], [ 459219.563247475482058, 9100172.524823633953929 ], [ 459185.808215885888785, 9100285.393967581912875 ], [ 459153.830220029456541, 9100398.779388137161732 ], [ 459123.637149998219684, 9100512.653109140694141 ], [ 459095.236455480393488, 9100626.987033957615495 ], [ 459068.635143922350835, 9100741.752952402457595 ], [ 459043.839778799680062, 9100856.922547703608871 ], [ 459020.856477997789625, 9100972.467403484508395 ], [ 458999.690912302117795, 9101088.359010780230165 ], [ 458980.34830399940256, 9101204.56877507455647 ], [ 458962.833425588789396, 9101321.068023344501853 ], [ 458947.150598604348488, 9101437.828011143952608 ], [ 458933.303692549117841, 9101554.81992969289422 ], [ 458921.296123939857353, 9101672.0149129871279 ], [ 458911.130855464492925, 9101789.384044917300344 ], [ 458902.810395250911824, 9101906.898366406559944 ], [ 458896.336796248157043, 9102024.528882553800941 ], [ 458891.711655719962437, 9102142.246569789946079 ], [ 458888.93611485051224, 9102260.022383037954569 ], [ 458888.010858462948818, 9102377.827262876555324 ], [ 458888.93611485051224, 9102495.632142715156078 ], [ 458891.711655719962437, 9102613.407955963164568 ], [ 458896.336796248157043, 9102731.125643199309707 ], [ 458902.810395250911824, 9102848.756159346550703 ], [ 458911.130855464492925, 9102966.270480835810304 ], [ 458921.296123939857353, 9103083.639612765982747 ], [ 458933.303692549117841, 9103200.834596060216427 ], [ 458947.150598604348488, 9103317.826514609158039 ], [ 458962.833425588789396, 9103434.586502408608794 ], [ 458980.34830399940256, 9103551.085750678554177 ], [ 458999.690912302117795, 9103667.295514972880483 ], [ 459020.856477997789625, 9103783.187122268602252 ], [ 459043.839778799680062, 9103898.731978049501777 ], [ 459068.635143922350835, 9104013.901573350653052 ], [ 459095.236455480393488, 9104128.667491795495152 ], [ 459123.637149998219684, 9104243.001416612416506 ], [ 459153.830220029456541, 9104356.875137615948915 ], [ 459185.808215885888785, 9104470.260558171197772 ], [ 459219.563247475482058, 9104583.129702119156718 ], [ 459255.086986249312758, 9104695.454720688983798 ], [ 459292.370667256356683, 9104807.207899361848831 ], [ 459331.405091306252871, 9104918.361664716154337 ], [ 459372.180627238936722, 9105028.888591220602393 ], [ 459414.687214301084168, 9105138.761408012360334 ], [ 459458.914364628319163, 9105247.953005615621805 ], [ 459504.85116583306808, 9105356.436442637816072 ], [ 459552.486283697129693, 9105464.184952415525913 ], [ 459601.807964967796579, 9105571.171949613839388 ], [ 459652.804040258342866, 9105677.371036795899272 ], [ 459705.461927050200757, 9105782.756010923534632 ], [ 459759.768632797757164, 9105887.300869829952717 ], [ 459815.71075813396601, 9105990.97981864027679 ], [ 459873.27450017654337, 9106093.767276119440794 ], [ 459932.445655933348462, 9106195.637881005182862 ], [ 459993.209625807241537, 9106296.566498246043921 ], [ 460055.551417197857518, 9106396.528225218877196 ], [ 460119.455648200935684, 9106495.498397862538695 ], [ 460184.9065514037502, 9106593.452596766874194 ], [ 460251.887977775302716, 9106690.366653200238943 ], [ 460320.383400650869589, 9106786.216655069962144 ], [ 460390.375919809797779, 9106880.978952821344137 ], [ 460461.848265645268839, 9106974.630165273323655 ], [ 460534.782803425448947, 9107067.147185394540429 ], [ 460609.161537644511554, 9107158.507185991853476 ], [ 460684.966116462717764, 9107248.687625352293253 ], [ 460762.177836234506685, 9107337.666252803057432 ], [ 460840.777646123373415, 9107425.421114200726151 ], [ 460920.746152802370489, 9107511.930557342246175 ], [ 461002.063625239010435, 9107597.173237318173051 ], [ 461084.709999563870952, 9107681.128121776506305 ], [ 461168.664884020574391, 9107763.774496100842953 ], [ 461253.907563997781835, 9107845.091968536376953 ], [ 461340.417007139651105, 9107925.060475215315819 ], [ 461428.171868535573594, 9108003.660285105928779 ], [ 461517.150495986570604, 9108080.872004875913262 ], [ 461607.330935347767081, 9108156.676583694294095 ], [ 461698.690935945138335, 9108231.055317914113402 ], [ 461791.20795606559841, 9108303.989855693653226 ], [ 461884.859168518800288, 9108375.462201530113816 ], [ 461979.621466269425582, 9108445.454720688983798 ], [ 462075.471468138392083, 9108513.950143564492464 ], [ 462172.385524571989663, 9108580.931569935753942 ], [ 462270.339723476965446, 9108646.382473139092326 ], [ 462369.309896120452322, 9108710.286704141646624 ], [ 462469.271623093343806, 9108772.628495533019304 ], [ 462570.200240335194394, 9108833.392465407028794 ], [ 462672.070845219888724, 9108892.563621163368225 ], [ 462774.858302700100467, 9108950.127363204956055 ], [ 462878.537251508620102, 9109006.069488542154431 ], [ 462983.082110416318756, 9109060.376194288954139 ], [ 463088.467084543604869, 9109113.034081080928445 ], [ 463194.666171724908054, 9109164.030156372115016 ], [ 463301.653168924618512, 9109213.351837642490864 ], [ 463409.401678702095523, 9109260.986955506727099 ], [ 463517.885115724755451, 9109306.923756711184978 ], [ 463627.076713327842299, 9109351.150907037779689 ], [ 463736.949530118494295, 9109393.657494099810719 ], [ 463847.476456623291597, 9109434.433030033484101 ], [ 463958.630221976840403, 9109473.467454083263874 ], [ 464070.383400650869589, 9109510.751135090366006 ], [ 464182.708419220696669, 9109546.274873863905668 ], [ 464295.577563168713823, 9109580.029905453324318 ], [ 464408.962983722682111, 9109612.007901310920715 ], [ 464522.836704726563767, 9109642.200971340760589 ], [ 464637.170629543659743, 9109670.601665860041976 ], [ 464751.936547988909297, 9109697.202977417036891 ], [ 464867.10614328912925, 9109721.998342540115118 ], [ 464982.650999070028774, 9109744.981643341481686 ], [ 465098.542606367380358, 9109766.147209037095308 ], [ 465214.752370661241002, 9109785.489817339926958 ], [ 465331.25161893106997, 9109803.004695750772953 ], [ 465448.011606730695348, 9109818.687522735446692 ], [ 465565.003525280102622, 9109832.534428790211678 ], [ 465682.198508574103471, 9109844.541997399181128 ], [ 465799.567640504101291, 9109854.707265874370933 ], [ 465917.081961993128061, 9109863.027726087719202 ], [ 466034.712478140601888, 9109869.501325091347098 ], [ 466152.430165376979858, 9109874.126465620473027 ], [ 466270.205978624289855, 9109876.902006488293409 ], [ 466388.010858462948818, 9109877.827262876555324 ], [ 466505.81573830160778, 9109876.902006488293409 ], [ 466623.591551548917778, 9109874.126465618610382 ], [ 466741.309238785295747, 9109869.501325091347098 ], [ 466858.939754932827782, 9109863.027726087719202 ], [ 466976.454076421796344, 9109854.707265874370933 ], [ 467093.823208351794165, 9109844.541997399181128 ], [ 467211.018191645795014, 9109832.534428790211678 ], [ 467328.010110195202287, 9109818.687522735446692 ], [ 467444.770097994827665, 9109803.004695750772953 ], [ 467561.269346264656633, 9109785.489817339926958 ], [ 467677.479110558517277, 9109766.147209037095308 ], [ 467793.370717855868861, 9109744.981643341481686 ], [ 467908.915573636768386, 9109721.998342540115118 ], [ 468024.085168937046546, 9109697.202977417036891 ], [ 468138.851087382237893, 9109670.601665860041976 ], [ 468253.185012199333869, 9109642.200971340760589 ], [ 468367.058733203273732, 9109612.007901310920715 ], [ 468480.444153757183813, 9109580.029905453324318 ], [ 468593.313297705200966, 9109546.274873863905668 ], [ 468705.638316275028046, 9109510.751135090366006 ], [ 468817.391494949057233, 9109473.467454083263874 ], [ 468928.545260302664246, 9109434.433030033484101 ], [ 469039.072186807403341, 9109393.657494099810719 ], [ 469148.945003598055337, 9109351.150907037779689 ], [ 469258.136601201142184, 9109306.923756711184978 ], [ 469366.620038223802112, 9109260.986955506727099 ], [ 469474.368548001279123, 9109213.351837642490864 ], [ 469581.355545200989582, 9109164.030156372115016 ], [ 469687.554632382292766, 9109113.034081080928445 ], [ 469792.93960650957888, 9109060.376194288954139 ], [ 469897.484465417277534, 9109006.069488542154431 ], [ 470001.163414225797169, 9108950.127363204956055 ], [ 470103.950871706008911, 9108892.563621163368225 ], [ 470205.821476590761449, 9108833.392465407028794 ], [ 470306.75009383255383, 9108772.628495533019304 ], [ 470406.711820805445313, 9108710.286704141646624 ], [ 470505.681993448932189, 9108646.382473139092326 ], [ 470603.636192353907973, 9108580.931569935753942 ], [ 470700.55024878756376, 9108513.950143564492464 ], [ 470796.400250656530261, 9108445.454720688983798 ], [ 470891.162548407097347, 9108375.462201530113816 ], [ 470984.813760860299226, 9108303.989855693653226 ], [ 471077.3307809807593, 9108231.055317914113402 ], [ 471168.690781578130554, 9108156.676583694294095 ], [ 471258.871220939327031, 9108080.872004875913262 ], [ 471347.849848390324041, 9108003.660285105928779 ], [ 471435.604709786246531, 9107925.060475215315819 ], [ 471522.1141529281158, 9107845.091968536376953 ], [ 471607.356832905323245, 9107763.774496100842953 ], [ 471691.311717362084892, 9107681.128121776506305 ], [ 471773.958091686887201, 9107597.173237318173051 ], [ 471855.275564123527147, 9107511.930557342246175 ], [ 471935.24407080252422, 9107425.421114200726151 ], [ 472013.84388069139095, 9107337.666252803057432 ], [ 472091.055600463179871, 9107248.687625352293253 ], [ 472166.860179281386081, 9107158.507185991853476 ], [ 472241.238913500448689, 9107067.147185394540429 ], [ 472314.173451280628797, 9106974.630165273323655 ], [ 472385.645797116099857, 9106880.978952821344137 ], [ 472455.638316275086254, 9106786.216655069962144 ], [ 472524.133739150653128, 9106690.366653200238943 ], [ 472591.115165522147436, 9106593.452596766874194 ], [ 472656.566068724961951, 9106495.498397862538695 ], [ 472720.470299728040118, 9106396.528225218877196 ], [ 472782.812091118656099, 9106296.566498246043921 ], [ 472843.576060992549174, 9106195.637881005182862 ], [ 472902.747216749354266, 9106093.767276119440794 ], [ 472960.310958791931625, 9105990.97981864027679 ], [ 473016.253084128140472, 9105887.300869829952717 ], [ 473070.559789875696879, 9105782.756010923534632 ], [ 473123.21767666755477, 9105677.371036795899272 ], [ 473174.213751958101057, 9105571.171949613839388 ], [ 473223.535433228767943, 9105464.184952415525913 ], [ 473271.170551092829555, 9105356.436442637816072 ], [ 473317.107352297578473, 9105247.953005615621805 ], [ 473361.334502624813467, 9105138.761408012360334 ], [ 473403.841089686960913, 9105028.888591220602393 ], [ 473444.616625619644765, 9104918.361664716154337 ], [ 473483.651049669540953, 9104807.207899361848831 ], [ 473520.934730676584877, 9104695.454720688983798 ], [ 473556.458469450415578, 9104583.129702119156718 ], [ 473590.21350104000885, 9104470.260558171197772 ], [ 473622.191496896441095, 9104356.875137615948915 ], [ 473652.384566927677952, 9104243.001416612416506 ], [ 473680.785261445504148, 9104128.667491795495152 ], [ 473707.3865730035468, 9104013.901573350653052 ], [ 473732.181938126217574, 9103898.731978049501777 ], [ 473755.16523892810801, 9103783.187122268602252 ], [ 473776.330804623779841, 9103667.295514972880483 ], [ 473795.673412926495075, 9103551.085750678554177 ], [ 473813.18829133710824, 9103434.586502408608794 ], [ 473828.871118321549147, 9103317.826514609158039 ], [ 473842.718024376779795, 9103200.834596060216427 ], [ 473854.725592986040283, 9103083.639612765982747 ], [ 473864.890861461404711, 9102966.270480835810304 ], [ 473873.211321674985811, 9102848.756159346550703 ], [ 473879.684920677740593, 9102731.125643199309707 ], [ 473884.310061205935199, 9102613.407955963164568 ], [ 473887.085602075385395, 9102495.632142715156078 ], [ 473888.010858462948818, 9102377.827262876555324 ] ] ] ] } },
{ "type": "Feature", "properties": { "Id": 0 }, "geometry": { "type": "MultiPolygon", "coordinates": [ [ [ [ 462065.71485609334195, 9113107.976712187752128 ], [ 462064.789599705778528, 9112990.171832349151373 ], [ 462062.014058836328331, 9112872.396019101142883 ], [ 462057.388918308133725, 9112754.678331864997745 ], [ 462050.915319305378944, 9112637.047815717756748 ], [ 462042.594859091797844, 9112519.533494228497148 ], [ 462032.429590616433416, 9112402.164362298324704 ], [ 462020.422022007172927, 9112284.969379004091024 ], [ 462006.57511595194228, 9112167.977460455149412 ], [ 461990.892288967501372, 9112051.217472655698657 ], [ 461973.377410556888208, 9111934.718224385753274 ], [ 461954.034802254172973, 9111818.508460091426969 ], [ 461932.869236558501143, 9111702.616852795705199 ], [ 461909.885935756610706, 9111587.071997014805675 ], [ 461885.090570633939933, 9111471.902401713654399 ], [ 461858.48925907589728, 9111357.136483268812299 ], [ 461830.088564558071084, 9111242.802558451890945 ], [ 461799.895494526834227, 9111128.928837448358536 ], [ 461767.917498670401983, 9111015.543416893109679 ], [ 461734.16246708080871, 9110902.674272945150733 ], [ 461698.63872830697801, 9110790.349254375323653 ], [ 461661.355047299934085, 9110678.59607570245862 ], [ 461622.320623250037897, 9110567.442310348153114 ], [ 461581.545087317354046, 9110456.915383843705058 ], [ 461539.0385002552066, 9110347.042567051947117 ], [ 461494.811349927971605, 9110237.850969448685646 ], [ 461448.874548723222688, 9110129.36753242649138 ], [ 461401.239430859161075, 9110021.619022648781538 ], [ 461351.917749588494189, 9109914.632025450468063 ], [ 461300.921674297947902, 9109808.432938268408179 ], [ 461248.263787506090011, 9109703.04796414077282 ], [ 461193.957081758533604, 9109598.503105234354734 ], [ 461138.014956422324758, 9109494.824156424030662 ], [ 461080.451214379747398, 9109392.036698944866657 ], [ 461021.280058622942306, 9109290.166094059124589 ], [ 460960.516088749049231, 9109189.237476818263531 ], [ 460898.17429735843325, 9109089.275749845430255 ], [ 460834.270066355355084, 9108990.305577201768756 ], [ 460768.819163152540568, 9108892.351378297433257 ], [ 460701.837736780988052, 9108795.437321864068508 ], [ 460633.342313905421179, 9108699.587319994345307 ], [ 460563.349794746492989, 9108604.825022242963314 ], [ 460491.877448911021929, 9108511.173809790983796 ], [ 460418.942911130841821, 9108418.656789669767022 ], [ 460344.564176911779214, 9108327.296789072453976 ], [ 460268.759598093573004, 9108237.116349712014198 ], [ 460191.547878321784083, 9108148.137722261250019 ], [ 460112.948068432917353, 9108060.3828608635813 ], [ 460032.979561753920279, 9107973.873417722061276 ], [ 459951.662089317280333, 9107888.6307377461344 ], [ 459869.015714992419817, 9107804.675853287801147 ], [ 459785.060830535716377, 9107722.029478963464499 ], [ 459699.818150558508933, 9107640.712006527930498 ], [ 459613.308707416639663, 9107560.743499848991632 ], [ 459525.553846020717174, 9107482.143689958378673 ], [ 459436.575218569720164, 9107404.931970188394189 ], [ 459346.394779208523687, 9107329.127391370013356 ], [ 459255.034778611152433, 9107254.748657150194049 ], [ 459162.517758490692358, 9107181.814119370654225 ], [ 459068.86654603749048, 9107110.341773534193635 ], [ 458974.104248286865186, 9107040.349254375323653 ], [ 458878.254246417956892, 9106971.853831499814987 ], [ 458781.340189984301105, 9106904.87240512855351 ], [ 458683.385991079325322, 9106839.421501925215125 ], [ 458584.415818435838446, 9106775.517270922660828 ], [ 458484.454091462946963, 9106713.175479531288147 ], [ 458383.525474221154582, 9106652.411509657278657 ], [ 458281.654869336402044, 9106593.240353900939226 ], [ 458178.867411856190301, 9106535.676611859351397 ], [ 458075.188463047670666, 9106479.73448652215302 ], [ 457970.643604139913805, 9106425.427780775353312 ], [ 457865.258630012685899, 9106372.769893983379006 ], [ 457759.059542831382714, 9106321.773818692192435 ], [ 457652.072545631672256, 9106272.452137421816587 ], [ 457544.324035854195245, 9106224.817019557580352 ], [ 457435.840598831535317, 9106178.880218353122473 ], [ 457326.649001228448469, 9106134.653068026527762 ], [ 457216.776184437796474, 9106092.146480964496732 ], [ 457106.249257932999171, 9106051.37094503082335 ], [ 456995.095492579450365, 9106012.336520981043577 ], [ 456883.342313905421179, 9105975.052839973941445 ], [ 456771.017295335594099, 9105939.529101200401783 ], [ 456658.148151387576945, 9105905.774069610983133 ], [ 456544.762730833608657, 9105873.796073753386736 ], [ 456430.889009829727001, 9105843.603003723546863 ], [ 456316.555085012631025, 9105815.202309204265475 ], [ 456201.789166567381471, 9105788.60099764727056 ], [ 456086.619571267161518, 9105763.805632524192333 ], [ 455971.074715486261994, 9105740.822331722825766 ], [ 455855.18310818891041, 9105719.656766027212143 ], [ 455738.973343895049766, 9105700.314157724380493 ], [ 455622.474095625220798, 9105682.799279313534498 ], [ 455505.71410782559542, 9105667.11645232886076 ], [ 455388.722189276188146, 9105653.269546274095774 ], [ 455271.527205982187297, 9105641.261977665126324 ], [ 455154.158074052189477, 9105631.096709189936519 ], [ 455036.643752563162707, 9105622.776248976588249 ], [ 454919.01323641568888, 9105616.302649972960353 ], [ 454801.29554917931091, 9105611.677509443834424 ], [ 454683.519735932000913, 9105608.901968576014042 ], [ 454565.71485609334195, 9105607.976712187752128 ], [ 454447.909976254682988, 9105608.901968576014042 ], [ 454330.13416300737299, 9105611.677509443834424 ], [ 454212.416475770995021, 9105616.302649972960353 ], [ 454094.785959623462986, 9105622.776248976588249 ], [ 453977.271638134494424, 9105631.096709189936519 ], [ 453859.902506204496603, 9105641.261977665126324 ], [ 453742.707522910495754, 9105653.269546274095774 ], [ 453625.715604361030273, 9105667.11645232886076 ], [ 453508.955616561463103, 9105682.799279313534498 ], [ 453392.456368291634135, 9105700.314157724380493 ], [ 453276.246603997773491, 9105719.656766027212143 ], [ 453160.354996700421907, 9105740.822331722825766 ], [ 453044.810140919522382, 9105763.805632524192333 ], [ 452929.640545619244222, 9105788.60099764727056 ], [ 452814.874627174052875, 9105815.202309204265475 ], [ 452700.540702356956899, 9105843.603003723546863 ], [ 452586.666981353017036, 9105873.796073753386736 ], [ 452473.281560799106956, 9105905.774069610983133 ], [ 452360.412416851089802, 9105939.529101200401783 ], [ 452248.087398281262722, 9105975.052839973941445 ], [ 452136.334219607233535, 9106012.336520981043577 ], [ 452025.180454253684729, 9106051.37094503082335 ], [ 451914.653527748887427, 9106092.146480964496732 ], [ 451804.780710958235431, 9106134.653068026527762 ], [ 451695.589113355148584, 9106178.880218353122473 ], [ 451587.105676332488656, 9106224.817019557580352 ], [ 451479.357166555011645, 9106272.452137421816587 ], [ 451372.370169355301186, 9106321.773818692192435 ], [ 451266.171082173998002, 9106372.769893983379006 ], [ 451160.786108046770096, 9106425.427780775353312 ], [ 451056.241249139013235, 9106479.73448652215302 ], [ 450952.562300330493599, 9106535.676611859351397 ], [ 450849.774842850281857, 9106593.240353900939226 ], [ 450747.904237965529319, 9106652.411509657278657 ], [ 450646.975620723736938, 9106713.175479531288147 ], [ 450547.013893750845455, 9106775.517270922660828 ], [ 450448.043721107358579, 9106839.421501925215125 ], [ 450350.089522202382796, 9106904.87240512855351 ], [ 450253.175465768727008, 9106971.853831499814987 ], [ 450157.325463899818715, 9107040.349254375323653 ], [ 450062.563166149193421, 9107110.341773534193635 ], [ 449968.911953695991542, 9107181.814119370654225 ], [ 449876.394933575531468, 9107254.748657150194049 ], [ 449785.034932978160214, 9107329.127391370013356 ], [ 449694.854493616963737, 9107404.931970188394189 ], [ 449605.875866165966727, 9107482.143689958378673 ], [ 449518.121004770044237, 9107560.743499848991632 ], [ 449431.611561628174968, 9107640.712006527930498 ], [ 449346.368881650967523, 9107722.029478963464499 ], [ 449262.413997194264084, 9107804.675853287801147 ], [ 449179.767622869403567, 9107888.6307377461344 ], [ 449098.450150432763621, 9107973.873417722061276 ], [ 449018.481643753766548, 9108060.3828608635813 ], [ 448939.881833864899818, 9108148.137722261250019 ], [ 448862.670114093110897, 9108237.116349712014198 ], [ 448786.865535274904687, 9108327.296789072453976 ], [ 448712.486801055842079, 9108418.656789669767022 ], [ 448639.552263275661971, 9108511.173809790983796 ], [ 448568.079917440190911, 9108604.825022242963314 ], [ 448498.087398281262722, 9108699.587319994345307 ], [ 448429.591975405637641, 9108795.437321864068508 ], [ 448362.610549034143332, 9108892.351378297433257 ], [ 448297.159645831328817, 9108990.305577201768756 ], [ 448233.25541482825065, 9109089.275749845430255 ], [ 448170.913623437634669, 9109189.237476818263531 ], [ 448110.149653563741595, 9109290.166094059124589 ], [ 448050.978497806936502, 9109392.036698944866657 ], [ 447993.414755764359143, 9109494.824156424030662 ], [ 447937.472630428150296, 9109598.503105234354734 ], [ 447883.165924680593889, 9109703.04796414077282 ], [ 447830.508037888735998, 9109808.432938268408179 ], [ 447779.511962598189712, 9109914.632025450468063 ], [ 447730.190281327522825, 9110021.619022648781538 ], [ 447682.555163463461213, 9110129.36753242649138 ], [ 447636.618362258712295, 9110237.850969448685646 ], [ 447592.391211931477301, 9110347.042567051947117 ], [ 447549.884624869329855, 9110456.915383843705058 ], [ 447509.109088936646003, 9110567.442310348153114 ], [ 447470.074664886749815, 9110678.59607570245862 ], [ 447432.790983879705891, 9110790.349254375323653 ], [ 447397.26724510587519, 9110902.674272945150733 ], [ 447363.512213516281918, 9111015.543416893109679 ], [ 447331.534217659849674, 9111128.928837448358536 ], [ 447301.341147628612816, 9111242.802558451890945 ], [ 447272.940453110786621, 9111357.136483268812299 ], [ 447246.339141552743968, 9111471.902401713654399 ], [ 447221.543776430073194, 9111587.071997014805675 ], [ 447198.560475628182758, 9111702.616852795705199 ], [ 447177.394909932510927, 9111818.508460091426969 ], [ 447158.052301629795693, 9111934.718224385753274 ], [ 447140.537423219182529, 9112051.217472655698657 ], [ 447124.854596234741621, 9112167.977460455149412 ], [ 447111.007690179510973, 9112284.969379004091024 ], [ 447099.000121570250485, 9112402.164362298324704 ], [ 447088.834853094886057, 9112519.533494228497148 ], [ 447080.514392881304957, 9112637.047815717756748 ], [ 447074.040793878550176, 9112754.678331864997745 ], [ 447069.415653350355569, 9112872.396019101142883 ], [ 447066.640112480905373, 9112990.171832349151373 ], [ 447065.71485609334195, 9113107.976712187752128 ], [ 447066.640112480905373, 9113225.781592026352882 ], [ 447069.415653350355569, 9113343.557405274361372 ], [ 447074.040793878550176, 9113461.275092510506511 ], [ 447080.514392881304957, 9113578.905608657747507 ], [ 447088.834853094886057, 9113696.419930147007108 ], [ 447099.000121570250485, 9113813.789062077179551 ], [ 447111.007690179510973, 9113930.984045371413231 ], [ 447124.854596234741621, 9114047.975963920354843 ], [ 447140.537423219182529, 9114164.735951719805598 ], [ 447158.052301629795693, 9114281.235199989750981 ], [ 447177.394909932510927, 9114397.444964284077287 ], [ 447198.560475628182758, 9114513.336571579799056 ], [ 447221.543776430073194, 9114628.881427360698581 ], [ 447246.339141552743968, 9114744.051022661849856 ], [ 447272.940453110786621, 9114858.816941106691957 ], [ 447301.341147628612816, 9114973.15086592361331 ], [ 447331.534217659849674, 9115087.02458692714572 ], [ 447363.512213516281918, 9115200.410007482394576 ], [ 447397.26724510587519, 9115313.279151430353522 ], [ 447432.790983879705891, 9115425.604170000180602 ], [ 447470.074664886749815, 9115537.357348673045635 ], [ 447509.109088936646003, 9115648.511114027351141 ], [ 447549.884624869329855, 9115759.038040531799197 ], [ 447592.391211931477301, 9115868.910857323557138 ], [ 447636.618362258712295, 9115978.102454926818609 ], [ 447682.555163463461213, 9116086.585891949012876 ], [ 447730.190281327522825, 9116194.334401726722717 ], [ 447779.511962598189712, 9116301.321398925036192 ], [ 447830.508037888735998, 9116407.520486107096076 ], [ 447883.165924680593889, 9116512.905460234731436 ], [ 447937.472630428150296, 9116617.450319141149521 ], [ 447993.414755764359143, 9116721.129267951473594 ], [ 448050.978497806936502, 9116823.916725430637598 ], [ 448110.149653563741595, 9116925.787330316379666 ], [ 448170.913623437634669, 9117026.715947557240725 ], [ 448233.25541482825065, 9117126.677674530074 ], [ 448297.159645831328817, 9117225.647847173735499 ], [ 448362.610549034143332, 9117323.602046078070998 ], [ 448429.591975405695848, 9117420.516102511435747 ], [ 448498.087398281262722, 9117516.366104381158948 ], [ 448568.079917440190911, 9117611.128402132540941 ], [ 448639.552263275661971, 9117704.779614584520459 ], [ 448712.486801055842079, 9117797.296634705737233 ], [ 448786.865535274904687, 9117888.65663530305028 ], [ 448862.670114093110897, 9117978.837074663490057 ], [ 448939.881833864899818, 9118067.815702114254236 ], [ 449018.481643753766548, 9118155.570563511922956 ], [ 449098.450150432763621, 9118242.080006653442979 ], [ 449179.767622869403567, 9118327.322686629369855 ], [ 449262.413997194264084, 9118411.277571087703109 ], [ 449346.368881650967523, 9118493.923945412039757 ], [ 449431.611561628174968, 9118575.241417847573757 ], [ 449518.121004770044237, 9118655.209924526512623 ], [ 449605.875866165966727, 9118733.809734417125583 ], [ 449694.854493616963737, 9118811.021454187110066 ], [ 449785.034932978160214, 9118886.826033005490899 ], [ 449876.394933575531468, 9118961.204767225310206 ], [ 449968.911953695991542, 9119034.13930500485003 ], [ 450062.563166149193421, 9119105.61165084131062 ], [ 450157.325463899818715, 9119175.604170000180602 ], [ 450253.175465768785216, 9119244.099592875689268 ], [ 450350.089522202382796, 9119311.081019246950746 ], [ 450448.043721107358579, 9119376.53192245028913 ], [ 450547.013893750845455, 9119440.436153452843428 ], [ 450646.975620723736938, 9119502.777944844216108 ], [ 450747.904237965587527, 9119563.541914718225598 ], [ 450849.774842850281857, 9119622.713070474565029 ], [ 450952.562300330493599, 9119680.276812516152859 ], [ 451056.241249139013235, 9119736.218937853351235 ], [ 451160.786108046711888, 9119790.525643600150943 ], [ 451266.171082173998002, 9119843.183530392125249 ], [ 451372.370169355301186, 9119894.17960568331182 ], [ 451479.357166555011645, 9119943.501286953687668 ], [ 451587.105676332488656, 9119991.136404817923903 ], [ 451695.589113355148584, 9120037.073206022381783 ], [ 451804.780710958235431, 9120081.300356348976493 ], [ 451914.653527748887427, 9120123.806943411007524 ], [ 452025.180454253684729, 9120164.582479344680905 ], [ 452136.334219607233535, 9120203.616903394460678 ], [ 452248.087398281262722, 9120240.90058440156281 ], [ 452360.412416851089802, 9120276.424323175102472 ], [ 452473.281560799106956, 9120310.179354764521122 ], [ 452586.666981353075244, 9120342.157350622117519 ], [ 452700.540702356956899, 9120372.350420651957393 ], [ 452814.874627174052875, 9120400.75111517123878 ], [ 452929.640545619302429, 9120427.352426728233695 ], [ 453044.810140919522382, 9120452.147791851311922 ], [ 453160.354996700421907, 9120475.13109265267849 ], [ 453276.246603997773491, 9120496.296658348292112 ], [ 453392.456368291634135, 9120515.639266651123762 ], [ 453508.955616561463103, 9120533.154145061969757 ], [ 453625.715604361088481, 9120548.836972046643496 ], [ 453742.707522910495754, 9120562.683878101408482 ], [ 453859.902506204496603, 9120574.691446710377932 ], [ 453977.271638134494424, 9120584.856715185567737 ], [ 454094.785959623521194, 9120593.177175398916006 ], [ 454212.416475770995021, 9120599.650774402543902 ], [ 454330.13416300737299, 9120604.275914931669831 ], [ 454447.909976254682988, 9120607.051455799490213 ], [ 454565.71485609334195, 9120607.976712187752128 ], [ 454683.519735932000913, 9120607.051455799490213 ], [ 454801.29554917931091, 9120604.275914929807186 ], [ 454919.01323641568888, 9120599.650774402543902 ], [ 455036.643752563220914, 9120593.177175398916006 ], [ 455154.158074052189477, 9120584.856715185567737 ], [ 455271.527205982187297, 9120574.691446710377932 ], [ 455388.722189276188146, 9120562.683878101408482 ], [ 455505.71410782559542, 9120548.836972046643496 ], [ 455622.474095625220798, 9120533.154145061969757 ], [ 455738.973343895049766, 9120515.639266651123762 ], [ 455855.18310818891041, 9120496.296658348292112 ], [ 455971.074715486261994, 9120475.13109265267849 ], [ 456086.619571267161518, 9120452.147791851311922 ], [ 456201.789166567439679, 9120427.352426728233695 ], [ 456316.555085012631025, 9120400.75111517123878 ], [ 456430.889009829727001, 9120372.350420651957393 ], [ 456544.762730833666865, 9120342.157350622117519 ], [ 456658.148151387576945, 9120310.179354764521122 ], [ 456771.017295335594099, 9120276.424323175102472 ], [ 456883.342313905421179, 9120240.90058440156281 ], [ 456995.095492579450365, 9120203.616903394460678 ], [ 457106.249257933057379, 9120164.582479344680905 ], [ 457216.776184437796474, 9120123.806943411007524 ], [ 457326.649001228448469, 9120081.300356348976493 ], [ 457435.840598831535317, 9120037.073206022381783 ], [ 457544.324035854195245, 9119991.136404817923903 ], [ 457652.072545631672256, 9119943.501286953687668 ], [ 457759.059542831382714, 9119894.17960568331182 ], [ 457865.258630012685899, 9119843.183530392125249 ], [ 457970.643604139972012, 9119790.525643600150943 ], [ 458075.188463047670666, 9119736.218937853351235 ], [ 458178.867411856190301, 9119680.276812516152859 ], [ 458281.654869336402044, 9119622.713070474565029 ], [ 458383.525474221154582, 9119563.541914718225598 ], [ 458484.454091462946963, 9119502.777944844216108 ], [ 458584.415818435838446, 9119440.436153452843428 ], [ 458683.385991079325322, 9119376.53192245028913 ], [ 458781.340189984301105, 9119311.081019246950746 ], [ 458878.254246417956892, 9119244.099592875689268 ], [ 458974.104248286923394, 9119175.604170000180602 ], [ 459068.86654603749048, 9119105.61165084131062 ], [ 459162.517758490692358, 9119034.13930500485003 ], [ 459255.034778611152433, 9118961.204767225310206 ], [ 459346.394779208523687, 9118886.826033005490899 ], [ 459436.575218569720164, 9118811.021454187110066 ], [ 459525.553846020717174, 9118733.809734417125583 ], [ 459613.308707416639663, 9118655.209924526512623 ], [ 459699.818150558508933, 9118575.241417847573757 ], [ 459785.060830535716377, 9118493.923945412039757 ], [ 459869.015714992478024, 9118411.277571087703109 ], [ 459951.662089317280333, 9118327.322686629369855 ], [ 460032.979561753920279, 9118242.080006653442979 ], [ 460112.948068432917353, 9118155.570563511922956 ], [ 460191.547878321784083, 9118067.815702114254236 ], [ 460268.759598093573004, 9117978.837074663490057 ], [ 460344.564176911779214, 9117888.65663530305028 ], [ 460418.942911130841821, 9117797.296634705737233 ], [ 460491.877448911021929, 9117704.779614584520459 ], [ 460563.349794746492989, 9117611.128402132540941 ], [ 460633.342313905479386, 9117516.366104381158948 ], [ 460701.83773678104626, 9117420.516102511435747 ], [ 460768.819163152540568, 9117323.602046078070998 ], [ 460834.270066355355084, 9117225.647847173735499 ], [ 460898.17429735843325, 9117126.677674530074 ], [ 460960.516088749049231, 9117026.715947557240725 ], [ 461021.280058622942306, 9116925.787330316379666 ], [ 461080.451214379747398, 9116823.916725430637598 ], [ 461138.014956422324758, 9116721.129267951473594 ], [ 461193.957081758533604, 9116617.450319141149521 ], [ 461248.263787506090011, 9116512.905460234731436 ], [ 461300.921674297947902, 9116407.520486107096076 ], [ 461351.917749588494189, 9116301.321398925036192 ], [ 461401.239430859161075, 9116194.334401726722717 ], [ 461448.874548723222688, 9116086.585891949012876 ], [ 461494.811349927971605, 9115978.102454926818609 ], [ 461539.0385002552066, 9115868.910857323557138 ], [ 461581.545087317354046, 9115759.038040531799197 ], [ 461622.320623250037897, 9115648.511114027351141 ], [ 461661.355047299934085, 9115537.357348673045635 ], [ 461698.63872830697801, 9115425.604170000180602 ], [ 461734.16246708080871, 9115313.279151430353522 ], [ 461767.917498670401983, 9115200.410007482394576 ], [ 461799.895494526834227, 9115087.02458692714572 ], [ 461830.088564558071084, 9114973.15086592361331 ], [ 461858.48925907589728, 9114858.816941106691957 ], [ 461885.090570633939933, 9114744.051022661849856 ], [ 461909.885935756610706, 9114628.881427360698581 ], [ 461932.869236558501143, 9114513.336571579799056 ], [ 461954.034802254172973, 9114397.444964284077287 ], [ 461973.377410556888208, 9114281.235199989750981 ], [ 461990.892288967501372, 9114164.735951719805598 ], [ 462006.57511595194228, 9114047.975963920354843 ], [ 462020.422022007172927, 9113930.984045371413231 ], [ 462032.429590616433416, 9113813.789062077179551 ], [ 462042.594859091797844, 9113696.419930147007108 ], [ 462050.915319305378944, 9113578.905608657747507 ], [ 462057.388918308133725, 9113461.275092510506511 ], [ 462062.014058836328331, 9113343.557405274361372 ], [ 462064.789599705778528, 9113225.781592026352882 ], [ 462065.71485609334195, 9113107.976712187752128 ] ] ] ] } },
{ "type": "Feature", "properties": { "Id": 0 }, "geometry": { "type": "MultiPolygon", "coordinates": [ [ [ [ 436107.799212924495805, 9148660.966327639296651 ], [ 436106.873956536932383, 9148543.161447800695896 ], [ 436104.098415667482186, 9148425.385634552687407 ], [ 436099.47327513928758, 9148307.667947316542268 ], [ 436092.999676136532798, 9148190.037431169301271 ], [ 436084.679215922951698, 9148072.523109680041671 ], [ 436074.51394744758727, 9147955.153977749869227 ], [ 436062.506378838326782, 9147837.958994455635548 ], [ 436048.659472783096135, 9147720.967075906693935 ], [ 436032.976645798655227, 9147604.20708810724318 ], [ 436015.461767388042063, 9147487.707839837297797 ], [ 435996.119159085326828, 9147371.498075542971492 ], [ 435974.953593389654998, 9147255.606468247249722 ], [ 435951.970292587764561, 9147140.061612466350198 ], [ 435927.174927465093788, 9147024.892017165198922 ], [ 435900.573615907051135, 9146910.126098720356822 ], [ 435872.172921389224939, 9146795.792173903435469 ], [ 435841.979851357988082, 9146681.918452899903059 ], [ 435810.001855501555838, 9146568.533032344654202 ], [ 435776.246823911962565, 9146455.663888396695256 ], [ 435740.723085138131864, 9146343.338869826868176 ], [ 435703.43940413108794, 9146231.585691154003143 ], [ 435664.404980081191752, 9146120.431925799697638 ], [ 435623.629444148507901, 9146009.904999295249581 ], [ 435581.122857086360455, 9145900.03218250349164 ], [ 435536.89570675912546, 9145790.840584900230169 ], [ 435490.958905554376543, 9145682.357147878035903 ], [ 435443.32378769031493, 9145574.608638100326061 ], [ 435394.002106419648044, 9145467.621640902012587 ], [ 435343.006031129101757, 9145361.422553719952703 ], [ 435290.348144337243866, 9145256.037579592317343 ], [ 435236.041438589687459, 9145151.492720685899258 ], [ 435180.099313253478613, 9145047.813771875575185 ], [ 435122.535571210901253, 9144945.02631439641118 ], [ 435063.364415454096161, 9144843.155709510669112 ], [ 435002.600445580203086, 9144742.227092269808054 ], [ 434940.258654189587105, 9144642.265365296974778 ], [ 434876.354423186508939, 9144543.295192653313279 ], [ 434810.903519983694423, 9144445.34099374897778 ], [ 434743.922093612141907, 9144348.426937315613031 ], [ 434675.426670736575034, 9144252.576935445889831 ], [ 434605.434151577646844, 9144157.814637694507837 ], [ 434533.961805742175784, 9144064.163425242528319 ], [ 434461.027267961995676, 9143971.646405121311545 ], [ 434386.648533742933068, 9143880.286404523998499 ], [ 434310.843954924726859, 9143790.105965163558722 ], [ 434233.632235152937938, 9143701.127337712794542 ], [ 434155.032425264071207, 9143613.372476315125823 ], [ 434075.063918585074134, 9143526.8630331736058 ], [ 433993.746446148434188, 9143441.620353197678924 ], [ 433911.100071823573671, 9143357.66546873934567 ], [ 433827.145187366870232, 9143275.019094415009022 ], [ 433741.902507389662787, 9143193.701621979475021 ], [ 433655.393064247793518, 9143113.733115300536156 ], [ 433567.638202851871029, 9143035.133305409923196 ], [ 433478.659575400874019, 9142957.921585639938712 ], [ 433388.479136039677542, 9142882.117006821557879 ], [ 433297.119135442306288, 9142807.738272601738572 ], [ 433204.602115321846213, 9142734.803734822198749 ], [ 433110.950902868644334, 9142663.331388985738158 ], [ 433016.188605118019041, 9142593.338869826868176 ], [ 432920.338603249110747, 9142524.84344695135951 ], [ 432823.42454681545496, 9142457.862020580098033 ], [ 432725.470347910479177, 9142392.411117376759648 ], [ 432626.500175266992301, 9142328.506886374205351 ], [ 432526.538448294100817, 9142266.16509498283267 ], [ 432425.609831052308436, 9142205.40112510882318 ], [ 432323.739226167555898, 9142146.229969352483749 ], [ 432220.951768687344156, 9142088.66622731089592 ], [ 432117.272819878824521, 9142032.724101973697543 ], [ 432012.72796097106766, 9141978.417396226897836 ], [ 431907.342986843839753, 9141925.75950943492353 ], [ 431801.143899662536569, 9141874.763434143736959 ], [ 431694.15690246282611, 9141825.441752873361111 ], [ 431586.408392685349099, 9141777.806635009124875 ], [ 431477.924955662689172, 9141731.869833804666996 ], [ 431368.733358059602324, 9141687.642683478072286 ], [ 431258.860541268950328, 9141645.136096416041255 ], [ 431148.333614764153026, 9141604.360560482367873 ], [ 431037.17984941060422, 9141565.3261364325881 ], [ 430925.426670736575034, 9141528.042455425485969 ], [ 430813.101652166747954, 9141492.518716651946306 ], [ 430700.2325082187308, 9141458.763685062527657 ], [ 430586.847087664762512, 9141426.785689204931259 ], [ 430472.973366660880856, 9141396.592619175091386 ], [ 430358.63944184378488, 9141368.191924655809999 ], [ 430243.873523398535326, 9141341.590613098815084 ], [ 430128.703928098315373, 9141316.795247975736856 ], [ 430013.159072317415848, 9141293.811947174370289 ], [ 429897.267465020064265, 9141272.646381478756666 ], [ 429781.05770072620362, 9141253.303773175925016 ], [ 429664.558452456374653, 9141235.788894765079021 ], [ 429547.798464656749275, 9141220.106067780405283 ], [ 429430.806546107342001, 9141206.259161725640297 ], [ 429313.611562813341152, 9141194.251593116670847 ], [ 429196.242430883343332, 9141184.086324641481042 ], [ 429078.728109394316562, 9141175.765864428132772 ], [ 428961.097593246842735, 9141169.292265424504876 ], [ 428843.379906010464765, 9141164.667124895378947 ], [ 428725.604092763154767, 9141161.891584027558565 ], [ 428607.799212924495805, 9141160.966327639296651 ], [ 428489.994333085836843, 9141161.891584027558565 ], [ 428372.218519838526845, 9141164.667124895378947 ], [ 428254.500832602148876, 9141169.292265424504876 ], [ 428136.870316454616841, 9141175.765864428132772 ], [ 428019.355994965648279, 9141184.086324641481042 ], [ 427901.986863035650458, 9141194.251593116670847 ], [ 427784.791879741649609, 9141206.259161725640297 ], [ 427667.799961192184128, 9141220.106067780405283 ], [ 427551.039973392616957, 9141235.788894765079021 ], [ 427434.54072512278799, 9141253.303773175925016 ], [ 427318.330960828927346, 9141272.646381478756666 ], [ 427202.439353531575762, 9141293.811947174370289 ], [ 427086.894497750676237, 9141316.795247975736856 ], [ 426971.724902450398076, 9141341.590613098815084 ], [ 426856.95898400520673, 9141368.191924655809999 ], [ 426742.625059188110754, 9141396.592619175091386 ], [ 426628.751338184170891, 9141426.785689204931259 ], [ 426515.36591763026081, 9141458.763685062527657 ], [ 426402.496773682243656, 9141492.518716651946306 ], [ 426290.171755112416577, 9141528.042455425485969 ], [ 426178.41857643838739, 9141565.3261364325881 ], [ 426067.264811084838584, 9141604.360560482367873 ], [ 425956.737884580041282, 9141645.136096416041255 ], [ 425846.865067789389286, 9141687.642683478072286 ], [ 425737.673470186302438, 9141731.869833804666996 ], [ 425629.190033163642511, 9141777.806635009124875 ], [ 425521.4415233861655, 9141825.441752873361111 ], [ 425414.454526186455041, 9141874.763434143736959 ], [ 425308.255439005151857, 9141925.75950943492353 ], [ 425202.870464877923951, 9141978.417396226897836 ], [ 425098.325605970167089, 9142032.724101973697543 ], [ 424994.646657161647454, 9142088.66622731089592 ], [ 424891.859199681435712, 9142146.229969352483749 ], [ 424789.988594796683174, 9142205.40112510882318 ], [ 424689.059977554890793, 9142266.16509498283267 ], [ 424589.098250581999309, 9142328.506886374205351 ], [ 424490.128077938512433, 9142392.411117376759648 ], [ 424392.17387903353665, 9142457.862020580098033 ], [ 424295.259822599880863, 9142524.84344695135951 ], [ 424199.409820730972569, 9142593.338869826868176 ], [ 424104.647522980347276, 9142663.331388985738158 ], [ 424010.996310527145397, 9142734.803734822198749 ], [ 423918.479290406685323, 9142807.738272601738572 ], [ 423827.119289809314068, 9142882.117006821557879 ], [ 423736.938850448117591, 9142957.921585639938712 ], [ 423647.960222997120582, 9143035.133305409923196 ], [ 423560.205361601198092, 9143113.733115300536156 ], [ 423473.695918459328823, 9143193.701621979475021 ], [ 423388.453238482121378, 9143275.019094415009022 ], [ 423304.498354025417939, 9143357.66546873934567 ], [ 423221.851979700557422, 9143441.620353197678924 ], [ 423140.534507263917476, 9143526.8630331736058 ], [ 423060.566000584920403, 9143613.372476315125823 ], [ 422981.966190696053673, 9143701.127337712794542 ], [ 422904.754470924264751, 9143790.105965163558722 ], [ 422828.949892106058542, 9143880.286404523998499 ], [ 422754.571157886995934, 9143971.646405121311545 ], [ 422681.636620106815826, 9144064.163425242528319 ], [ 422610.164274271344766, 9144157.814637694507837 ], [ 422540.171755112416577, 9144252.576935445889831 ], [ 422471.676332236791495, 9144348.426937315613031 ], [ 422404.694905865297187, 9144445.34099374897778 ], [ 422339.244002662482671, 9144543.295192653313279 ], [ 422275.339771659404505, 9144642.265365296974778 ], [ 422212.997980268788524, 9144742.227092269808054 ], [ 422152.234010394895449, 9144843.155709510669112 ], [ 422093.062854638090357, 9144945.02631439641118 ], [ 422035.499112595512997, 9145047.813771875575185 ], [ 421979.556987259304151, 9145151.492720685899258 ], [ 421925.250281511747744, 9145256.037579592317343 ], [ 421872.592394719889853, 9145361.422553719952703 ], [ 421821.596319429343566, 9145467.621640902012587 ], [ 421772.27463815867668, 9145574.608638100326061 ], [ 421724.639520294615068, 9145682.357147878035903 ], [ 421678.70271908986615, 9145790.840584900230169 ], [ 421634.475568762631156, 9145900.03218250349164 ], [ 421591.96898170048371, 9146009.904999295249581 ], [ 421551.193445767799858, 9146120.431925799697638 ], [ 421512.15902171790367, 9146231.585691154003143 ], [ 421474.875340710859746, 9146343.338869826868176 ], [ 421439.351601937029045, 9146455.663888396695256 ], [ 421405.596570347435772, 9146568.533032344654202 ], [ 421373.618574491003528, 9146681.918452899903059 ], [ 421343.425504459766671, 9146795.792173903435469 ], [ 421315.024809941940475, 9146910.126098720356822 ], [ 421288.423498383897822, 9147024.892017165198922 ], [ 421263.628133261227049, 9147140.061612466350198 ], [ 421240.644832459336612, 9147255.606468247249722 ], [ 421219.479266763664782, 9147371.498075542971492 ], [ 421200.136658460949548, 9147487.707839837297797 ], [ 421182.621780050336383, 9147604.20708810724318 ], [ 421166.938953065895475, 9147720.967075906693935 ], [ 421153.092047010664828, 9147837.958994455635548 ], [ 421141.08447840140434, 9147955.153977749869227 ], [ 421130.919209926039912, 9148072.523109680041671 ], [ 421122.598749712458812, 9148190.037431169301271 ], [ 421116.12515070970403, 9148307.667947316542268 ], [ 421111.500010181509424, 9148425.385634552687407 ], [ 421108.724469312059227, 9148543.161447800695896 ], [ 421107.799212924495805, 9148660.966327639296651 ], [ 421108.724469312059227, 9148778.771207477897406 ], [ 421111.500010181509424, 9148896.547020725905895 ], [ 421116.12515070970403, 9149014.264707962051034 ], [ 421122.598749712458812, 9149131.89522410929203 ], [ 421130.919209926039912, 9149249.409545598551631 ], [ 421141.08447840140434, 9149366.778677528724074 ], [ 421153.092047010664828, 9149483.973660822957754 ], [ 421166.938953065895475, 9149600.965579371899366 ], [ 421182.621780050336383, 9149717.725567171350121 ], [ 421200.136658460949548, 9149834.224815441295505 ], [ 421219.479266763664782, 9149950.43457973562181 ], [ 421240.644832459336612, 9150066.326187031343579 ], [ 421263.628133261227049, 9150181.871042812243104 ], [ 421288.423498383897822, 9150297.04063811339438 ], [ 421315.024809941940475, 9150411.80655655823648 ], [ 421343.425504459766671, 9150526.140481375157833 ], [ 421373.618574491003528, 9150640.014202378690243 ], [ 421405.596570347435772, 9150753.399622933939099 ], [ 421439.351601937029045, 9150866.268766881898046 ], [ 421474.875340710859746, 9150978.593785451725125 ], [ 421512.15902171790367, 9151090.346964124590158 ], [ 421551.193445767799858, 9151201.500729478895664 ], [ 421591.96898170048371, 9151312.02765598334372 ], [ 421634.475568762631156, 9151421.900472775101662 ], [ 421678.70271908986615, 9151531.092070378363132 ], [ 421724.639520294615068, 9151639.575507400557399 ], [ 421772.27463815867668, 9151747.324017178267241 ], [ 421821.596319429343566, 9151854.311014376580715 ], [ 421872.592394719889853, 9151960.510101558640599 ], [ 421925.250281511747744, 9152065.895075686275959 ], [ 421979.556987259304151, 9152170.439934592694044 ], [ 422035.499112595512997, 9152274.118883403018117 ], [ 422093.062854638090357, 9152376.906340882182121 ], [ 422152.234010394895449, 9152478.77694576792419 ], [ 422212.997980268788524, 9152579.705563008785248 ], [ 422275.339771659404505, 9152679.667289981618524 ], [ 422339.244002662482671, 9152778.637462625280023 ], [ 422404.694905865297187, 9152876.591661529615521 ], [ 422471.676332236849703, 9152973.50571796298027 ], [ 422540.171755112416577, 9153069.355719832703471 ], [ 422610.164274271344766, 9153164.118017584085464 ], [ 422681.636620106815826, 9153257.769230036064982 ], [ 422754.571157886995934, 9153350.286250157281756 ], [ 422828.949892106058542, 9153441.646250754594803 ], [ 422904.754470924264751, 9153531.82669011503458 ], [ 422981.966190696053673, 9153620.805317565798759 ], [ 423060.566000584920403, 9153708.560178963467479 ], [ 423140.534507263917476, 9153795.069622104987502 ], [ 423221.851979700557422, 9153880.312302080914378 ], [ 423304.498354025417939, 9153964.267186539247632 ], [ 423388.453238482121378, 9154046.91356086358428 ], [ 423473.695918459328823, 9154128.23103329911828 ], [ 423560.205361601198092, 9154208.199539978057146 ], [ 423647.960222997120582, 9154286.799349868670106 ], [ 423736.938850448117591, 9154364.01106963865459 ], [ 423827.119289809314068, 9154439.815648457035422 ], [ 423918.479290406685323, 9154514.19438267685473 ], [ 424010.996310527145397, 9154587.128920456394553 ], [ 424104.647522980347276, 9154658.601266292855144 ], [ 424199.409820730972569, 9154728.593785451725125 ], [ 424295.259822599939071, 9154797.089208327233791 ], [ 424392.17387903353665, 9154864.070634698495269 ], [ 424490.128077938512433, 9154929.521537901833653 ], [ 424589.098250581999309, 9154993.425768904387951 ], [ 424689.059977554890793, 9155055.767560295760632 ], [ 424789.988594796741381, 9155116.531530169770122 ], [ 424891.859199681435712, 9155175.702685926109552 ], [ 424994.646657161647454, 9155233.266427967697382 ], [ 425098.325605970167089, 9155289.208553304895759 ], [ 425202.870464877865743, 9155343.515259051695466 ], [ 425308.255439005151857, 9155396.173145843669772 ], [ 425414.454526186455041, 9155447.169221134856343 ], [ 425521.4415233861655, 9155496.490902405232191 ], [ 425629.190033163642511, 9155544.126020269468427 ], [ 425737.673470186302438, 9155590.062821473926306 ], [ 425846.865067789389286, 9155634.289971800521016 ], [ 425956.737884580041282, 9155676.796558862552047 ], [ 426067.264811084838584, 9155717.572094796225429 ], [ 426178.41857643838739, 9155756.606518846005201 ], [ 426290.171755112416577, 9155793.890199853107333 ], [ 426402.496773682243656, 9155829.413938626646996 ], [ 426515.36591763026081, 9155863.168970216065645 ], [ 426628.751338184229098, 9155895.146966073662043 ], [ 426742.625059188110754, 9155925.340036103501916 ], [ 426856.95898400520673, 9155953.740730622783303 ], [ 426971.724902450456284, 9155980.342042179778218 ], [ 427086.894497750676237, 9156005.137407302856445 ], [ 427202.439353531575762, 9156028.120708104223013 ], [ 427318.330960828927346, 9156049.286273799836636 ], [ 427434.54072512278799, 9156068.628882102668285 ], [ 427551.039973392616957, 9156086.14376051351428 ], [ 427667.799961192242336, 9156101.826587498188019 ], [ 427784.791879741649609, 9156115.673493552953005 ], [ 427901.986863035650458, 9156127.681062161922455 ], [ 428019.355994965648279, 9156137.84633063711226 ], [ 428136.870316454675049, 9156146.166790850460529 ], [ 428254.500832602148876, 9156152.640389854088426 ], [ 428372.218519838526845, 9156157.265530383214355 ], [ 428489.994333085836843, 9156160.041071251034737 ], [ 428607.799212924495805, 9156160.966327639296651 ], [ 428725.604092763154767, 9156160.041071251034737 ], [ 428843.379906010464765, 9156157.265530381351709 ], [ 428961.097593246842735, 9156152.640389854088426 ], [ 429078.728109394374769, 9156146.166790850460529 ], [ 429196.242430883343332, 9156137.84633063711226 ], [ 429313.611562813341152, 9156127.681062161922455 ], [ 429430.806546107342001, 9156115.673493552953005 ], [ 429547.798464656749275, 9156101.826587498188019 ], [ 429664.558452456374653, 9156086.14376051351428 ], [ 429781.05770072620362, 9156068.628882102668285 ], [ 429897.267465020064265, 9156049.286273799836636 ], [ 430013.159072317415848, 9156028.120708104223013 ], [ 430128.703928098315373, 9156005.137407302856445 ], [ 430243.873523398593534, 9155980.342042179778218 ], [ 430358.63944184378488, 9155953.740730622783303 ], [ 430472.973366660880856, 9155925.340036103501916 ], [ 430586.84708766482072, 9155895.146966073662043 ], [ 430700.2325082187308, 9155863.168970216065645 ], [ 430813.101652166747954, 9155829.413938626646996 ], [ 430925.426670736575034, 9155793.890199853107333 ], [ 431037.17984941060422, 9155756.606518846005201 ], [ 431148.333614764211234, 9155717.572094796225429 ], [ 431258.860541268950328, 9155676.796558862552047 ], [ 431368.733358059602324, 9155634.289971800521016 ], [ 431477.924955662689172, 9155590.062821473926306 ], [ 431586.408392685349099, 9155544.126020269468427 ], [ 431694.15690246282611, 9155496.490902405232191 ], [ 431801.143899662536569, 9155447.169221134856343 ], [ 431907.342986843839753, 9155396.173145843669772 ], [ 432012.727960971125867, 9155343.515259051695466 ], [ 432117.272819878824521, 9155289.208553304895759 ], [ 432220.951768687344156, 9155233.266427967697382 ], [ 432323.739226167555898, 9155175.702685926109552 ], [ 432425.609831052308436, 9155116.531530169770122 ], [ 432526.538448294100817, 9155055.767560295760632 ], [ 432626.500175266992301, 9154993.425768904387951 ], [ 432725.470347910479177, 9154929.521537901833653 ], [ 432823.42454681545496, 9154864.070634698495269 ], [ 432920.338603249110747, 9154797.089208327233791 ], [ 433016.188605118077248, 9154728.593785451725125 ], [ 433110.950902868644334, 9154658.601266292855144 ], [ 433204.602115321846213, 9154587.128920456394553 ], [ 433297.119135442306288, 9154514.19438267685473 ], [ 433388.479136039677542, 9154439.815648457035422 ], [ 433478.659575400874019, 9154364.01106963865459 ], [ 433567.638202851871029, 9154286.799349868670106 ], [ 433655.393064247793518, 9154208.199539978057146 ], [ 433741.902507389662787, 9154128.23103329911828 ], [ 433827.145187366870232, 9154046.91356086358428 ], [ 433911.100071823631879, 9153964.267186539247632 ], [ 433993.746446148434188, 9153880.312302080914378 ], [ 434075.063918585074134, 9153795.069622104987502 ], [ 434155.032425264071207, 9153708.560178963467479 ], [ 434233.632235152937938, 9153620.805317565798759 ], [ 434310.843954924726859, 9153531.82669011503458 ], [ 434386.648533742933068, 9153441.646250754594803 ], [ 434461.027267961995676, 9153350.286250157281756 ], [ 434533.961805742175784, 9153257.769230036064982 ], [ 434605.434151577646844, 9153164.118017584085464 ], [ 434675.426670736633241, 9153069.355719832703471 ], [ 434743.922093612200115, 9152973.50571796298027 ], [ 434810.903519983694423, 9152876.591661529615521 ], [ 434876.354423186508939, 9152778.637462625280023 ], [ 434940.258654189587105, 9152679.667289981618524 ], [ 435002.600445580203086, 9152579.705563008785248 ], [ 435063.364415454096161, 9152478.77694576792419 ], [ 435122.535571210901253, 9152376.906340882182121 ], [ 435180.099313253478613, 9152274.118883403018117 ], [ 435236.041438589687459, 9152170.439934592694044 ], [ 435290.348144337243866, 9152065.895075686275959 ], [ 435343.006031129101757, 9151960.510101558640599 ], [ 435394.002106419648044, 9151854.311014376580715 ], [ 435443.32378769031493, 9151747.324017178267241 ], [ 435490.958905554376543, 9151639.575507400557399 ], [ 435536.89570675912546, 9151531.092070378363132 ], [ 435581.122857086360455, 9151421.900472775101662 ], [ 435623.629444148507901, 9151312.02765598334372 ], [ 435664.404980081191752, 9151201.500729478895664 ], [ 435703.43940413108794, 9151090.346964124590158 ], [ 435740.723085138131864, 9150978.593785451725125 ], [ 435776.246823911962565, 9150866.268766881898046 ], [ 435810.001855501555838, 9150753.399622933939099 ], [ 435841.979851357988082, 9150640.014202378690243 ], [ 435872.172921389224939, 9150526.140481375157833 ], [ 435900.573615907051135, 9150411.80655655823648 ], [ 435927.174927465093788, 9150297.04063811339438 ], [ 435951.970292587764561, 9150181.871042812243104 ], [ 435974.953593389654998, 9150066.326187031343579 ], [ 435996.119159085326828, 9149950.43457973562181 ], [ 436015.461767388042063, 9149834.224815441295505 ], [ 436032.976645798655227, 9149717.725567171350121 ], [ 436048.659472783096135, 9149600.965579371899366 ], [ 436062.506378838326782, 9149483.973660822957754 ], [ 436074.51394744758727, 9149366.778677528724074 ], [ 436084.679215922951698, 9149249.409545598551631 ], [ 436092.999676136532798, 9149131.89522410929203 ], [ 436099.47327513928758, 9149014.264707962051034 ], [ 436104.098415667482186, 9148896.547020725905895 ], [ 436106.873956536932383, 9148778.771207477897406 ], [ 436107.799212924495805, 9148660.966327639296651 ] ] ] ] } }
]
}
