{
"type": "FeatureCollection",
"name": "TITIK BIRO ORGANISASI PEMERINTAH DAN SEKOLAH",
"crs": { "type": "name", "properties": { "name": "urn:ogc:def:crs:EPSG::9489" } },
"features": [
{ "type": "Feature", "properties": { "namobj": "Biro Tata Pemerintahan Setda DIY", "fcode": "GD01050040", "remark": null, "metadata": "BIRO ORGANISASI 2023", "srs_id": "SRGI2013 UTM49S", "fgsfnp": 999, "no": 1.0, "nama_opd": "Biro Tata Pemerintahan Setda DIY", "alamat": "Komplek Kepatihan, Jl. Malioboro, Suryatmajan, Kec. Danurejan, Kota Yogyakarta, Daerah Istimewa Yogyakarta 55213", "kategori": "Kantor OPD", "y": -7.794991, "x": 110.367826 }, "geometry": { "type": "Point", "coordinates": [ 430299.490500000305474, 9138313.926999999210238 ] } },
{ "type": "Feature", "properties": { "namobj": "Biro Hukum Setda DIY", "fcode": "GD01050040", "remark": null, "metadata": "BIRO ORGANISASI 2023", "srs_id": "SRGI2013 UTM49S", "fgsfnp": 999, "no": 2.0, "nama_opd": "Biro Hukum Setda DIY", "alamat": "Komplek Kepatihan, Jl. Malioboro, Suryatmajan, Kec. Danurejan, Kota Yogyakarta, Daerah Istimewa Yogyakarta 55213", "kategori": "Kantor OPD", "y": -7.79497, "x": 110.367203 }, "geometry": { "type": "Point", "coordinates": [ 430230.75690000038594, 9138316.159099999815226 ] } },
{ "type": "Feature", "properties": { "namobj": "Biro Organisasi Setda DIY", "fcode": "GD01050040", "remark": null, "metadata": "BIRO ORGANISASI 2023", "srs_id": "SRGI2013 UTM49S", "fgsfnp": 999, "no": 3.0, "nama_opd": "Biro Organisasi Setda DIY", "alamat": "Komplek Kepatihan, Jl. Malioboro, Suryatmajan, Kec. Danurejan, Kota Yogyakarta, Daerah Istimewa Yogyakarta 55213", "kategori": "Kantor OPD", "y": -7.794932, "x": 110.36721 }, "geometry": { "type": "Point", "coordinates": [ 430231.518699999898672, 9138320.389699999243021 ] } },
{ "type": "Feature", "properties": { "namobj": "Biro Umum Hubungan Masyarakat dan Protokol Setda DIY", "fcode": "GD01050040", "remark": null, "metadata": "BIRO ORGANISASI 2023", "srs_id": "SRGI2013 UTM49S", "fgsfnp": 999, "no": 4.0, "nama_opd": "Biro Umum Hubungan Masyarakat dan Protokol Setda DIY", "alamat": "Komplek Kepatihan, Jl. Malioboro, Suryatmajan, Kec. Danurejan, Kota Yogyakarta, Daerah Istimewa Yogyakarta 55213", "kategori": "Kantor OPD", "y": -7.795228, "x": 110.36639 }, "geometry": { "type": "Point", "coordinates": [ 430141.095300000160933, 9138287.4945 ] } },
{ "type": "Feature", "properties": { "namobj": "Biro Administrasi Perekonomian dan Sumber Daya Alam Setda DIY", "fcode": "GD01050040", "remark": null, "metadata": "BIRO ORGANISASI 2023", "srs_id": "SRGI2013 UTM49S", "fgsfnp": 999, "no": 5.0, "nama_opd": "Biro Administrasi Perekonomian dan Sumber Daya Alam Setda DIY", "alamat": "Komplek Kepatihan, Jl. Malioboro, Suryatmajan, Kec. Danurejan, Kota Yogyakarta, Daerah Istimewa Yogyakarta 55213", "kategori": "Kantor OPD", "y": -7.79485, "x": 110.367594 }, "geometry": { "type": "Point", "coordinates": [ 430273.840699999593198, 9138329.4912 ] } },
{ "type": "Feature", "properties": { "namobj": "Biro Pengembangan Infrastruktur Wilayah dan Pembiayaan Pembangunan Setda DIY", "fcode": "GD01050040", "remark": null, "metadata": "BIRO ORGANISASI 2023", "srs_id": "SRGI2013 UTM49S", "fgsfnp": 999, "no": 6.0, "nama_opd": "Biro Pengembangan Infrastruktur Wilayah dan Pembiayaan Pembangunan Setda DIY", "alamat": "Komplek Kepatihan, Jl. Malioboro, Suryatmajan, Kec. Danurejan, Kota Yogyakarta, Daerah Istimewa Yogyakarta 55213", "kategori": "Kantor OPD", "y": -7.79526, "x": 110.367816 }, "geometry": { "type": "Point", "coordinates": [ 430298.397199999541044, 9138284.173800000920892 ] } },
{ "type": "Feature", "properties": { "namobj": "Biro Bina Mental Spiritual Setda DIY", "fcode": "GD01050040", "remark": null, "metadata": "BIRO ORGANISASI 2023", "srs_id": "SRGI2013 UTM49S", "fgsfnp": 999, "no": 7.0, "nama_opd": "Biro Bina Mental Spiritual Setda DIY", "alamat": "Komplek Kepatihan, Jl. Malioboro, Suryatmajan, Kec. Danurejan, Kota Yogyakarta, Daerah Istimewa Yogyakarta 55213", "kategori": "Kantor OPD", "y": -7.795061, "x": 110.366473 }, "geometry": { "type": "Point", "coordinates": [ 430150.297799999825656, 9138306.012800000607967 ] } },
{ "type": "Feature", "properties": { "namobj": "Biro Bina Pemberdayaan Masyarakat Setda DIY", "fcode": "GD01050040", "remark": null, "metadata": "BIRO ORGANISASI 2023", "srs_id": "SRGI2013 UTM49S", "fgsfnp": 999, "no": 8.0, "nama_opd": "Biro Bina Pemberdayaan Masyarakat Setda DIY", "alamat": "Komplek Kepatihan, Jl. Malioboro, Suryatmajan, Kec. Danurejan, Kota Yogyakarta, Daerah Istimewa Yogyakarta 55213", "kategori": "Kantor OPD", "y": -7.794649, "x": 110.36655 }, "geometry": { "type": "Point", "coordinates": [ 430158.666600000113249, 9138351.528999999165535 ] } },
{ "type": "Feature", "properties": { "namobj": "Paniradya Kaistimewaan DIY", "fcode": "GD01050040", "remark": null, "metadata": "BIRO ORGANISASI 2023", "srs_id": "SRGI2013 UTM49S", "fgsfnp": 999, "no": 9.0, "nama_opd": "Paniradya Kaistimewaan DIY", "alamat": "Komplek Kepatihan, Jl. Malioboro, Suryatmajan, Kec. Danurejan, Kota Yogyakarta, Daerah Istimewa Yogyakarta 55213", "kategori": "Kantor OPD", "y": -7.796016, "x": 110.365909 }, "geometry": { "type": "Point", "coordinates": [ 430088.247600000351667, 9138200.354699999094009 ] } },
{ "type": "Feature", "properties": { "namobj": "Sekretariat DPRD DIY", "fcode": "GD01050040", "remark": null, "metadata": "BIRO ORGANISASI 2023", "srs_id": "SRGI2013 UTM49S", "fgsfnp": 999, "no": 10.0, "nama_opd": "Sekretariat DPRD DIY", "alamat": "Jl. Malioboro No.54, Suryatmajan, Gedong Tengen, Kota Yogyakarta, Daerah Istimewa Yogyakarta 55271", "kategori": "Kantor OPD", "y": -7.792155, "x": 110.366501 }, "geometry": { "type": "Point", "coordinates": [ 430152.827899999916553, 9138627.322499999776483 ] } },
{ "type": "Feature", "properties": { "namobj": "Inspektorat DIY", "fcode": "GD01050040", "remark": null, "metadata": "BIRO ORGANISASI 2023", "srs_id": "SRGI2013 UTM49S", "fgsfnp": 999, "no": 11.0, "nama_opd": "Inspektorat DIY", "alamat": "Kelompok Youth Centre, Jl Kebon Agung, Tlogoadi, Mlati, Kabupaten Sleman, Yogyakarta", "kategori": "Kantor OPD", "y": -7.734009, "x": 110.347214 }, "geometry": { "type": "Point", "coordinates": [ 428016.398299999535084, 9145052.54109999909997 ] } },
{ "type": "Feature", "properties": { "namobj": "Dinas Pariwisata DIY", "fcode": "GD01050040", "remark": null, "metadata": "BIRO ORGANISASI 2023", "srs_id": "SRGI2013 UTM49S", "fgsfnp": 999, "no": 12.0, "nama_opd": "Dinas Pariwisata DIY", "alamat": "Jl. Raya Janti No.4, Wonocatur, Banguntapan, Kec. Banguntapan, Kabupaten Bantul, Daerah Istimewa Yogyakarta", "kategori": "Kantor OPD", "y": -7.799638, "x": 110.402457 }, "geometry": { "type": "Point", "coordinates": [ 434118.562400000169873, 9137805.76380000077188 ] } },
{ "type": "Feature", "properties": { "namobj": "Dinas Koperasi dan Usaha Kecil Menengah DIY", "fcode": "GD01050040", "remark": null, "metadata": "BIRO ORGANISASI 2023", "srs_id": "SRGI2013 UTM49S", "fgsfnp": 999, "no": 13.0, "nama_opd": "Dinas Koperasi dan Usaha Kecil Menengah DIY", "alamat": "Jl. HOS Cokroaminoto No.162, Tegalrejo, Kec. Tegalrejo, Kota Yogyakarta, Daerah Istimewa Yogyakarta 55244", "kategori": "Kantor OPD", "y": -7.78361, "x": 110.353134 }, "geometry": { "type": "Point", "coordinates": [ 428677.529099999926984, 9139569.777699999511242 ] } },
{ "type": "Feature", "properties": { "namobj": "Dinas Perindustrian dan Perdagangan DIY", "fcode": "GD01050040", "remark": null, "metadata": "BIRO ORGANISASI 2023", "srs_id": "SRGI2013 UTM49S", "fgsfnp": 999, "no": 14.0, "nama_opd": "Dinas Perindustrian dan Perdagangan DIY", "alamat": "Jl. Kusumanegara No.9, Semaki, Kec. Umbulharjo, Kota Yogyakarta, Daerah Istimewa Yogyakarta 55166", "kategori": "Kantor OPD", "y": -7.8015, "x": 110.38259 }, "geometry": { "type": "Point", "coordinates": [ 431928.364599999971688, 9137596.7303 ] } },
{ "type": "Feature", "properties": { "namobj": "Dinas Pertanian dan Ketahanan Pangan DIY", "fcode": "GD01050040", "remark": null, "metadata": "BIRO ORGANISASI 2023", "srs_id": "SRGI2013 UTM49S", "fgsfnp": 999, "no": 15.0, "nama_opd": "Dinas Pertanian dan Ketahanan Pangan DIY", "alamat": "Jl. Gondosuli No.6, Semaki, Kec. Umbulharjo, Kota Yogyakarta, Daerah Istimewa Yogyakarta 55165", "kategori": "Kantor OPD", "y": -7.79588, "x": 110.385665 }, "geometry": { "type": "Point", "coordinates": [ 432266.526600000448525, 9138218.549200000241399 ] } },
{ "type": "Feature", "properties": { "namobj": "Dinas Lingkungan Hidup dan Kehutanan DIY", "fcode": "GD01050040", "remark": null, "metadata": "BIRO ORGANISASI 2023", "srs_id": "SRGI2013 UTM49S", "fgsfnp": 999, "no": 16.0, "nama_opd": "Dinas Lingkungan Hidup dan Kehutanan DIY", "alamat": "Jalan Argulobang Nomor 19, Baciro, Kec. Gondokusuman Kota Yogyakarta Daerah Istimewa Yogyakarta", "kategori": "Kantor OPD", "y": -7.790505, "x": 110.382686 }, "geometry": { "type": "Point", "coordinates": [ 431937.202200000174344, 9138812.276599999517202 ] } },
{ "type": "Feature", "properties": { "namobj": "Dinas Kelautan dan Perikanan DIY", "fcode": "GD01050040", "remark": null, "metadata": "BIRO ORGANISASI 2023", "srs_id": "SRGI2013 UTM49S", "fgsfnp": 999, "no": 17.0, "nama_opd": "Dinas Kelautan dan Perikanan DIY", "alamat": "Jalan Sagan, No. III / 4 55223 Kota Yogyakarta Daerah Istimewa Yogyakarta", "kategori": "Kantor OPD", "y": -7.780906, "x": 110.37812 }, "geometry": { "type": "Point", "coordinates": [ 431432.165000000037253, 9139872.824200000613928 ] } },
{ "type": "Feature", "properties": { "namobj": "Dinas Tenaga Kerja dan Transmigrasi DIY", "fcode": "GD01050040", "remark": null, "metadata": "BIRO ORGANISASI 2023", "srs_id": "SRGI2013 UTM49S", "fgsfnp": 999, "no": 18.0, "nama_opd": "Dinas Tenaga Kerja dan Transmigrasi DIY", "alamat": "6CJJ+RP8, Jl. Ring Road Utara Meguwo, Maguwoharjo, Kec. Depok, Kabupaten Sleman, Daerah Istimewa Yogyakarta 55282", "kategori": "Kantor OPD", "y": -7.767851, "x": 110.43184 }, "geometry": { "type": "Point", "coordinates": [ 437353.565499999560416, 9141324.48960000090301 ] } },
{ "type": "Feature", "properties": { "namobj": "SMAN 1 Yogyakarta", "fcode": "GD01050040", "remark": null, "metadata": "BIRO ORGANISASI 2023", "srs_id": "SRGI2013 UTM49S", "fgsfnp": 999, "no": 91.0, "nama_opd": "SMAN 1 Yogyakarta", "alamat": "Jl. HOS Cokroaminoto No.10, Pakuncen, Wirobrajan, Kota Yogyakarta, Daerah Istimewa Yogyakarta 55253", "kategori": "Kantor UPT Sekolah", "y": -7.799729, "x": 110.352597 }, "geometry": { "type": "Point", "coordinates": [ 428621.111399999819696, 9137787.55599999986589 ] } },
{ "type": "Feature", "properties": { "namobj": "Dinas Pekerjaan Umum, Perumahan, dan Energi Sumber Daya Mineral DIY", "fcode": "GD01050040", "remark": null, "metadata": "BIRO ORGANISASI 2023", "srs_id": "SRGI2013 UTM49S", "fgsfnp": 999, "no": 19.0, "nama_opd": "Dinas Pekerjaan Umum, Perumahan, dan Energi Sumber Daya Mineral DIY", "alamat": "Jl. Bumijo No.5, Bumijo, Kec. Jetis, Kota Yogyakarta, Daerah Istimewa Yogyakarta 55231", "kategori": "Kantor OPD", "y": -7.786387, "x": 110.362566 }, "geometry": { "type": "Point", "coordinates": [ 429718.090099999681115, 9139264.341399999335408 ] } },
{ "type": "Feature", "properties": { "namobj": "Dinas Perhubungan DIY", "fcode": "GD01050040", "remark": null, "metadata": "BIRO ORGANISASI 2023", "srs_id": "SRGI2013 UTM49S", "fgsfnp": 999, "no": 20.0, "nama_opd": "Dinas Perhubungan DIY", "alamat": "Jl. Babarsari No.30, Janti, Caturtunggal, Kec. Depok, Kabupaten Sleman, Daerah Istimewa Yogyakarta 55281", "kategori": "Kantor OPD", "y": -7.777973, "x": 110.415492 }, "geometry": { "type": "Point", "coordinates": [ 435552.467699999921024, 9140202.973099999129772 ] } },
{ "type": "Feature", "properties": { "namobj": "Dinas Pertanahan dan Tata Ruang (Kundha Niti Mandhala Sarta Tata Sasana) DIY", "fcode": "GD01050040", "remark": null, "metadata": "BIRO ORGANISASI 2023", "srs_id": "SRGI2013 UTM49S", "fgsfnp": 999, "no": 21.0, "nama_opd": "Dinas Pertanahan dan Tata Ruang (Kundha Niti Mandhala Sarta Tata Sasana) DIY", "alamat": "Jl. Tentara Rakyat Mataram No.4, Bumijo, Kec. Jetis, Kota Yogyakarta, Daerah Istimewa Yogyakarta 55231", "kategori": "Kantor OPD", "y": -7.787871, "x": 110.358025 }, "geometry": { "type": "Point", "coordinates": [ 429217.561499999836087, 9139099.452500000596046 ] } },
{ "type": "Feature", "properties": { "namobj": "Dinas Komunikasi dan Informatika DIY", "fcode": "GD01050040", "remark": null, "metadata": "BIRO ORGANISASI 2023", "srs_id": "SRGI2013 UTM49S", "fgsfnp": 999, "no": 22.0, "nama_opd": "Dinas Komunikasi dan Informatika DIY", "alamat": "Jl. Brigjen Katamso, Keparakan, Kec. Mergangsan, Kota Yogyakarta, Daerah Istimewa Yogyakarta 55152", "kategori": "Kantor OPD", "y": -7.809213, "x": 110.369279 }, "geometry": { "type": "Point", "coordinates": [ 430461.972799999639392, 9136741.879300000146031 ] } },
{ "type": "Feature", "properties": { "namobj": "Dinas Perizinan dan Penanaman Modal DIY", "fcode": "GD01050040", "remark": null, "metadata": "BIRO ORGANISASI 2023", "srs_id": "SRGI2013 UTM49S", "fgsfnp": 999, "no": 23.0, "nama_opd": "Dinas Perizinan dan Penanaman Modal DIY", "alamat": "Jogja Expo Center, Jl. Raya Janti No.8, Wonocatur, Banguntapan, Kec. Banguntapan, Kabupaten Bantul, Daerah Istimewa Yogyakarta 55198", "kategori": "Kantor OPD", "y": -7.800247, "x": 110.402504 }, "geometry": { "type": "Point", "coordinates": [ 434123.850499999709427, 9137738.466299999505281 ] } },
{ "type": "Feature", "properties": { "namobj": "Dinas Kesehatan DIY", "fcode": "GD01050040", "remark": null, "metadata": "BIRO ORGANISASI 2023", "srs_id": "SRGI2013 UTM49S", "fgsfnp": 999, "no": 24.0, "nama_opd": "Dinas Kesehatan DIY", "alamat": "Jl. Gondosuli No.6, Semaki, Kec. Umbulharjo, Kota Yogyakarta, Daerah Istimewa Yogyakarta 55165", "kategori": "Kantor OPD", "y": -7.795823, "x": 110.385675 }, "geometry": { "type": "Point", "coordinates": [ 432267.593000000342727, 9138224.879499999806285 ] } },
{ "type": "Feature", "properties": { "namobj": "Dinas Pendidikan, Pemuda, dan Olahraga DIY", "fcode": "GD01050040", "remark": null, "metadata": "BIRO ORGANISASI 2023", "srs_id": "SRGI2013 UTM49S", "fgsfnp": 999, "no": 25.0, "nama_opd": "Dinas Pendidikan, Pemuda, dan Olahraga DIY", "alamat": "Jl. Cendana No.9, Semaki, Kec. Umbulharjo, Kota Yogyakarta, Daerah Istimewa Yogyakarta 55166", "kategori": "Kantor OPD", "y": -7.799446, "x": 110.384373 }, "geometry": { "type": "Point", "coordinates": [ 432124.633200000040233, 9137824.0943 ] } },
{ "type": "Feature", "properties": { "namobj": "Dinas Perpustakaan dan Arsip Daerah DIY", "fcode": "GD01050040", "remark": null, "metadata": "BIRO ORGANISASI 2023", "srs_id": "SRGI2013 UTM49S", "fgsfnp": 999, "no": 26.0, "nama_opd": "Dinas Perpustakaan dan Arsip Daerah DIY", "alamat": "Bumijo, Kec. Jetis, Kota Yogyakarta, Daerah Istimewa Yogyakarta 55231", "kategori": "Kantor OPD", "y": -7.788243, "x": 110.358482 }, "geometry": { "type": "Point", "coordinates": [ 429268.061900000087917, 9139058.468599999323487 ] } },
{ "type": "Feature", "properties": { "namobj": "Dinas Sosial DIY", "fcode": "GD01050040", "remark": null, "metadata": "BIRO ORGANISASI 2023", "srs_id": "SRGI2013 UTM49S", "fgsfnp": 999, "no": 27.0, "nama_opd": "Dinas Sosial DIY", "alamat": "Jalan Janti, Kecamatan Banguntapan, Modalan, Banguntapan, Bantul, Kabupaten Bantul, Daerah Istimewa Yogyakarta 55198", "kategori": "Kantor OPD", "y": -7.7981, "x": 110.402057 }, "geometry": { "type": "Point", "coordinates": [ 434074.173899999819696, 9137975.690899999812245 ] } },
{ "type": "Feature", "properties": { "namobj": "Dinas Kebudayaan (Kundha Kabudayan) DIY", "fcode": "GD01050040", "remark": null, "metadata": "BIRO ORGANISASI 2023", "srs_id": "SRGI2013 UTM49S", "fgsfnp": 999, "no": 28.0, "nama_opd": "Dinas Kebudayaan (Kundha Kabudayan) DIY", "alamat": "Jl. Cendana No.11, Semaki, Kec. Umbulharjo, Kota Yogyakarta, Daerah Istimewa Yogyakarta 55166", "kategori": "Kantor OPD", "y": -7.798488, "x": 110.384184 }, "geometry": { "type": "Point", "coordinates": [ 432103.671000000089407, 9137930.016699999570847 ] } },
{ "type": "Feature", "properties": { "namobj": "Dinas Pemberdayaan Perempuan, Perlindungan Anak, dan Pengendalian Penduduk DIY", "fcode": "GD01050040", "remark": null, "metadata": "BIRO ORGANISASI 2023", "srs_id": "SRGI2013 UTM49S", "fgsfnp": 999, "no": 29.0, "nama_opd": "Dinas Pemberdayaan Perempuan, Perlindungan Anak, dan Pengendalian Penduduk DIY", "alamat": "Jl. Tentara Rakyat Mataram No.31, Bumijo, Kec. Jetis, Kota Yogyakarta, Daerah Istimewa Yogyakarta 55231", "kategori": "Kantor OPD", "y": -7.785093, "x": 110.357355 }, "geometry": { "type": "Point", "coordinates": [ 429143.239699999801815, 9139406.542099999263883 ] } },
{ "type": "Feature", "properties": { "namobj": "Satuan Polisi Pamong Praja DIY", "fcode": "GD01050040", "remark": null, "metadata": "BIRO ORGANISASI 2023", "srs_id": "SRGI2013 UTM49S", "fgsfnp": 999, "no": 30.0, "nama_opd": "Satuan Polisi Pamong Praja DIY", "alamat": "Jl. Raya Janti No.15, Wonocatur, Banguntapan, Kec. Banguntapan, Kabupaten Bantul, Daerah Istimewa Yogyakarta 55198", "kategori": "Kantor OPD", "y": -7.799305, "x": 110.402545 }, "geometry": { "type": "Point", "coordinates": [ 434128.170400000177324, 9137842.589199999347329 ] } },
{ "type": "Feature", "properties": { "namobj": "Badan Perencanaan Pembangunan Daerah DIY", "fcode": "GD01050040", "remark": null, "metadata": "BIRO ORGANISASI 2023", "srs_id": "SRGI2013 UTM49S", "fgsfnp": 999, "no": 31.0, "nama_opd": "Badan Perencanaan Pembangunan Daerah DIY", "alamat": "Komplek Kepatihan, Jl. Malioboro, Suryatmajan, Kec. Danurejan, Kota Yogyakarta, Daerah Istimewa Yogyakarta 55213", "kategori": "Kantor OPD", "y": -7.795785, "x": 110.366128 }, "geometry": { "type": "Point", "coordinates": [ 430112.340099999681115, 9138225.903000000864267 ] } },
{ "type": "Feature", "properties": { "namobj": "Badan Pengelola Keuangan dan Aset DIY", "fcode": "GD01050040", "remark": null, "metadata": "BIRO ORGANISASI 2023", "srs_id": "SRGI2013 UTM49S", "fgsfnp": 999, "no": 32.0, "nama_opd": "Badan Pengelola Keuangan dan Aset DIY", "alamat": "Komplek Kepatihan, Jl. Malioboro, Suryatmajan, Kec. Danurejan, Kota Yogyakarta, Daerah Istimewa Yogyakarta 55213", "kategori": "Kantor OPD", "y": -7.794659, "x": 110.367844 }, "geometry": { "type": "Point", "coordinates": [ 430301.35219999961555, 9138350.607200000435114 ] } },
{ "type": "Feature", "properties": { "namobj": "Badan Kepegawaian Daerah DIY", "fcode": "GD01050040", "remark": null, "metadata": "BIRO ORGANISASI 2023", "srs_id": "SRGI2013 UTM49S", "fgsfnp": 999, "no": 33.0, "nama_opd": "Badan Kepegawaian Daerah DIY", "alamat": "Jl. Kyai Mojo No.56, Bener, Kec. Tegalrejo, Kota Yogyakarta, Daerah Istimewa Yogyakarta 55244", "kategori": "Kantor OPD", "y": -7.782003, "x": 110.35635 }, "geometry": { "type": "Point", "coordinates": [ 429031.947599999606609, 9139747.99100000038743 ] } },
{ "type": "Feature", "properties": { "namobj": "Badan Pendidikan dan Pelatihan DIY", "fcode": "GD01050040", "remark": null, "metadata": "BIRO ORGANISASI 2023", "srs_id": "SRGI2013 UTM49S", "fgsfnp": 999, "no": 34.0, "nama_opd": "Badan Pendidikan dan Pelatihan DIY", "alamat": "Gunungsempu, Kasih, Tamantirto, Kec. Kasihan, Kabupaten Bantul, Daerah Istimewa Yogyakarta 55183", "kategori": "Kantor OPD", "y": -7.833924, "x": 110.329857 }, "geometry": { "type": "Point", "coordinates": [ 426119.806599999777973, 9134003.143400000408292 ] } },
{ "type": "Feature", "properties": { "namobj": "Badan Kesatuan Bangsa dan Politik DIY", "fcode": "GD01050040", "remark": null, "metadata": "BIRO ORGANISASI 2023", "srs_id": "SRGI2013 UTM49S", "fgsfnp": 999, "no": 35.0, "nama_opd": "Badan Kesatuan Bangsa dan Politik DIY", "alamat": "Jalan Tentara Rakyat Mataram Nomor 45 Bumijo, Kecamatan Jetis (Selatan Kantor DPD PDIP DIY), Kota Yogyakarta, Daerah Istimewa Yogyakarta, Telp 0274", "kategori": "Kantor OPD", "y": -7.784629, "x": 110.35749 }, "geometry": { "type": "Point", "coordinates": [ 429158.007500000298023, 9139457.820599999278784 ] } },
{ "type": "Feature", "properties": { "namobj": "Badan Penanggulangan Bencana Daerah DIY", "fcode": "GD01050040", "remark": null, "metadata": "BIRO ORGANISASI 2023", "srs_id": "SRGI2013 UTM49S", "fgsfnp": 999, "no": 36.0, "nama_opd": "Badan Penanggulangan Bencana Daerah DIY", "alamat": "Jl. Kenari No.14A, Semaki, Kec. Umbulharjo, Kota Yogyakarta, Daerah Istimewa Yogyakarta 55166", "kategori": "Kantor OPD", "y": -7.800984, "x": 110.391803 }, "geometry": { "type": "Point", "coordinates": [ 432944.146399999968708, 9137655.217599999159575 ] } },
{ "type": "Feature", "properties": { "namobj": "Badan Penghubung Daerah DIY", "fcode": "GD01050040", "remark": null, "metadata": "BIRO ORGANISASI 2023", "srs_id": "SRGI2013 UTM49S", "fgsfnp": 999, "no": 37.0, "nama_opd": "Badan Penghubung Daerah DIY", "alamat": "Jl. Diponegoro 52, Menteng, Jakarta Pusat 10310", "kategori": "Kantor OPD", "y": -6.201381, "x": 106.841977 }, "geometry": { "type": "Point", "coordinates": [ 39608.356100000441074, 9312727.204500000923872 ] } },
{ "type": "Feature", "properties": { "namobj": "Balai Penelitian, Pengembangan, dan Statistik Daerah", "fcode": "GD01050040", "remark": null, "metadata": "BIRO ORGANISASI 2023", "srs_id": "SRGI2013 UTM49S", "fgsfnp": 999, "no": 38.0, "nama_opd": "Balai Penelitian, Pengembangan, dan Statistik Daerah", "alamat": "Komplek Kepatihan, Jl. Malioboro, Suryatmajan, Kec. Danurejan, Kota Yogyakarta, Daerah Istimewa Yogyakarta 55213", "kategori": "Kantor UPT Non Sekolah", "y": -7.795785, "x": 110.366128 }, "geometry": { "type": "Point", "coordinates": [ 430112.340099999681115, 9138225.903000000864267 ] } },
{ "type": "Feature", "properties": { "namobj": "Museum Negeri Sonobudoyo", "fcode": "GD01050040", "remark": null, "metadata": "BIRO ORGANISASI 2023", "srs_id": "SRGI2013 UTM49S", "fgsfnp": 999, "no": 39.0, "nama_opd": "Museum Negeri Sonobudoyo", "alamat": "Jl. Pangurakan No.6, Ngupasan, Kec. Gondomanan, Kota Yogyakarta, Daerah Istimewa Yogyakarta 55122", "kategori": "Kantor UPT Non Sekolah", "y": -7.802293, "x": 110.364474 }, "geometry": { "type": "Point", "coordinates": [ 429931.099399999715388, 9137506.107899999246001 ] } },
{ "type": "Feature", "properties": { "namobj": "Taman Budaya", "fcode": "GD01050040", "remark": null, "metadata": "BIRO ORGANISASI 2023", "srs_id": "SRGI2013 UTM49S", "fgsfnp": 999, "no": 40.0, "nama_opd": "Taman Budaya", "alamat": "Jl. Sriwedani No.1, Ngupasan, Kec. Gondomanan, Kota Yogyakarta, Daerah Istimewa Yogyakarta 55122", "kategori": "Kantor UPT Non Sekolah", "y": -7.799975, "x": 110.367668 }, "geometry": { "type": "Point", "coordinates": [ 430282.79839999973774, 9137762.861300000920892 ] } },
{ "type": "Feature", "properties": { "namobj": "Balai Latihan Pendidikan Teknik", "fcode": "GD01050040", "remark": null, "metadata": "BIRO ORGANISASI 2023", "srs_id": "SRGI2013 UTM49S", "fgsfnp": 999, "no": 41.0, "nama_opd": "Balai Latihan Pendidikan Teknik", "alamat": "Jl. Kyai Mojo No.70, Bener, Kec. Tegalrejo, Kota Yogyakarta, Daerah Istimewa Yogyakarta 55243", "kategori": "Kantor UPT Non Sekolah", "y": -7.781312, "x": 110.354313 }, "geometry": { "type": "Point", "coordinates": [ 428807.238400000147521, 9139824.045499999076128 ] } },
{ "type": "Feature", "properties": { "namobj": "Balai Teknologi Komunikasi Pendidikan", "fcode": "GD01050040", "remark": null, "metadata": "BIRO ORGANISASI 2023", "srs_id": "SRGI2013 UTM49S", "fgsfnp": 999, "no": 42.0, "nama_opd": "Balai Teknologi Komunikasi Pendidikan", "alamat": "Jl. Kenari No.2, Semaki, Kec. Umbulharjo, Kota Yogyakarta, Daerah Istimewa Yogyakarta 55166", "kategori": "Kantor UPT Non Sekolah", "y": -7.797666, "x": 110.381972 }, "geometry": { "type": "Point", "coordinates": [ 431859.618800000287592, 9138020.561499999836087 ] } },
{ "type": "Feature", "properties": { "namobj": "Balai Pemuda dan Olahraga", "fcode": "GD01050040", "remark": null, "metadata": "BIRO ORGANISASI 2023", "srs_id": "SRGI2013 UTM49S", "fgsfnp": 999, "no": 43.0, "nama_opd": "Balai Pemuda dan Olahraga", "alamat": "Ndalem Ngadiwinatan Suryoputran KT II/23, Jalan Alun Alun Selatan, Panembahan, Kraton, Panembahan, Kecamatan Kraton, Kota Yogyakarta, Daerah Istimewa Yogyakarta 55133", "kategori": "Kantor UPT Non Sekolah", "y": -7.811004, "x": 110.36395 }, "geometry": { "type": "Point", "coordinates": [ 429874.78830000013113, 9136542.909600000828505 ] } },
{ "type": "Feature", "properties": { "namobj": "Balai Pendidikan Menengah Kota Yogyakarta", "fcode": "GD01050040", "remark": null, "metadata": "BIRO ORGANISASI 2023", "srs_id": "SRGI2013 UTM49S", "fgsfnp": 999, "no": 44.0, "nama_opd": "Balai Pendidikan Menengah Kota Yogyakarta", "alamat": "Jl. Tompeyan TR III No.201, Tegalrejo, Kec. Tegalrejo, Kota Yogyakarta, Daerah Istimewa Yogyakarta 55244", "kategori": "Kantor UPT Non Sekolah", "y": -7.783066, "x": 110.35525 }, "geometry": { "type": "Point", "coordinates": [ 428910.774799999780953, 9139630.291300000622869 ] } },
{ "type": "Feature", "properties": { "namobj": "Balai Pendidikan Menengah Kabupaten Sleman", "fcode": "GD01050040", "remark": null, "metadata": "BIRO ORGANISASI 2023", "srs_id": "SRGI2013 UTM49S", "fgsfnp": 999, "no": 45.0, "nama_opd": "Balai Pendidikan Menengah Kabupaten Sleman", "alamat": "788W+9QG, Area Sawah, Tlogoadi, Kec. Mlati, Kabupaten Sleman, Daerah Istimewa Yogyakarta 55286", "kategori": "Kantor UPT Non Sekolah", "y": -7.734043, "x": 110.346959 }, "geometry": { "type": "Point", "coordinates": [ 427988.239299999549985, 9145048.6864 ] } },
{ "type": "Feature", "properties": { "namobj": "Balai Pendidikan Menengah Kabupaten Bantul", "fcode": "GD01050040", "remark": null, "metadata": "BIRO ORGANISASI 2023", "srs_id": "SRGI2013 UTM49S", "fgsfnp": 999, "no": 46.0, "nama_opd": "Balai Pendidikan Menengah Kabupaten Bantul", "alamat": "Jl. Ra. Kartini No.38, Nogosari, Trirenggo, Kec. Bantul, Kabupaten Bantul, Daerah Istimewa Yogyakarta 55714", "kategori": "Kantor UPT Non Sekolah", "y": -7.896152, "x": 110.338314 }, "geometry": { "type": "Point", "coordinates": [ 427063.107900000177324, 9127124.788699999451637 ] } },
{ "type": "Feature", "properties": { "namobj": "Balai Pendidikan Menengah Kabupaten Gunung Kidul", "fcode": "GD01050040", "remark": null, "metadata": "BIRO ORGANISASI 2023", "srs_id": "SRGI2013 UTM49S", "fgsfnp": 999, "no": 47.0, "nama_opd": "Balai Pendidikan Menengah Kabupaten Gunung Kidul", "alamat": "Jl. Jogja - Wonosari No.Km 3,5, Siyono Kidul, Logandeng, Kec. Playen, Kabupaten Gunung Kidul, Daerah Istimewa Yogyakarta 55861", "kategori": "Kantor UPT Non Sekolah", "y": -7.945811, "x": 110.581696 }, "geometry": { "type": "Point", "coordinates": [ 453897.017900000326335, 9121669.590600000694394 ] } },
{ "type": "Feature", "properties": { "namobj": "Balai Pendidikan Menengah Kabupaten Kulon Progo", "fcode": "GD01050040", "remark": null, "metadata": "BIRO ORGANISASI 2023", "srs_id": "SRGI2013 UTM49S", "fgsfnp": 999, "no": 48.0, "nama_opd": "Balai Pendidikan Menengah Kabupaten Kulon Progo", "alamat": "45V6+FM9, Jl. Bhayangkara, Terbah, Wates, Kec. Wates, Kabupaten Kulon Progo, Daerah Istimewa Yogyakarta 55651", "kategori": "Kantor UPT Non Sekolah", "y": -7.856328, "x": 110.161612 }, "geometry": { "type": "Point", "coordinates": [ 407575.27379999961704, 9131492.799900000914931 ] } },
{ "type": "Feature", "properties": { "namobj": "Balai Laboratorium Kesehatan dan Kalibrasi", "fcode": "GD01050040", "remark": null, "metadata": "BIRO ORGANISASI 2023", "srs_id": "SRGI2013 UTM49S", "fgsfnp": 999, "no": 49.0, "nama_opd": "Balai Laboratorium Kesehatan dan Kalibrasi", "alamat": "MJ III 62, Jl. Ngadinegaran, Mantrijeron, Kec. Mantrijeron, Kota Yogyakarta, Daerah Istimewa Yogyakarta 55143", "kategori": "Kantor UPT Non Sekolah", "y": -7.816014, "x": 110.364631 }, "geometry": { "type": "Point", "coordinates": [ 429950.628700000233948, 9135989.178999999538064 ] } },
{ "type": "Feature", "properties": { "namobj": "Balai Pelatihan Kesehatan", "fcode": "GD01050040", "remark": null, "metadata": "BIRO ORGANISASI 2023", "srs_id": "SRGI2013 UTM49S", "fgsfnp": 999, "no": 50.0, "nama_opd": "Balai Pelatihan Kesehatan", "alamat": "Jl Solo Km 12,5 Kalasan Yogya, Kringinan, Tirtomartani, Sleman, Kabupaten Sleman, Daerah Istimewa Yogyakarta 55571", "kategori": "Kantor UPT Non Sekolah", "y": -7.773325, "x": 110.463613 }, "geometry": { "type": "Point", "coordinates": [ 440857.775500000454485, 9140723.829600000753999 ] } },
{ "type": "Feature", "properties": { "namobj": "Balai Penyelenggara Jaminan Kesehatan Sosial", "fcode": "GD01050040", "remark": null, "metadata": "BIRO ORGANISASI 2023", "srs_id": "SRGI2013 UTM49S", "fgsfnp": 999, "no": 51.0, "nama_opd": "Balai Penyelenggara Jaminan Kesehatan Sosial", "alamat": "Jl. DR. Sardjito No.5, Cokrodiningratan, Kec. Jetis, Kota Yogyakarta, Daerah Istimewa Yogyakarta 55233", "kategori": "Kantor UPT Non Sekolah", "y": -7.778119, "x": 110.369017 }, "geometry": { "type": "Point", "coordinates": [ 430427.993599999696016, 9140179.447499999776483 ] } },
{ "type": "Feature", "properties": { "namobj": "Rumah Sakit Jiwa Grhasia", "fcode": "GD01050040", "remark": null, "metadata": "BIRO ORGANISASI 2023", "srs_id": "SRGI2013 UTM49S", "fgsfnp": 999, "no": 52.0, "nama_opd": "Rumah Sakit Jiwa Grhasia", "alamat": "Jl. Kaliurang No.17, Duwetsari, Pakembinangun, Kec. Pakem, Kabupaten Sleman, Daerah Istimewa Yogyakarta 55582", "kategori": "Kantor UPT Non Sekolah", "y": -7.661839, "x": 110.421473 }, "geometry": { "type": "Point", "coordinates": [ 436194.518899999558926, 9153043.173100000247359 ] } },
{ "type": "Feature", "properties": { "namobj": "Rumah Sakit Paru Respira", "fcode": "GD01050040", "remark": null, "metadata": "BIRO ORGANISASI 2023", "srs_id": "SRGI2013 UTM49S", "fgsfnp": 999, "no": 53.0, "nama_opd": "Rumah Sakit Paru Respira", "alamat": "Jl. Panembahan Senopati No.4, Dagaran, Palbapang, Kec. Bantul, Kabupaten Bantul, Daerah Istimewa Yogyakarta 55713", "kategori": "Kantor UPT Non Sekolah", "y": -7.905539, "x": 110.320566 }, "geometry": { "type": "Point", "coordinates": [ 425108.336799999698997, 9126083.809299999848008 ] } },
{ "type": "Feature", "properties": { "namobj": "Balai Rehabilitasi Terpadu Penyandang Disabilitas", "fcode": "GD01050040", "remark": null, "metadata": "BIRO ORGANISASI 2023", "srs_id": "SRGI2013 UTM49S", "fgsfnp": 999, "no": 54.0, "nama_opd": "Balai Rehabilitasi Terpadu Penyandang Disabilitas", "alamat": "28RV+JXX, Piring, Srihardono, Kec. Pundong, Kabupaten Bantul, Daerah Istimewa Yogyakarta 55771", "kategori": "Kantor UPT Non Sekolah", "y": -7.958368, "x": 110.344996 }, "geometry": { "type": "Point", "coordinates": [ 427810.525500000454485, 9120247.535499999299645 ] } },
{ "type": "Feature", "properties": { "namobj": "Balai Perlindungan dan Rehabilitasi Sosial Wanita", "fcode": "GD01050040", "remark": null, "metadata": "BIRO ORGANISASI 2023", "srs_id": "SRGI2013 UTM49S", "fgsfnp": 999, "no": 55.0, "nama_opd": "Balai Perlindungan dan Rehabilitasi Sosial Wanita", "alamat": "JL. Cokrobedog, Godean, Kramat, Sidoagung, Kec. Godean, Kabupaten Sleman, Daerah Istimewa Yogyakarta 55564", "kategori": "Kantor UPT Non Sekolah", "y": -7.780372, "x": 110.326018 }, "geometry": { "type": "Point", "coordinates": [ 425687.114500000141561, 9139923.099300000816584 ] } },
{ "type": "Feature", "properties": { "namobj": "Balai Rehabilitasi Sosial Bina Karya dan Laras", "fcode": "GD01050040", "remark": null, "metadata": "BIRO ORGANISASI 2023", "srs_id": "SRGI2013 UTM49S", "fgsfnp": 999, "no": 56.0, "nama_opd": "Balai Rehabilitasi Sosial Bina Karya dan Laras", "alamat": "Unit 1: Jl. Sidomulyo TR IV No.369, Bener, Kec. Tegalrejo, Kota Yogyakarta, Daerah Istimewa Yogyakarta 55243", "kategori": "Kantor UPT Non Sekolah", "y": -7.77712, "x": 110.356377 }, "geometry": { "type": "Point", "coordinates": [ 429034.035299999639392, 9140287.806700000539422 ] } },
{ "type": "Feature", "properties": { "namobj": "Balai Rehabilitasi Sosial Bina Karya dan Laras", "fcode": "GD01050040", "remark": null, "metadata": "BIRO ORGANISASI 2023", "srs_id": "SRGI2013 UTM49S", "fgsfnp": 999, "no": 57.0, "nama_opd": "Balai Rehabilitasi Sosial Bina Karya dan Laras", "alamat": "Unit 2: Karangmojo, Purwomartani, Kec. Kalasan, Kabupaten Sleman, Daerah Istimewa Yogyakarta 55571", "kategori": "Kantor UPT Non Sekolah", "y": -7.745007, "x": 110.4517 }, "geometry": { "type": "Point", "coordinates": [ 439540.122999999672174, 9143852.9167 ] } },
{ "type": "Feature", "properties": { "namobj": "Balai Perlindungan dan Rehabilitasi Sosial Remaja", "fcode": "GD01050040", "remark": null, "metadata": "BIRO ORGANISASI 2023", "srs_id": "SRGI2013 UTM49S", "fgsfnp": 999, "no": 58.0, "nama_opd": "Balai Perlindungan dan Rehabilitasi Sosial Remaja", "alamat": "Jl. Merapi, Beran, Tridadi, Jaran, Tridadi, Kec. Sleman, Kabupaten Sleman, Daerah Istimewa Yogyakarta 55511", "kategori": "Kantor UPT Non Sekolah", "y": -7.718869, "x": 110.357973 }, "geometry": { "type": "Point", "coordinates": [ 429200.296099999919534, 9146728.169099999591708 ] } },
{ "type": "Feature", "properties": { "namobj": "Balai rehabilitasi Sosial dan Pengasuhan Anak", "fcode": "GD01050040", "remark": null, "metadata": "BIRO ORGANISASI 2023", "srs_id": "SRGI2013 UTM49S", "fgsfnp": 999, "no": 59.0, "nama_opd": "Balai rehabilitasi Sosial dan Pengasuhan Anak", "alamat": "2HRV+8PW, Jl. KH Agus Salim, Tegalmulyo, Kepek, Kec. Wonosari, Kabupaten Gunung Kidul, Daerah Istimewa Yogyakarta 55813", "kategori": "Kantor UPT Non Sekolah", "y": -7.959111, "x": 110.594313 }, "geometry": { "type": "Point", "coordinates": [ 455288.999900000169873, 9120200.571000000461936 ] } },
{ "type": "Feature", "properties": { "namobj": "Balai Pelayanan Sosial Tresna Werdha", "fcode": "GD01050040", "remark": null, "metadata": "BIRO ORGANISASI 2023", "srs_id": "SRGI2013 UTM49S", "fgsfnp": 999, "no": 60.0, "nama_opd": "Balai Pelayanan Sosial Tresna Werdha", "alamat": "JL. Kaliurang, Km. 17, 5, Pakem, Yogyakarta, Area Sawah, Pakembinangun, Pakem, Sleman Regency, Special Region of Yogyakarta 55582", "kategori": "Kantor UPT Non Sekolah", "y": -7.661073, "x": 110.424393 }, "geometry": { "type": "Point", "coordinates": [ 436516.439100000075996, 9153128.204199999570847 ] } },
{ "type": "Feature", "properties": { "namobj": "Balai Pengelolaan Terminal dan Perparkiran", "fcode": "GD01050040", "remark": null, "metadata": "BIRO ORGANISASI 2023", "srs_id": "SRGI2013 UTM49S", "fgsfnp": 999, "no": 61.0, "nama_opd": "Balai Pengelolaan Terminal dan Perparkiran", "alamat": null, "kategori": "Kantor UPT Non Sekolah", "y": 0.0, "x": 0.0 }, "geometry": { "type": "Point", "coordinates": [ -1.79769313486231571e+308, -1.79769313486231571e+308 ] } },
{ "type": "Feature", "properties": { "namobj": "Balai Pengembangan Jasa Konstruksi", "fcode": "GD01050040", "remark": null, "metadata": "BIRO ORGANISASI 2023", "srs_id": "SRGI2013 UTM49S", "fgsfnp": 999, "no": 62.0, "nama_opd": "Balai Pengembangan Jasa Konstruksi", "alamat": "Jl. Ring Road Utara No.4, Nanggulan, Maguwoharjo, Kec. Depok, Kabupaten Sleman, Daerah Istimewa Yogyakarta 55282", "kategori": "Kantor UPT Non Sekolah", "y": -7.774486, "x": 110.43118 }, "geometry": { "type": "Point", "coordinates": [ 437281.739900000393391, 9140590.822599999606609 ] } },
{ "type": "Feature", "properties": { "namobj": "Balai Pengelolaan Infrastruktur Air Limbah dan Air Minum Perkotaan", "fcode": "GD01050040", "remark": null, "metadata": "BIRO ORGANISASI 2023", "srs_id": "SRGI2013 UTM49S", "fgsfnp": 999, "no": 63.0, "nama_opd": "Balai Pengelolaan Infrastruktur Air Limbah dan Air Minum Perkotaan", "alamat": "Jl. Bantul KM 8, Sewon, Bantul", "kategori": "Kantor UPT Non Sekolah", "y": -7.862322, "x": 110.335286 }, "geometry": { "type": "Point", "coordinates": [ 426723.328900000080466, 9130864.465500000864267 ] } },
{ "type": "Feature", "properties": { "namobj": "Balai Pengawasan dan Pengendalian Perizinan Energi Sumber Daya Mineral Wilayah Sleman, Yogyakarta, dan Gunungkidul", "fcode": "GD01050040", "remark": null, "metadata": "BIRO ORGANISASI 2023", "srs_id": "SRGI2013 UTM49S", "fgsfnp": 999, "no": 64.0, "nama_opd": "Balai Pengawasan dan Pengendalian Perizinan Energi Sumber Daya Mineral Wilayah Sleman, Yogyakarta, dan Gunungkidul", "alamat": "Jl. Bumijo No.5, Bumijo, Kec. Jetis, Kota Yogyakarta, Daerah Istimewa Yogyakarta 55231", "kategori": "Kantor UPT Non Sekolah", "y": -7.786393, "x": 110.362571 }, "geometry": { "type": "Point", "coordinates": [ 429718.581699999980628, 9139263.61739999987185 ] } },
{ "type": "Feature", "properties": { "namobj": "Balai Pengawasan dan Pengendalian Perizinan Energi Sumber Daya Mineral Wilayah Bantul dan Kulonprogo", "fcode": "GD01050040", "remark": null, "metadata": "BIRO ORGANISASI 2023", "srs_id": "SRGI2013 UTM49S", "fgsfnp": 999, "no": 65.0, "nama_opd": "Balai Pengawasan dan Pengendalian Perizinan Energi Sumber Daya Mineral Wilayah Bantul dan Kulonprogo", "alamat": " Jl Kyai Mojo No 70 Tegalrejo Yogyakarta", "kategori": "Kantor UPT Non Sekolah", "y": -7.78192, "x": 110.355341 }, "geometry": { "type": "Point", "coordinates": [ 428920.644600000232458, 9139757.012599999085069 ] } },
{ "type": "Feature", "properties": { "namobj": "Kantor Pelayanan Pajak Daerah di Yogyakarta", "fcode": "GD01050040", "remark": null, "metadata": "BIRO ORGANISASI 2023", "srs_id": "SRGI2013 UTM49S", "fgsfnp": 999, "no": 66.0, "nama_opd": "Kantor Pelayanan Pajak Daerah di Yogyakarta", "alamat": "Jl. Tentara Pelajar No.13, Bumijo, Kec. Jetis, Kota Yogyakarta, Daerah Istimewa Yogyakarta 55231", "kategori": "Kantor UPT Non Sekolah", "y": -7.788131, "x": 110.359162 }, "geometry": { "type": "Point", "coordinates": [ 429342.953599999658763, 9139070.963400000706315 ] } },
{ "type": "Feature", "properties": { "namobj": "Kantor Pelayanan Pajak Daerah di Bantul", "fcode": "GD01050040", "remark": null, "metadata": "BIRO ORGANISASI 2023", "srs_id": "SRGI2013 UTM49S", "fgsfnp": 999, "no": 67.0, "nama_opd": "Kantor Pelayanan Pajak Daerah di Bantul", "alamat": "Jl. Urip Sumoharjo No.25, Bejen, Bantul, Kec. Bantul, Kabupaten Bantul, Daerah Istimewa Yogyakarta 55711", "kategori": "Kantor UPT Non Sekolah", "y": -7.891753, "x": 110.329851 }, "geometry": { "type": "Point", "coordinates": [ 426129.331600000150502, 9127609.646600000560284 ] } },
{ "type": "Feature", "properties": { "namobj": "Kantor Pelayanan Pajak Daerah di Gunung Kidul", "fcode": "GD01050040", "remark": null, "metadata": "BIRO ORGANISASI 2023", "srs_id": "SRGI2013 UTM49S", "fgsfnp": 999, "no": 68.0, "nama_opd": "Kantor Pelayanan Pajak Daerah di Gunung Kidul", "alamat": "Jl. Pemuda, Rejosari, Wonosari, Kec. Wonosari, Kabupaten Gunung Kidul, Daerah Istimewa Yogyakarta 55851", "kategori": "Kantor UPT Non Sekolah", "y": -7.972263, "x": 110.610316 }, "geometry": { "type": "Point", "coordinates": [ 457054.153599999845028, 9118748.221899999305606 ] } },
{ "type": "Feature", "properties": { "namobj": "Kantor Pelayanan Pajak Daerah di Kulon Progo", "fcode": "GD01050040", "remark": null, "metadata": "BIRO ORGANISASI 2023", "srs_id": "SRGI2013 UTM49S", "fgsfnp": 999, "no": 69.0, "nama_opd": "Kantor Pelayanan Pajak Daerah di Kulon Progo", "alamat": "Jl. Wates No.KM 27, Gn. Gempal, Giri Peni, Kec. Wates, Kabupaten Kulon Progo, Daerah Istimewa Yogyakarta 55611", "kategori": "Kantor UPT Non Sekolah", "y": -7.866582, "x": 110.166995 }, "geometry": { "type": "Point", "coordinates": [ 408171.004999999888241, 9130360.263699999079108 ] } },
{ "type": "Feature", "properties": { "namobj": "Kantor Pelayanan Pajak Daerah di Sleman", "fcode": "GD01050040", "remark": null, "metadata": "BIRO ORGANISASI 2023", "srs_id": "SRGI2013 UTM49S", "fgsfnp": 999, "no": 70.0, "nama_opd": "Kantor Pelayanan Pajak Daerah di Sleman", "alamat": "13, Jl. Magelang No.KM, Krapyak, Triharjo, Kec. Sleman, Kabupaten Sleman, Daerah Istimewa Yogyakarta 55514", "kategori": "Kantor UPT Non Sekolah", "y": -7.69983, "x": 110.346613 }, "geometry": { "type": "Point", "coordinates": [ 427944.285099999979138, 9148831.07909999974072 ] } },
{ "type": "Feature", "properties": { "namobj": "Balai Latihan Kerja dan Pengembangan Produktivitas", "fcode": "GD01050040", "remark": null, "metadata": "BIRO ORGANISASI 2023", "srs_id": "SRGI2013 UTM49S", "fgsfnp": 999, "no": 71.0, "nama_opd": "Balai Latihan Kerja dan Pengembangan Produktivitas", "alamat": "Jl. Kyai Mojo No.5, Bumijo, Kec. Jetis, Kota Yogyakarta, Daerah Istimewa Yogyakarta 55231", "kategori": "Kantor UPT Non Sekolah", "y": -7.782953, "x": 110.359233 }, "geometry": { "type": "Point", "coordinates": [ 429349.93680000025779, 9139643.429199999198318 ] } },
{ "type": "Feature", "properties": { "namobj": "Balai Keselamatan dan Kesehatan Kerja", "fcode": "GD01050040", "remark": null, "metadata": "BIRO ORGANISASI 2023", "srs_id": "SRGI2013 UTM49S", "fgsfnp": 999, "no": 72.0, "nama_opd": "Balai Keselamatan dan Kesehatan Kerja", "alamat": "Jl. Ireda No.38, Keparakan, Kec. Mergangsan, Kota Yogyakarta, Daerah Istimewa Yogyakarta 55152", "kategori": "Kantor UPT Non Sekolah", "y": -7.811508, "x": 110.371731 }, "geometry": { "type": "Point", "coordinates": [ 430732.67850000038743, 9136488.485500000417233 ] } },
{ "type": "Feature", "properties": { "namobj": "SMAN 2 Yogyakarta", "fcode": "GD01050040", "remark": null, "metadata": "BIRO ORGANISASI 2023", "srs_id": "SRGI2013 UTM49S", "fgsfnp": 999, "no": 92.0, "nama_opd": "SMAN 2 Yogyakarta", "alamat": "Jl. Bener No.30, Bener, Kec. Tegalrejo, Kota Yogyakarta, Daerah Istimewa Yogyakarta 55243", "kategori": "Kantor UPT Sekolah", "y": -7.77813, "x": 110.353587 }, "geometry": { "type": "Point", "coordinates": [ 428726.58420000039041, 9140175.635299999266863 ] } },
{ "type": "Feature", "properties": { "namobj": "Balai Pengembangan Perbenihan dan Pengawasan Mutu Benih Tanaman Pertanian", "fcode": "GD01050040", "remark": null, "metadata": "BIRO ORGANISASI 2023", "srs_id": "SRGI2013 UTM49S", "fgsfnp": 999, "no": 73.0, "nama_opd": "Balai Pengembangan Perbenihan dan Pengawasan Mutu Benih Tanaman Pertanian", "alamat": "Jl. Gondosuli No. 6, Kelurahan Semaki, Kecamatan Umbulharjo, Kota Yogyakarta, Daerah Istimewa Yogyakarta 55165.", "kategori": "Kantor UPT Non Sekolah", "y": -7.796306, "x": 110.385582 }, "geometry": { "type": "Point", "coordinates": [ 432257.37540000025183, 9138171.415500000119209 ] } },
{ "type": "Feature", "properties": { "namobj": "Balai Pengembangan Sumber Daya Manusia Pertanian", "fcode": "GD01050040", "remark": null, "metadata": "BIRO ORGANISASI 2023", "srs_id": "SRGI2013 UTM49S", "fgsfnp": 999, "no": 74.0, "nama_opd": "Balai Pengembangan Sumber Daya Manusia Pertanian", "alamat": "JL. Gondosuli, No. 2B, 55165, Semaki, Kec. Umbulharjo, Kota Yogyakarta, Daerah Istimewa Yogyakarta 55166", "kategori": "Kantor UPT Non Sekolah", "y": -7.796812, "x": 110.385435 }, "geometry": { "type": "Point", "coordinates": [ 432241.327100000344217, 9138115.491499999538064 ] } },
{ "type": "Feature", "properties": { "namobj": "Balai Pengembangan Perbibitan Ternak dan Diagnostik Kehewanan", "fcode": "GD01050040", "remark": null, "metadata": "BIRO ORGANISASI 2023", "srs_id": "SRGI2013 UTM49S", "fgsfnp": 999, "no": 75.0, "nama_opd": "Balai Pengembangan Perbibitan Ternak dan Diagnostik Kehewanan", "alamat": "JL. A. Gondosuli, No. 2B, Semaki, Yogyakarta, Kota Yogyakarta, Daerah Istimewa Yogyakarta 55165", "kategori": "Kantor UPT Non Sekolah", "y": -7.796489, "x": 110.385606 }, "geometry": { "type": "Point", "coordinates": [ 432260.125300000421703, 9138151.251800000667572 ] } },
{ "type": "Feature", "properties": { "namobj": "Balai Proteksi Tanaman Pertanian", "fcode": "GD01050040", "remark": null, "metadata": "BIRO ORGANISASI 2023", "srs_id": "SRGI2013 UTM49S", "fgsfnp": 999, "no": 76.0, "nama_opd": "Balai Proteksi Tanaman Pertanian", "alamat": "694P+46X, Jl. Gondosuli, Baciro, Kec. Gondokusuman, Kota Yogyakarta, Daerah Istimewa Yogyakarta 55166", "kategori": "Kantor UPT Non Sekolah", "y": -7.794629, "x": 110.385663 }, "geometry": { "type": "Point", "coordinates": [ 432266.060600000433624, 9138356.891699999570847 ] } },
{ "type": "Feature", "properties": { "namobj": "Balai Laboratorium Lingkungan", "fcode": "GD01050040", "remark": null, "metadata": "BIRO ORGANISASI 2023", "srs_id": "SRGI2013 UTM49S", "fgsfnp": 999, "no": 77.0, "nama_opd": "Balai Laboratorium Lingkungan", "alamat": "5CH8+J4M, Jl. Wiyoro Lor, Kalangan, Baturetno, Kec. Banguntapan, Kabupaten Bantul, Daerah Istimewa Yogyakarta 55197", "kategori": "Kantor UPT Non Sekolah", "y": -7.820885, "x": 110.415277 }, "geometry": { "type": "Point", "coordinates": [ 435535.319099999964237, 9135458.794099999591708 ] } },
{ "type": "Feature", "properties": { "namobj": "Balai Pengelolaan Sampah", "fcode": "GD01050040", "remark": null, "metadata": "BIRO ORGANISASI 2023", "srs_id": "SRGI2013 UTM49S", "fgsfnp": 999, "no": 78.0, "nama_opd": "Balai Pengelolaan Sampah", "alamat": "Jalan Argulobang Nomor 19, Baciro, Kec. Gondokusuman Kota Yogyakarta Daerah Istimewa Yogyakarta", "kategori": "Kantor UPT Non Sekolah", "y": -7.790505, "x": 110.382686 }, "geometry": { "type": "Point", "coordinates": [ 431937.202200000174344, 9138812.276599999517202 ] } },
{ "type": "Feature", "properties": { "namobj": "Balai Perbenihan Kehutanan", "fcode": "GD01050040", "remark": null, "metadata": "BIRO ORGANISASI 2023", "srs_id": "SRGI2013 UTM49S", "fgsfnp": 999, "no": 79.0, "nama_opd": "Balai Perbenihan Kehutanan", "alamat": "Jalan Argulobang Nomor 19, Baciro, Kec. Gondokusuman Kota Yogyakarta Daerah Istimewa Yogyakarta", "kategori": "Kantor UPT Non Sekolah", "y": -7.790505, "x": 110.382686 }, "geometry": { "type": "Point", "coordinates": [ 431937.202200000174344, 9138812.276599999517202 ] } },
{ "type": "Feature", "properties": { "namobj": "Balai Kesatuan Pengelolaan Hutan Yogyakarta", "fcode": "GD01050040", "remark": null, "metadata": "BIRO ORGANISASI 2023", "srs_id": "SRGI2013 UTM49S", "fgsfnp": 999, "no": 80.0, "nama_opd": "Balai Kesatuan Pengelolaan Hutan Yogyakarta", "alamat": "Jl. Argolubang No.13, Baciro, Kec. Gondokusuman, Kota Yogyakarta, Daerah Istimewa Yogyakarta 55225", "kategori": "Kantor UPT Non Sekolah", "y": -7.790326, "x": 110.381905 }, "geometry": { "type": "Point", "coordinates": [ 431851.052099999971688, 9138831.991900000721216 ] } },
{ "type": "Feature", "properties": { "namobj": "Balai Pengeloalan Taman Hutan Raya Bunder", "fcode": "GD01050040", "remark": null, "metadata": "BIRO ORGANISASI 2023", "srs_id": "SRGI2013 UTM49S", "fgsfnp": 999, "no": 81.0, "nama_opd": "Balai Pengeloalan Taman Hutan Raya Bunder", "alamat": "Jl. Argulobang Nomor 19, Baciro, Gondokusuman, Yogyakarta, DIY 55225", "kategori": "Kantor UPT Non Sekolah", "y": -7.790552, "x": 110.382913 }, "geometry": { "type": "Point", "coordinates": [ 431962.246000000275671, 9138807.145300000905991 ] } },
{ "type": "Feature", "properties": { "namobj": "Balai Pengembangan Perikanan Budidaya", "fcode": "GD01050040", "remark": null, "metadata": "BIRO ORGANISASI 2023", "srs_id": "SRGI2013 UTM49S", "fgsfnp": 999, "no": 82.0, "nama_opd": "Balai Pengembangan Perikanan Budidaya", "alamat": "Cangkringan, Argomulyo, Kec. Cangkringan, Kabupaten Sleman, Daerah Istimewa Yogyakarta 55583", "kategori": "Kantor UPT Non Sekolah", "y": -7.677782, "x": 110.461607 }, "geometry": { "type": "Point", "coordinates": [ 440623.247299999929965, 9151286.302200000733137 ] } },
{ "type": "Feature", "properties": { "namobj": "Pelabuhan Perikanan Pantai Sadeng", "fcode": "GD01050040", "remark": null, "metadata": "BIRO ORGANISASI 2023", "srs_id": "SRGI2013 UTM49S", "fgsfnp": 999, "no": 83.0, "nama_opd": "Pelabuhan Perikanan Pantai Sadeng", "alamat": "RQ6X+5Q5, Sadeng, Songbanyu, Kec. Girisubo, Kabupaten Gunung Kidul, Daerah Istimewa Yogyakarta 55883", "kategori": "Kantor UPT Non Sekolah", "y": -8.189576, "x": 110.799483 }, "geometry": { "type": "Point", "coordinates": [ 477913.739699999801815, 9094738.611400000751019 ] } },
{ "type": "Feature", "properties": { "namobj": "Balai Pengembangan Teknologi Tepat Guna", "fcode": "GD01050040", "remark": null, "metadata": "BIRO ORGANISASI 2023", "srs_id": "SRGI2013 UTM49S", "fgsfnp": 999, "no": 84.0, "nama_opd": "Balai Pengembangan Teknologi Tepat Guna", "alamat": "Jl. Kusumanegara No.168, Muja Muju, Kec. Umbulharjo, Kota Yogyakarta, Daerah Istimewa Yogyakarta 55165", "kategori": "Kantor UPT Non Sekolah", "y": -7.802425, "x": 110.393302 }, "geometry": { "type": "Point", "coordinates": [ 433109.554800000041723, 9137496.203600000590086 ] } },
{ "type": "Feature", "properties": { "namobj": "Balai Pengelolaan Kekayaan Intelektual", "fcode": "GD01050040", "remark": null, "metadata": "BIRO ORGANISASI 2023", "srs_id": "SRGI2013 UTM49S", "fgsfnp": 999, "no": 85.0, "nama_opd": "Balai Pengelolaan Kekayaan Intelektual", "alamat": "Jl. Kusumanegara No.9, Semaki, Kec. Umbulharjo, Kota Yogyakarta, Daerah Istimewa Yogyakarta 55281", "kategori": "Kantor UPT Non Sekolah", "y": -7.8015, "x": 110.38257 }, "geometry": { "type": "Point", "coordinates": [ 431926.15500000026077, 9137596.6963 ] } },
{ "type": "Feature", "properties": { "namobj": "Balai Pengukuran Kompetensi Pegawai", "fcode": "GD01050040", "remark": null, "metadata": "BIRO ORGANISASI 2023", "srs_id": "SRGI2013 UTM49S", "fgsfnp": 999, "no": 86.0, "nama_opd": "Balai Pengukuran Kompetensi Pegawai", "alamat": "Jl. Kyai Mojo No.56, Tegalrejo, Kec. Tegalrejo, Kota Yogyakarta, Daerah Istimewa Yogyakarta 55244", "kategori": "Kantor UPT Non Sekolah", "y": -7.782128, "x": 110.356488 }, "geometry": { "type": "Point", "coordinates": [ 429047.105499999597669, 9139734.168500000610948 ] } },
{ "type": "Feature", "properties": { "namobj": "Balai Layanan Perpustakaan", "fcode": "GD01050040", "remark": null, "metadata": "BIRO ORGANISASI 2023", "srs_id": "SRGI2013 UTM49S", "fgsfnp": 999, "no": 87.0, "nama_opd": "Balai Layanan Perpustakaan", "alamat": "Jl. Raya Janti, Wonocatur, Banguntapan, Kec. Banguntapan, Kabupaten Bantul, Daerah Istimewa Yogyakarta 55198", "kategori": "Kantor UPT Non Sekolah", "y": -7.799295, "x": 110.407085 }, "geometry": { "type": "Point", "coordinates": [ 434628.844399999827147, 9137844.430099999532104 ] } },
{ "type": "Feature", "properties": { "namobj": "SLBN Pembina Yogyakarta", "fcode": "GD01050040", "remark": null, "metadata": "BIRO ORGANISASI 2023", "srs_id": "SRGI2013 UTM49S", "fgsfnp": 999, "no": 88.0, "nama_opd": "SLBN Pembina Yogyakarta", "alamat": "Jl. Imogiri Tim. No.224, Giwangan, Kec. Umbulharjo, Kota Yogyakarta, Daerah Istimewa Yogyakarta 55163", "kategori": "Kantor UPT Sekolah", "y": -7.833436, "x": 110.390277 }, "geometry": { "type": "Point", "coordinates": [ 432781.025999999605119, 9134067.193 ] } },
{ "type": "Feature", "properties": { "namobj": "SLBN 1 Yogyakarta", "fcode": "GD01050040", "remark": null, "metadata": "BIRO ORGANISASI 2023", "srs_id": "SRGI2013 UTM49S", "fgsfnp": 999, "no": 89.0, "nama_opd": "SLBN 1 Yogyakarta", "alamat": "Jl. Kapten Laut Samadikun No.3, Wirogunan, Kec. Mergangsan, Kota Yogyakarta, Daerah Istimewa Yogyakarta 55151", "kategori": "Kantor UPT Sekolah", "y": -7.802458, "x": 110.37311 }, "geometry": { "type": "Point", "coordinates": [ 430883.27489999961108, 9137489.292400000616908 ] } },
{ "type": "Feature", "properties": { "namobj": "SLBN 2 Yogyakarta", "fcode": "GD01050040", "remark": null, "metadata": "BIRO ORGANISASI 2023", "srs_id": "SRGI2013 UTM49S", "fgsfnp": 999, "no": 90.0, "nama_opd": "SLBN 2 Yogyakarta", "alamat": "Jl. Panembahan Senopati No.46, Prawirodirjan, Kec. Gondomanan, Kota Yogyakarta, Daerah Istimewa Yogyakarta 55121", "kategori": "Kantor UPT Sekolah", "y": -7.801718, "x": 110.370748 }, "geometry": { "type": "Point", "coordinates": [ 430622.762600000016391, 9137570.68889999948442 ] } },
{ "type": "Feature", "properties": { "namobj": "SMAN 3 Yogyakarta", "fcode": "GD01050040", "remark": null, "metadata": "BIRO ORGANISASI 2023", "srs_id": "SRGI2013 UTM49S", "fgsfnp": 999, "no": 93.0, "nama_opd": "SMAN 3 Yogyakarta", "alamat": "Jalan Yos Sudarso No.7, RT.05/RW.03, Kotabaru, Kec. Gondokusuman, Kota Yogyakarta, Daerah Istimewa Yogyakarta 55224", "kategori": "Kantor UPT Sekolah", "y": -7.786512, "x": 110.373615 }, "geometry": { "type": "Point", "coordinates": [ 430936.334599999710917, 9139252.274599999189377 ] } },
{ "type": "Feature", "properties": { "namobj": "SMAN 4 Yogyakarta", "fcode": "GD01050040", "remark": null, "metadata": "BIRO ORGANISASI 2023", "srs_id": "SRGI2013 UTM49S", "fgsfnp": 999, "no": 94.0, "nama_opd": "SMAN 4 Yogyakarta", "alamat": "Jl. Magelang Jl. Karangwaru Lor, Karangwaru, Kec. Tegalrejo, Kota Yogyakarta, Daerah Istimewa Yogyakarta 55241", "kategori": "Kantor UPT Sekolah", "y": -7.771989, "x": 110.362429 }, "geometry": { "type": "Point", "coordinates": [ 429700.536999999545515, 9140856.07010000012815 ] } },
{ "type": "Feature", "properties": { "namobj": "SMAN 5 Yogyakarta", "fcode": "GD01050040", "remark": null, "metadata": "BIRO ORGANISASI 2023", "srs_id": "SRGI2013 UTM49S", "fgsfnp": 999, "no": 95.0, "nama_opd": "SMAN 5 Yogyakarta", "alamat": "Jl. Nyi Pembayun No.39, Prenggan, Kec. Kotagede, Kota Yogyakarta, Daerah Istimewa Yogyakarta 55172", "kategori": "Kantor UPT Sekolah", "y": -7.822472, "x": 110.399371 }, "geometry": { "type": "Point", "coordinates": [ 433781.921000000089407, 9135280.784 ] } },
{ "type": "Feature", "properties": { "namobj": "SMAN 6 Yogyakarta", "fcode": "GD01050040", "remark": null, "metadata": "BIRO ORGANISASI 2023", "srs_id": "SRGI2013 UTM49S", "fgsfnp": 999, "no": 96.0, "nama_opd": "SMAN 6 Yogyakarta", "alamat": "Jl. C. Simanjuntak No.2, Terban, Kec. Gondokusuman, Kota Yogyakarta, Daerah Istimewa Yogyakarta 55223", "kategori": "Kantor UPT Sekolah", "y": -7.781374, "x": 110.373134 }, "geometry": { "type": "Point", "coordinates": [ 430882.457100000232458, 9139820.284600000828505 ] } },
{ "type": "Feature", "properties": { "namobj": "SMAN 7 Yogyakarta", "fcode": "GD01050040", "remark": null, "metadata": "BIRO ORGANISASI 2023", "srs_id": "SRGI2013 UTM49S", "fgsfnp": 999, "no": 97.0, "nama_opd": "SMAN 7 Yogyakarta", "alamat": "Jl. MT. Haryono No.47, Suryodiningratan, Kec. Mantrijeron, Kota Yogyakarta, Daerah Istimewa Yogyakarta 55141", "kategori": "Kantor UPT Sekolah", "y": -7.813776, "x": 110.358618 }, "geometry": { "type": "Point", "coordinates": [ 429287.346800000406802, 9136235.628599999472499 ] } },
{ "type": "Feature", "properties": { "namobj": "SMAN 8 Yogyakarta", "fcode": "GD01050040", "remark": null, "metadata": "BIRO ORGANISASI 2023", "srs_id": "SRGI2013 UTM49S", "fgsfnp": 999, "no": 98.0, "nama_opd": "SMAN 8 Yogyakarta", "alamat": "Jl. Sidobali No.1, Muja Muju, Kec. Umbulharjo, Kota Yogyakarta, Daerah Istimewa Yogyakarta 55165", "kategori": "Kantor UPT Sekolah", "y": -7.800104, "x": 110.395539 }, "geometry": { "type": "Point", "coordinates": [ 433355.867300000041723, 9137753.189899999648333 ] } },
{ "type": "Feature", "properties": { "namobj": "SMAN 9 Yogyakarta", "fcode": "GD01050040", "remark": null, "metadata": "BIRO ORGANISASI 2023", "srs_id": "SRGI2013 UTM49S", "fgsfnp": 999, "no": 99.0, "nama_opd": "SMAN 9 Yogyakarta", "alamat": "Jl. Sagan No.1, Terban, Kec. Gondokusuman, Kota Yogyakarta, Daerah Istimewa Yogyakarta 55223", "kategori": "Kantor UPT Sekolah", "y": -7.781543, "x": 110.376398 }, "geometry": { "type": "Point", "coordinates": [ 431242.405500000342727, 9139802.095599999651313 ] } },
{ "type": "Feature", "properties": { "namobj": "SMAN 10 Yogyakarta", "fcode": "GD01050040", "remark": null, "metadata": "BIRO ORGANISASI 2023", "srs_id": "SRGI2013 UTM49S", "fgsfnp": 999, "no": 100.0, "nama_opd": "SMAN 10 Yogyakarta", "alamat": "Jl. Gadean No.5, Ngupasan, Kec. Gondomanan, Kota Yogyakarta, Daerah Istimewa Yogyakarta 55122", "kategori": "Kantor UPT Sekolah", "y": -7.797796, "x": 110.362782 }, "geometry": { "type": "Point", "coordinates": [ 429743.755400000140071, 9138002.983799999579787 ] } },
{ "type": "Feature", "properties": { "namobj": "SMAN 11 Yogyakarta", "fcode": "GD01050040", "remark": null, "metadata": "BIRO ORGANISASI 2023", "srs_id": "SRGI2013 UTM49S", "fgsfnp": 999, "no": 101.0, "nama_opd": "SMAN 11 Yogyakarta", "alamat": "Jl. A.M. Sangaji No.50, Cokrodiningratan, Kec. Jetis, Kota Yogyakarta, Daerah Istimewa Yogyakarta 55233", "kategori": "Kantor UPT Sekolah", "y": -7.777248, "x": 110.3682 }, "geometry": { "type": "Point", "coordinates": [ 430337.746399999596179, 9140275.631899999454618 ] } },
{ "type": "Feature", "properties": { "namobj": "SMKN 1 Yogyakarta", "fcode": "GD01050040", "remark": null, "metadata": "BIRO ORGANISASI 2023", "srs_id": "SRGI2013 UTM49S", "fgsfnp": 999, "no": 102.0, "nama_opd": "SMKN 1 Yogyakarta", "alamat": "Jl. Kemetiran Kidul No.35, Pringgokusuman, Gedong Tengen, Kota Yogyakarta, Daerah Istimewa Yogyakarta 55272", "kategori": "Kantor UPT Sekolah", "y": -7.794006, "x": 110.359527 }, "geometry": { "type": "Point", "coordinates": [ 429384.272599999792874, 9138421.458499999716878 ] } },
{ "type": "Feature", "properties": { "namobj": "SMKN 2 Yogyakarta", "fcode": "GD01050040", "remark": null, "metadata": "BIRO ORGANISASI 2023", "srs_id": "SRGI2013 UTM49S", "fgsfnp": 999, "no": 103.0, "nama_opd": "SMKN 2 Yogyakarta", "alamat": "Jl. A.M. Sangaji No.47, Cokrodiningratan, Kec. Jetis, Kota Yogyakarta, Daerah Istimewa Yogyakarta 55233", "kategori": "Kantor UPT Sekolah", "y": -7.777056, "x": 110.367369 }, "geometry": { "type": "Point", "coordinates": [ 430246.129399999976158, 9140296.708399999886751 ] } },
{ "type": "Feature", "properties": { "namobj": "SMKN 3 Yogyakarta", "fcode": "GD01050040", "remark": null, "metadata": "BIRO ORGANISASI 2023", "srs_id": "SRGI2013 UTM49S", "fgsfnp": 999, "no": 104.0, "nama_opd": "SMKN 3 Yogyakarta", "alamat": "Jl. R.W. Monginsidi No.2, Cokrodiningratan, Kec. Jetis, Kota Yogyakarta, Daerah Istimewa Yogyakarta 55233", "kategori": "Kantor UPT Sekolah", "y": -7.776843, "x": 110.365792 }, "geometry": { "type": "Point", "coordinates": [ 430072.15749999973923, 9140320.041999999433756 ] } },
{ "type": "Feature", "properties": { "namobj": "SMKN 4 Yogyakarta", "fcode": "GD01050040", "remark": null, "metadata": "BIRO ORGANISASI 2023", "srs_id": "SRGI2013 UTM49S", "fgsfnp": 999, "no": 105.0, "nama_opd": "SMKN 4 Yogyakarta", "alamat": "Jl. Sidikan No.60, Sorosutan, Kec. Umbulharjo, Kota Yogyakarta, Daerah Istimewa Yogyakarta 55161", "kategori": "Kantor UPT Sekolah", "y": -7.821248, "x": 110.385076 }, "geometry": { "type": "Point", "coordinates": [ 432205.636599999852479, 9135413.863299999386072 ] } },
{ "type": "Feature", "properties": { "namobj": "SMKN 5 Yogyakarta", "fcode": "GD01050040", "remark": null, "metadata": "BIRO ORGANISASI 2023", "srs_id": "SRGI2013 UTM49S", "fgsfnp": 999, "no": 106.0, "nama_opd": "SMKN 5 Yogyakarta", "alamat": "Jl. Kenari No.71, Muja Muju, Kec. Umbulharjo, Kota Yogyakarta, Daerah Istimewa Yogyakarta 55165", "kategori": "Kantor UPT Sekolah", "y": -7.80016, "x": 110.395001 }, "geometry": { "type": "Point", "coordinates": [ 433296.557699999772012, 9137746.849500000476837 ] } },
{ "type": "Feature", "properties": { "namobj": "SMKN 6 Yogyakarta", "fcode": "GD01050040", "remark": null, "metadata": "BIRO ORGANISASI 2023", "srs_id": "SRGI2013 UTM49S", "fgsfnp": 999, "no": 107.0, "nama_opd": "SMKN 6 Yogyakarta", "alamat": "Jl. Kenari No.4, Semaki, Kec. Umbulharjo, Kota Yogyakarta, Daerah Istimewa Yogyakarta 55166", "kategori": "Kantor UPT Sekolah", "y": -7.797711, "x": 110.382507 }, "geometry": { "type": "Point", "coordinates": [ 431918.62430000025779, 9138015.5943 ] } },
{ "type": "Feature", "properties": { "namobj": "SMKN 7 Yogyakarta", "fcode": "GD01050040", "remark": null, "metadata": "BIRO ORGANISASI 2023", "srs_id": "SRGI2013 UTM49S", "fgsfnp": 999, "no": 108.0, "nama_opd": "SMKN 7 Yogyakarta", "alamat": "Jalan Gowongan Kidul Blok JT3 No.416, Gowongan, Kec. Jetis, Kota Yogyakarta, Daerah Istimewa Yogyakarta 55232", "kategori": "Kantor UPT Sekolah", "y": -7.786751, "x": 110.364822 }, "geometry": { "type": "Point", "coordinates": [ 429966.842400000430644, 9139224.420399999246001 ] } },
{ "type": "Feature", "properties": { "namobj": "SLBN 1 Bantul", "fcode": "GD01050040", "remark": null, "metadata": "BIRO ORGANISASI 2023", "srs_id": "SRGI2013 UTM49S", "fgsfnp": 999, "no": 109.0, "nama_opd": "SLBN 1 Bantul", "alamat": "Jalan Wates km 3 No. 147, Sonopakis Lor, Ngestiharjo, Kec. Kasihan, Kabupaten Bantul, Daerah Istimewa Yogyakarta 55182", "kategori": "Kantor UPT Sekolah", "y": -7.800965, "x": 110.339417 }, "geometry": { "type": "Point", "coordinates": [ 427168.117700000293553, 9137648.7182 ] } },
{ "type": "Feature", "properties": { "namobj": "SLBN 2 Bantul", "fcode": "GD01050040", "remark": null, "metadata": "BIRO ORGANISASI 2023", "srs_id": "SRGI2013 UTM49S", "fgsfnp": 999, "no": 110.0, "nama_opd": "SLBN 2 Bantul", "alamat": "Jl. Imogiri Barat No.4,5, Tanjung, Bangunharjo, Kec. Sewon, Kabupaten Bantul, Daerah Istimewa Yogyakarta 55187", "kategori": "Kantor UPT Sekolah", "y": -7.83348, "x": 110.37552 }, "geometry": { "type": "Point", "coordinates": [ 431154.110000000335276, 9134059.945000000298023 ] } },
{ "type": "Feature", "properties": { "namobj": "SMAN 1 Bambanglipuro", "fcode": "GD01050040", "remark": null, "metadata": "BIRO ORGANISASI 2023", "srs_id": "SRGI2013 UTM49S", "fgsfnp": 999, "no": 111.0, "nama_opd": "SMAN 1 Bambanglipuro", "alamat": "Jl. Samas No.18, Wr. Pring, Mulyodadi, Kec. Bambanglipuro, Kabupaten Bantul, Daerah Istimewa Yogyakarta 55764", "kategori": "Kantor UPT Sekolah", "y": -7.942574, "x": 110.300464 }, "geometry": { "type": "Point", "coordinates": [ 422899.349999999627471, 9121985.648800000548363 ] } },
{ "type": "Feature", "properties": { "namobj": "SMAN 1 Banguntapan", "fcode": "GD01050040", "remark": null, "metadata": "BIRO ORGANISASI 2023", "srs_id": "SRGI2013 UTM49S", "fgsfnp": 999, "no": 112.0, "nama_opd": "SMAN 1 Banguntapan", "alamat": "5CR8+8V5, Jl. Ngentak, Kalangan, Baturetno, Kec. Banguntapan, Kabupaten Bantul, Daerah Istimewa Yogyakarta 55197", "kategori": "Kantor UPT Sekolah", "y": -7.809245, "x": 110.417279 }, "geometry": { "type": "Point", "coordinates": [ 435754.263299999758601, 9136745.902699999511242 ] } },
{ "type": "Feature", "properties": { "namobj": "SMAN 2 Banguntapan", "fcode": "GD01050040", "remark": null, "metadata": "BIRO ORGANISASI 2023", "srs_id": "SRGI2013 UTM49S", "fgsfnp": 999, "no": 113.0, "nama_opd": "SMAN 2 Banguntapan", "alamat": "Jl. Imogiri Tim., Glondong, Wirokerten, Kec. Banguntapan, Kabupaten Bantul, Daerah Istimewa Yogyakarta", "kategori": "Kantor UPT Sekolah", "y": -7.847446, "x": 110.401546 }, "geometry": { "type": "Point", "coordinates": [ 434025.605399999767542, 9132520.086799999698997 ] } },
{ "type": "Feature", "properties": { "namobj": "SMAN 1 Bantul", "fcode": "GD01050040", "remark": null, "metadata": "BIRO ORGANISASI 2023", "srs_id": "SRGI2013 UTM49S", "fgsfnp": 999, "no": 114.0, "nama_opd": "SMAN 1 Bantul", "alamat": "Jl. Kh Wahid Hasyim, Jetis, Palbapang, Kec. Bantul, Kabupaten Bantul, Daerah Istimewa Yogyakarta 55713", "kategori": "Kantor UPT Sekolah", "y": -7.897718, "x": 110.322334 }, "geometry": { "type": "Point", "coordinates": [ 425301.857599999755621, 9126948.884999999776483 ] } },
{ "type": "Feature", "properties": { "namobj": "SMAN 2 Bantul", "fcode": "GD01050040", "remark": null, "metadata": "BIRO ORGANISASI 2023", "srs_id": "SRGI2013 UTM49S", "fgsfnp": 999, "no": 115.0, "nama_opd": "SMAN 2 Bantul", "alamat": "Nogosari, Trirenggo, Kec. Bantul, Kabupaten Bantul, Daerah Istimewa Yogyakarta 55714", "kategori": "Kantor UPT Sekolah", "y": -7.894231, "x": 110.338048 }, "geometry": { "type": "Point", "coordinates": [ 427033.371299999766052, 9127337.1985 ] } },
{ "type": "Feature", "properties": { "namobj": "SMAN 3 Bantul", "fcode": "GD01050040", "remark": null, "metadata": "BIRO ORGANISASI 2023", "srs_id": "SRGI2013 UTM49S", "fgsfnp": 999, "no": 116.0, "nama_opd": "SMAN 3 Bantul", "alamat": "Jl. Pramuka Jl. Gaten, RT.003/RW.Dk.001, Area Sawah, Trirenggo, Kec. Bantul, Kabupaten Bantul, Daerah Istimewa Yogyakarta 55714", "kategori": "Kantor UPT Sekolah", "y": -7.881431, "x": 110.342891 }, "geometry": { "type": "Point", "coordinates": [ 427564.995400000363588, 9128753.0987 ] } },
{ "type": "Feature", "properties": { "namobj": "SMAN 1 Dlingo", "fcode": "GD01050040", "remark": null, "metadata": "BIRO ORGANISASI 2023", "srs_id": "SRGI2013 UTM49S", "fgsfnp": 999, "no": 117.0, "nama_opd": "SMAN 1 Dlingo", "alamat": "JL. Sutan Syahrir, 55783, Koripan I, Dlingo, Kec. Dlingo, Kabupaten Bantul, Daerah Istimewa Yogyakarta 25173", "kategori": "Kantor UPT Sekolah", "y": -7.937382, "x": 110.466881 }, "geometry": { "type": "Point", "coordinates": [ 441241.160500000230968, 9122586.91950000077486 ] } },
{ "type": "Feature", "properties": { "namobj": "SMAN 1 Imogiri", "fcode": "GD01050040", "remark": null, "metadata": "BIRO ORGANISASI 2023", "srs_id": "SRGI2013 UTM49S", "fgsfnp": 999, "no": 118.0, "nama_opd": "SMAN 1 Imogiri", "alamat": "Jl. Imogiri Timur KM.14, Wukirsari, Imogiri, Manggung, Wukirsari, Kec. Imogiri, Kabupaten Bantul, Daerah Istimewa Yogyakarta 55191", "kategori": "Kantor UPT Sekolah", "y": -7.910957, "x": 110.392318 }, "geometry": { "type": "Point", "coordinates": [ 433018.498100000433624, 9125497.124900000169873 ] } },
{ "type": "Feature", "properties": { "namobj": "SMAN 1 Jetis", "fcode": "GD01050040", "remark": null, "metadata": "BIRO ORGANISASI 2023", "srs_id": "SRGI2013 UTM49S", "fgsfnp": 999, "no": 119.0, "nama_opd": "SMAN 1 Jetis", "alamat": "Jl. Pendidikan, Kertan, Sumberagung, Kec. Jetis, Kabupaten Bantul, Daerah Istimewa Yogyakarta 55781", "kategori": "Kantor UPT Sekolah", "y": -7.889991, "x": 110.37482 }, "geometry": { "type": "Point", "coordinates": [ 431086.259200000204146, 9127812.149900000542402 ] } },
{ "type": "Feature", "properties": { "namobj": "SMAN 1 Kasihan", "fcode": "GD01050040", "remark": null, "metadata": "BIRO ORGANISASI 2023", "srs_id": "SRGI2013 UTM49S", "fgsfnp": 999, "no": 120.0, "nama_opd": "SMAN 1 Kasihan", "alamat": "Tegal Senggotan, Tirtonirmolo, Kec. Kasihan, Kabupaten Bantul, Daerah Istimewa Yogyakarta", "kategori": "Kantor UPT Sekolah", "y": -7.818325, "x": 110.349247 }, "geometry": { "type": "Point", "coordinates": [ 428254.85010000038892, 9135731.127499999478459 ] } },
{ "type": "Feature", "properties": { "namobj": "SMAN 1 Kretek", "fcode": "GD01050040", "remark": null, "metadata": "BIRO ORGANISASI 2023", "srs_id": "SRGI2013 UTM49S", "fgsfnp": 999, "no": 121.0, "nama_opd": "SMAN 1 Kretek", "alamat": "Dusun Genting, Kretek Bantul, Karangweru, Tirtomulyo, Bantul, Kabupaten Bantul, Daerah Istimewa Yogyakarta 55772", "kategori": "Kantor UPT Sekolah", "y": -7.969598, "x": 110.298546 }, "geometry": { "type": "Point", "coordinates": [ 422693.031999999657273, 9118997.557700000703335 ] } },
{ "type": "Feature", "properties": { "namobj": "SMAN 1 Pajangan", "fcode": "GD01050040", "remark": null, "metadata": "BIRO ORGANISASI 2023", "srs_id": "SRGI2013 UTM49S", "fgsfnp": 999, "no": 122.0, "nama_opd": "SMAN 1 Pajangan", "alamat": "Guwosari, Pajangan, Kedung, Guwosari, Kec. Bantul, Kabupaten Bantul, Daerah Istimewa Yogyakarta 55751", "kategori": "Kantor UPT Sekolah", "y": -7.881982, "x": 110.304505 }, "geometry": { "type": "Point", "coordinates": [ 423333.532399999909103, 9128685.403400000184774 ] } },
{ "type": "Feature", "properties": { "namobj": "SMAN 1 Piyungan", "fcode": "GD01050040", "remark": null, "metadata": "BIRO ORGANISASI 2023", "srs_id": "SRGI2013 UTM49S", "fgsfnp": 999, "no": 123.0, "nama_opd": "SMAN 1 Piyungan", "alamat": "Karang Gayam, Sitimulyo, Kec. Piyungan, Kabupaten Bantul, Daerah Istimewa Yogyakarta 55792", "kategori": "Kantor UPT Sekolah", "y": -7.843437, "x": 110.442131 }, "geometry": { "type": "Point", "coordinates": [ 438499.403300000354648, 9132969.5483 ] } },
{ "type": "Feature", "properties": { "namobj": "SMAN 1 Pleret", "fcode": "GD01050040", "remark": null, "metadata": "BIRO ORGANISASI 2023", "srs_id": "SRGI2013 UTM49S", "fgsfnp": 999, "no": 124.0, "nama_opd": "SMAN 1 Pleret", "alamat": "Kedaton, Pleret, Bantul, Kabupaten Bantul, Daerah Istimewa Yogyakarta 55791", "kategori": "Kantor UPT Sekolah", "y": -7.866785, "x": 110.408866 }, "geometry": { "type": "Point", "coordinates": [ 434835.673700000159442, 9130383.254200000315905 ] } },
{ "type": "Feature", "properties": { "namobj": "SMAN 1 Pundong", "fcode": "GD01050040", "remark": null, "metadata": "BIRO ORGANISASI 2023", "srs_id": "SRGI2013 UTM49S", "fgsfnp": 999, "no": 125.0, "nama_opd": "SMAN 1 Pundong", "alamat": "Srihardono, Pundong, Klisat, Srihardono, Kec. Bantul, Kabupaten Bantul, Daerah Istimewa Yogyakarta 55771", "kategori": "Kantor UPT Sekolah", "y": -7.957883, "x": 110.345591 }, "geometry": { "type": "Point", "coordinates": [ 427875.989400000311434, 9120301.25929999910295 ] } },
{ "type": "Feature", "properties": { "namobj": "SMAN 1 Sanden", "fcode": "GD01050040", "remark": null, "metadata": "BIRO ORGANISASI 2023", "srs_id": "SRGI2013 UTM49S", "fgsfnp": 999, "no": 126.0, "nama_opd": "SMAN 1 Sanden", "alamat": "Jl. Murtigading, Trisigan I, Murtigading, Kec. Sanden, Kabupaten Bantul, Daerah Istimewa Yogyakarta 55763", "kategori": "Kantor UPT Sekolah", "y": -7.957204, "x": 110.267745 }, "geometry": { "type": "Point", "coordinates": [ 419295.78139999974519, 9120361.907700000330806 ] } },
{ "type": "Feature", "properties": { "namobj": "SMAN 1 Sedayu", "fcode": "GD01050040", "remark": null, "metadata": "BIRO ORGANISASI 2023", "srs_id": "SRGI2013 UTM49S", "fgsfnp": 999, "no": 127.0, "nama_opd": "SMAN 1 Sedayu", "alamat": "Jl. Kemusuk Km. 1, Panggang, Karanglo, Argomulyo, Kec. Sedayu, Kabupaten Bantul, Daerah Istimewa Yogyakarta 55753", "kategori": "Kantor UPT Sekolah", "y": -7.804529, "x": 110.273213 }, "geometry": { "type": "Point", "coordinates": [ 419869.135400000028312, 9137242.616699999198318 ] } },
{ "type": "Feature", "properties": { "namobj": "SMAN 1 Sewon", "fcode": "GD01050040", "remark": null, "metadata": "BIRO ORGANISASI 2023", "srs_id": "SRGI2013 UTM49S", "fgsfnp": 999, "no": 128.0, "nama_opd": "SMAN 1 Sewon", "alamat": "Jl. Parangtritis No.Km 5, Tarudan, Bangunharjo, Kec. Sewon, Kabupaten Bantul, Daerah Istimewa Yogyakarta 55188", "kategori": "Kantor UPT Sekolah", "y": -7.842642, "x": 110.362616 }, "geometry": { "type": "Point", "coordinates": [ 429732.940799999982119, 9133044.872700000181794 ] } },
{ "type": "Feature", "properties": { "namobj": "SMAN 1 Srandakan", "fcode": "GD01050040", "remark": null, "metadata": "BIRO ORGANISASI 2023", "srs_id": "SRGI2013 UTM49S", "fgsfnp": 999, "no": 129.0, "nama_opd": "SMAN 1 Srandakan", "alamat": "Jl. Pandansimo No.KM. 1, Gn. Saren Lor, Trimurti, Kec. Srandakan, Kabupaten Bantul, Daerah Istimewa Yogyakarta 55762", "kategori": "Kantor UPT Sekolah", "y": -7.942901, "x": 110.244677 }, "geometry": { "type": "Point", "coordinates": [ 416750.416000000201166, 9121938.738800000399351 ] } },
{ "type": "Feature", "properties": { "namobj": "SMKN 1 Bantul", "fcode": "GD01050040", "remark": null, "metadata": "BIRO ORGANISASI 2023", "srs_id": "SRGI2013 UTM49S", "fgsfnp": 999, "no": 130.0, "nama_opd": "SMKN 1 Bantul", "alamat": "Jl. Parangtritis No.KM.11, Dukuh, Sabdodadi, Kec. Bantul, Kabupaten Bantul, Daerah Istimewa Yogyakarta 55715", "kategori": "Kantor UPT Sekolah", "y": -7.889493, "x": 110.355624 }, "geometry": { "type": "Point", "coordinates": [ 428970.035899999551475, 9127863.960400000214577 ] } },
{ "type": "Feature", "properties": { "namobj": "SMKN 1 Dlingo", "fcode": "GD01050040", "remark": null, "metadata": "BIRO ORGANISASI 2023", "srs_id": "SRGI2013 UTM49S", "fgsfnp": 999, "no": 131.0, "nama_opd": "SMKN 1 Dlingo", "alamat": "Jl. Patuk - Dlingo, Kapingan, Temuwuh, Kec. Dlingo, Kabupaten Bantul, Daerah Istimewa Yogyakarta 55783", "kategori": "Kantor UPT Sekolah", "y": -7.912765, "x": 110.469587 }, "geometry": { "type": "Point", "coordinates": [ 441535.965699999593198, 9125308.869999999180436 ] } },
{ "type": "Feature", "properties": { "namobj": "SMKN 1 Kasihan", "fcode": "GD01050040", "remark": null, "metadata": "BIRO ORGANISASI 2023", "srs_id": "SRGI2013 UTM49S", "fgsfnp": 999, "no": 132.0, "nama_opd": "SMKN 1 Kasihan", "alamat": "Jl. Bugisan Selatan, Jomegatan, Ngestiharjo, Kec. Kasihan, Kabupaten Bantul, Daerah Istimewa Yogyakarta 55184", "kategori": "Kantor UPT Sekolah", "y": -7.815961, "x": 110.349811 }, "geometry": { "type": "Point", "coordinates": [ 428316.679399999789894, 9135992.57740000076592 ] } },
{ "type": "Feature", "properties": { "namobj": "SMKN 2 Kasihan", "fcode": "GD01050040", "remark": null, "metadata": "BIRO ORGANISASI 2023", "srs_id": "SRGI2013 UTM49S", "fgsfnp": 999, "no": 133.0, "nama_opd": "SMKN 2 Kasihan", "alamat": "Jl. PG. Madukismo, Jomegatan, Ngestiharjo, Kec. Kasihan, Kabupaten Bantul, Daerah Istimewa Yogyakarta 55184", "kategori": "Kantor UPT Sekolah", "y": -7.814281, "x": 110.350089 }, "geometry": { "type": "Point", "coordinates": [ 428347.013199999928474, 9136178.36009999923408 ] } },
{ "type": "Feature", "properties": { "namobj": "SMKN 3 Kasihan", "fcode": "GD01050040", "remark": null, "metadata": "BIRO ORGANISASI 2023", "srs_id": "SRGI2013 UTM49S", "fgsfnp": 999, "no": 134.0, "nama_opd": "SMKN 3 Kasihan", "alamat": "Jl. Bugisan, Jomegatan, Ngestiharjo, Kec. Kasihan, Kabupaten Bantul, Daerah Istimewa Yogyakarta 55184", "kategori": "Kantor UPT Sekolah", "y": -7.815238, "x": 110.350263 }, "geometry": { "type": "Point", "coordinates": [ 428366.343500000424683, 9136072.572799999266863 ] } },
{ "type": "Feature", "properties": { "namobj": "SMKN 1 Pajangan", "fcode": "GD01050040", "remark": null, "metadata": "BIRO ORGANISASI 2023", "srs_id": "SRGI2013 UTM49S", "fgsfnp": 999, "no": 135.0, "nama_opd": "SMKN 1 Pajangan", "alamat": "Pajangan, Triwidadi, Kec. Pajangan, Kabupaten Bantul, Daerah Istimewa Yogyakarta 55751", "kategori": "Kantor UPT Sekolah", "y": -7.859681, "x": 110.265899 }, "geometry": { "type": "Point", "coordinates": [ 419073.313400000333786, 9131143.724700000137091 ] } },
{ "type": "Feature", "properties": { "namobj": "SMKN 1 Pandak", "fcode": "GD01050040", "remark": null, "metadata": "BIRO ORGANISASI 2023", "srs_id": "SRGI2013 UTM49S", "fgsfnp": 999, "no": 136.0, "nama_opd": "SMKN 1 Pandak", "alamat": "Kadekrowo, Gilangharjo, Kec. Pandak, Kabupaten Bantul, Daerah Istimewa Yogyakarta 55761", "kategori": "Kantor UPT Sekolah", "y": -7.921635, "x": 110.295751 }, "geometry": { "type": "Point", "coordinates": [ 422375.883799999952316, 9124299.793700000271201 ] } },
{ "type": "Feature", "properties": { "namobj": "SMKN 1 Pleret", "fcode": "GD01050040", "remark": null, "metadata": "BIRO ORGANISASI 2023", "srs_id": "SRGI2013 UTM49S", "fgsfnp": 999, "no": 137.0, "nama_opd": "SMKN 1 Pleret", "alamat": "Pleret, Jl. Imogiri Tim. KM.9, Jati, Wonokromo, Kec. Bantul, Kabupaten Bantul, Daerah Istimewa Yogyakarta 55791", "kategori": "Kantor UPT Sekolah", "y": -7.862352, "x": 110.388743 }, "geometry": { "type": "Point", "coordinates": [ 432616.610000000335276, 9130870.159099999815226 ] } },
{ "type": "Feature", "properties": { "namobj": "SMKN 1 Pundong", "fcode": "GD01050040", "remark": null, "metadata": "BIRO ORGANISASI 2023", "srs_id": "SRGI2013 UTM49S", "fgsfnp": 999, "no": 138.0, "nama_opd": "SMKN 1 Pundong", "alamat": "Menang, Baran, Srihardono, Kec. Pundong, Kabupaten Bantul, Daerah Istimewa Yogyakarta 55771", "kategori": "Kantor UPT Sekolah", "y": -7.947396, "x": 110.343708 }, "geometry": { "type": "Point", "coordinates": [ 427666.590699999593198, 9121460.349700000137091 ] } },
{ "type": "Feature", "properties": { "namobj": "SMKN 1 Sanden", "fcode": "GD01050040", "remark": null, "metadata": "BIRO ORGANISASI 2023", "srs_id": "SRGI2013 UTM49S", "fgsfnp": 999, "no": 139.0, "nama_opd": "SMKN 1 Sanden", "alamat": "Jl. Samas No.KM, RW.11, Ngemplak, Srigading, Kec. Sanden, Kabupaten Bantul, Daerah Istimewa Yogyakarta 55763", "kategori": "Kantor UPT Sekolah", "y": -7.98714, "x": 110.273731 }, "geometry": { "type": "Point", "coordinates": [ 419961.37540000025183, 9117053.388699999079108 ] } },
{ "type": "Feature", "properties": { "namobj": "SMKN 1 Sedayu", "fcode": "GD01050040", "remark": null, "metadata": "BIRO ORGANISASI 2023", "srs_id": "SRGI2013 UTM49S", "fgsfnp": 999, "no": 140.0, "nama_opd": "SMKN 1 Sedayu", "alamat": "Desa Argomulyo, Kec. Sedayu, Kemusuk Lor, Argomulyo, Bantul, Kabupaten Bantul, Daerah Istimewa Yogyakarta 55753", "kategori": "Kantor UPT Sekolah", "y": -7.792618, "x": 110.276007 }, "geometry": { "type": "Point", "coordinates": [ 420174.884899999946356, 9138560.022199999541044 ] } },
{ "type": "Feature", "properties": { "namobj": "SMKN 1 Sewon", "fcode": "GD01050040", "remark": null, "metadata": "BIRO ORGANISASI 2023", "srs_id": "SRGI2013 UTM49S", "fgsfnp": 999, "no": 141.0, "nama_opd": "SMKN 1 Sewon", "alamat": "Jl. Bantul KM.7, Rogoitan, Pendowoharjo, Kec. Sewon, Kabupaten Bantul, Daerah Istimewa Yogyakarta 55185", "kategori": "Kantor UPT Sekolah", "y": -7.861933, "x": 110.329461 }, "geometry": { "type": "Point", "coordinates": [ 426081.065700000151992, 9130906.427699999883771 ] } },
{ "type": "Feature", "properties": { "namobj": "SMKN 2 Sewon", "fcode": "GD01050040", "remark": null, "metadata": "BIRO ORGANISASI 2023", "srs_id": "SRGI2013 UTM49S", "fgsfnp": 999, "no": 142.0, "nama_opd": "SMKN 2 Sewon", "alamat": "Jl. Parangtritis, Timbulharjo, Sewon, Dadapan, Timbulharjo, Kec. Sewon, Kabupaten Bantul, Daerah Istimewa Yogyakarta 55186", "kategori": "Kantor UPT Sekolah", "y": -7.861965, "x": 110.35439 }, "geometry": { "type": "Point", "coordinates": [ 428829.401499999687076, 9130907.199999999254942 ] } },
{ "type": "Feature", "properties": { "namobj": "SLBN 1 Gunungkidul", "fcode": "GD01050040", "remark": null, "metadata": "BIRO ORGANISASI 2023", "srs_id": "SRGI2013 UTM49S", "fgsfnp": 999, "no": 143.0, "nama_opd": "SLBN 1 Gunungkidul", "alamat": "Jl. Pemuda No.227, Rejosari, Baleharjo, Kec. Wonosari, Kabupaten Gunung Kidul, Daerah Istimewa Yogyakarta 55851", "kategori": "Kantor UPT Sekolah", "y": -7.968614, "x": 110.610588 }, "geometry": { "type": "Point", "coordinates": [ 457083.702399999834597, 9119151.732599999755621 ] } },
{ "type": "Feature", "properties": { "namobj": "SLBN 2 Gunungkidul", "fcode": "GD01050040", "remark": null, "metadata": "BIRO ORGANISASI 2023", "srs_id": "SRGI2013 UTM49S", "fgsfnp": 999, "no": 144.0, "nama_opd": "SLBN 2 Gunungkidul", "alamat": "Bogor II, Playen, Kec. Playen, Kabupaten Gunung Kidul, Daerah Istimewa Yogyakarta 55861", "kategori": "Kantor UPT Sekolah", "y": -7.950345, "x": 110.568029 }, "geometry": { "type": "Point", "coordinates": [ 452391.210400000214577, 9121166.809100000187755 ] } },
{ "type": "Feature", "properties": { "namobj": "SMAN 1 Wonosari", "fcode": "GD01050040", "remark": null, "metadata": "BIRO ORGANISASI 2023", "srs_id": "SRGI2013 UTM49S", "fgsfnp": 999, "no": 145.0, "nama_opd": "SMAN 1 Wonosari", "alamat": "Jl. Brigjen Katamso No.04, Trimulyo I, Kepek, Kec. Wonosari, Kabupaten Gunung Kidul, Daerah Istimewa Yogyakarta 55813", "kategori": "Kantor UPT Sekolah", "y": -7.9653, "x": 110.598824 }, "geometry": { "type": "Point", "coordinates": [ 455786.83600000012666, 9119516.82179999910295 ] } },
{ "type": "Feature", "properties": { "namobj": "SMAN 2 Wonosari", "fcode": "GD01050040", "remark": null, "metadata": "BIRO ORGANISASI 2023", "srs_id": "SRGI2013 UTM49S", "fgsfnp": 999, "no": 146.0, "nama_opd": "SMAN 2 Wonosari", "alamat": "Jl. Ki Ageng Giring No.3, Trimulyo II, Kepek, Kec. Wonosari, Kabupaten Gunung Kidul, Daerah Istimewa Yogyakarta 55813", "kategori": "Kantor UPT Sekolah", "y": -7.969982, "x": 110.594127 }, "geometry": { "type": "Point", "coordinates": [ 455269.750300000421703, 9118998.726199999451637 ] } },
{ "type": "Feature", "properties": { "namobj": "SMAN 1 Karangmojo", "fcode": "GD01050040", "remark": null, "metadata": "BIRO ORGANISASI 2023", "srs_id": "SRGI2013 UTM49S", "fgsfnp": 999, "no": 147.0, "nama_opd": "SMAN 1 Karangmojo", "alamat": "Jalan Karangmojo - Semanu, Coyudan, Ngipak, Karangmojo, Coyudan 1, Ngipak, Karangmojo, Gunung Kidul Regency, Special Region of Yogyakarta 55891", "kategori": "Kantor UPT Sekolah", "y": -7.966079, "x": 110.672646 }, "geometry": { "type": "Point", "coordinates": [ 463922.955500000156462, 9119437.860500000417233 ] } },
{ "type": "Feature", "properties": { "namobj": "SMAN 1 Panggang", "fcode": "GD01050040", "remark": null, "metadata": "BIRO ORGANISASI 2023", "srs_id": "SRGI2013 UTM49S", "fgsfnp": 999, "no": 148.0, "nama_opd": "SMAN 1 Panggang", "alamat": "Pudak, Giriwungu, Kec. Panggang, Kabupaten Gunung Kidul, Daerah Istimewa Yogyakarta 55872", "kategori": "Kantor UPT Sekolah", "y": -8.021819, "x": 110.420845 }, "geometry": { "type": "Point", "coordinates": [ 436180.206199999898672, 9113244.994100000709295 ] } },
{ "type": "Feature", "properties": { "namobj": "SMAN 1 Patuk", "fcode": "GD01050040", "remark": null, "metadata": "BIRO ORGANISASI 2023", "srs_id": "SRGI2013 UTM49S", "fgsfnp": 999, "no": 149.0, "nama_opd": "SMAN 1 Patuk", "alamat": "SMAN 1, Sama, Bunder, Kec. Patuk, Kabupaten Gunung Kidul, Daerah Istimewa Yogyakarta 55862", "kategori": "Kantor UPT Sekolah", "y": -7.875755, "x": 110.542796 }, "geometry": { "type": "Point", "coordinates": [ 449601.104500000365078, 9129410.073100000619888 ] } },
{ "type": "Feature", "properties": { "namobj": "SMAN 1 Playen", "fcode": "GD01050040", "remark": null, "metadata": "BIRO ORGANISASI 2023", "srs_id": "SRGI2013 UTM49S", "fgsfnp": 999, "no": 150.0, "nama_opd": "SMAN 1 Playen", "alamat": "Jl. Playen Paliyan No.KM 3, Toboya Barat, Plembutan, Kec. Playen, Kabupaten Gunung Kidul, Daerah Istimewa Yogyakarta 55861", "kategori": "Kantor UPT Sekolah", "y": -7.966194, "x": 110.544853 }, "geometry": { "type": "Point", "coordinates": [ 449838.813500000163913, 9119411.856499999761581 ] } },
{ "type": "Feature", "properties": { "namobj": "SMAN 2 Playen", "fcode": "GD01050040", "remark": null, "metadata": "BIRO ORGANISASI 2023", "srs_id": "SRGI2013 UTM49S", "fgsfnp": 999, "no": 151.0, "nama_opd": "SMAN 2 Playen", "alamat": "Jl. Wonosari-Yogyakarta No.Km 04, Plumbon Kidul, Logandeng, Kec. Playen, Regency, Daerah Istimewa Yogyakarta 55861", "kategori": "Kantor UPT Sekolah", "y": -7.937327, "x": 110.573928 }, "geometry": { "type": "Point", "coordinates": [ 453039.852099999785423, 9122606.613800000399351 ] } },
{ "type": "Feature", "properties": { "namobj": "SMAN 1 Rongkop", "fcode": "GD01050040", "remark": null, "metadata": "BIRO ORGANISASI 2023", "srs_id": "SRGI2013 UTM49S", "fgsfnp": 999, "no": 152.0, "nama_opd": "SMAN 1 Rongkop", "alamat": "25, Jl. Sadeng No.KM, Purworejo, Semugih, Kec. Rongkop, Kabupaten Gunung Kidul, Daerah Istimewa Yogyakarta 55883", "kategori": "Kantor UPT Sekolah", "y": -8.065973, "x": 110.757657 }, "geometry": { "type": "Point", "coordinates": [ 473298.503899999894202, 9108400.844000000506639 ] } },
{ "type": "Feature", "properties": { "namobj": "SMAN 1 Semanu", "fcode": "GD01050040", "remark": null, "metadata": "BIRO ORGANISASI 2023", "srs_id": "SRGI2013 UTM49S", "fgsfnp": 999, "no": 153.0, "nama_opd": "SMAN 1 Semanu", "alamat": "XJRW+266, Jl. Raya Semanu-Candirejo, Seman, Semanu, Kec. Semanu, Kabupaten Gunung Kidul, Daerah Istimewa Yogyakarta 55893", "kategori": "Kantor UPT Sekolah", "y": -8.009942, "x": 110.645528 }, "geometry": { "type": "Point", "coordinates": [ 460938.425499999895692, 9114586.248099999502301 ] } },
{ "type": "Feature", "properties": { "namobj": "SMAN 1 Semin", "fcode": "GD01050040", "remark": null, "metadata": "BIRO ORGANISASI 2023", "srs_id": "SRGI2013 UTM49S", "fgsfnp": 999, "no": 154.0, "nama_opd": "SMAN 1 Semin", "alamat": "4PVP+83Q, Keringan Kidul, Bulurejo, Kec. Semin, Kabupaten Gunung Kidul, Daerah Istimewa Yogyakarta 55854", "kategori": "Kantor UPT Sekolah", "y": -7.85664, "x": 110.73523 }, "geometry": { "type": "Point", "coordinates": [ 470812.610299999825656, 9131541.504599999636412 ] } },
{ "type": "Feature", "properties": { "namobj": "SMAN 1 Tanjungsari", "fcode": "GD01050040", "remark": null, "metadata": "BIRO ORGANISASI 2023", "srs_id": "SRGI2013 UTM49S", "fgsfnp": 999, "no": 155.0, "nama_opd": "SMAN 1 Tanjungsari", "alamat": "Glagah, Kemiri, Kec. Tanjungsari, Kabupaten Gunung Kidul, Daerah Istimewa Yogyakarta 55881", "kategori": "Kantor UPT Sekolah", "y": -8.063404, "x": 110.577489 }, "geometry": { "type": "Point", "coordinates": [ 453446.662399999797344, 9108668.707599999383092 ] } },
{ "type": "Feature", "properties": { "namobj": "SMKN 1 Wonosari", "fcode": "GD01050040", "remark": null, "metadata": "BIRO ORGANISASI 2023", "srs_id": "SRGI2013 UTM49S", "fgsfnp": 999, "no": 156.0, "nama_opd": "SMKN 1 Wonosari", "alamat": "Jl. Veteran, Madusari, Wonosari, Kec. Wonosari, Kabupaten Gunung Kidul, Daerah Istimewa Yogyakarta 55813", "kategori": "Kantor UPT Sekolah", "y": -7.966204, "x": 110.600194 }, "geometry": { "type": "Point", "coordinates": [ 455937.986399999819696, 9119417.050599999725819 ] } },
{ "type": "Feature", "properties": { "namobj": "SMKN 2 Wonosari", "fcode": "GD01050040", "remark": null, "metadata": "BIRO ORGANISASI 2023", "srs_id": "SRGI2013 UTM49S", "fgsfnp": 999, "no": 157.0, "nama_opd": "SMKN 2 Wonosari", "alamat": "Jl. KH Agus Salim No.116, Ledoksari, Kepek, Kec. Wonosari, Kabupaten Gunung Kidul, Daerah Istimewa Yogyakarta 55813", "kategori": "Kantor UPT Sekolah", "y": -7.958505, "x": 110.593826 }, "geometry": { "type": "Point", "coordinates": [ 455235.306499999947846, 9120267.569499999284744 ] } },
{ "type": "Feature", "properties": { "namobj": "SMKN 3 Wonosari", "fcode": "GD01050040", "remark": null, "metadata": "BIRO ORGANISASI 2023", "srs_id": "SRGI2013 UTM49S", "fgsfnp": 999, "no": 158.0, "nama_opd": "SMKN 3 Wonosari", "alamat": "2JP5+Q5H, Jl. Pramuka, Tawarsari, Wonosari, Kec. Wonosari, Kabupaten Gunung Kidul, Daerah Istimewa Yogyakarta 55851", "kategori": "Kantor UPT Sekolah", "y": -7.963055, "x": 110.607955 }, "geometry": { "type": "Point", "coordinates": [ 456792.951299999840558, 9119766.016100000590086 ] } },
{ "type": "Feature", "properties": { "namobj": "SMKN 1 Gedangsari", "fcode": "GD01050040", "remark": null, "metadata": "BIRO ORGANISASI 2023", "srs_id": "SRGI2013 UTM49S", "fgsfnp": 999, "no": 159.0, "nama_opd": "SMKN 1 Gedangsari", "alamat": "Bulu, Hargomulyo, Kec. Gedang Sari, Kabupaten Gunung Kidul, Daerah Istimewa Yogyakarta 55863", "kategori": "Kantor UPT Sekolah", "y": -7.844115, "x": 110.592678 }, "geometry": { "type": "Point", "coordinates": [ 455096.408599999733269, 9132913.6418999992311 ] } },
{ "type": "Feature", "properties": { "namobj": "SMKN 2 Gedangsari", "fcode": "GD01050040", "remark": null, "metadata": "BIRO ORGANISASI 2023", "srs_id": "SRGI2013 UTM49S", "fgsfnp": 999, "no": 160.0, "nama_opd": "SMKN 2 Gedangsari", "alamat": "D.I.Y, RT.02/RW07, Prengguk, Tegalrejo, Kec. Gedang Sari, Kabupaten Gunung Kidul, Daerah Istimewa Yogyakarta 55863", "kategori": "Kantor UPT Sekolah", "y": -7.801099, "x": 110.632413 }, "geometry": { "type": "Point", "coordinates": [ 459472.769500000402331, 9137673.253000000491738 ] } },
{ "type": "Feature", "properties": { "namobj": "SMKN 1 Girisubo", "fcode": "GD01050040", "remark": null, "metadata": "BIRO ORGANISASI 2023", "srs_id": "SRGI2013 UTM49S", "fgsfnp": 999, "no": 161.0, "nama_opd": "SMKN 1 Girisubo", "alamat": "RPX7+J7M, Jepitu, Kec. Girisubo, Kabupaten Gunung Kidul, Daerah Istimewa Yogyakarta 55883", "kategori": "Kantor UPT Sekolah", "y": -8.150903, "x": 110.713176 }, "geometry": { "type": "Point", "coordinates": [ 468404.106100000441074, 9099008.33699999935925 ] } },
{ "type": "Feature", "properties": { "namobj": "SMKN 1 Ngawen", "fcode": "GD01050040", "remark": null, "metadata": "BIRO ORGANISASI 2023", "srs_id": "SRGI2013 UTM49S", "fgsfnp": 999, "no": 162.0, "nama_opd": "SMKN 1 Ngawen", "alamat": "Pilangsari, Ngerangan, Kec. Ngawen, Kabupaten Gunung Kidul, Daerah Istimewa Yogyakarta", "kategori": "Kantor UPT Sekolah", "y": -7.800995, "x": 110.676609 }, "geometry": { "type": "Point", "coordinates": [ 464345.579699999652803, 9137688.739399999380112 ] } },
{ "type": "Feature", "properties": { "namobj": "SMKN 1 Nglipar", "fcode": "GD01050040", "remark": null, "metadata": "BIRO ORGANISASI 2023", "srs_id": "SRGI2013 UTM49S", "fgsfnp": 999, "no": 163.0, "nama_opd": "SMKN 1 Nglipar", "alamat": "Jl. Nglipar Ngawen KM.6, Pilangrejo, Kec. Nglipar, Kabupaten Gunung Kidul, Daerah Istimewa Yogyakarta 55852", "kategori": "Kantor UPT Sekolah", "y": -7.859684, "x": 110.641573 }, "geometry": { "type": "Point", "coordinates": [ 460488.258399999700487, 9131197.310100000351667 ] } },
{ "type": "Feature", "properties": { "namobj": "SMKN 1 Ponjong", "fcode": "GD01050040", "remark": null, "metadata": "BIRO ORGANISASI 2023", "srs_id": "SRGI2013 UTM49S", "fgsfnp": 999, "no": 164.0, "nama_opd": "SMKN 1 Ponjong", "alamat": "JL. Wonosari - Baran, Ponjong, Ngala Sombo, Bedoyo, Kec. Ponjong, Kabupaten Gunung Kidul, Daerah Istimewa Yogyakarta 55892", "kategori": "Kantor UPT Sekolah", "y": -8.016003, "x": 110.734892 }, "geometry": { "type": "Point", "coordinates": [ 470786.640100000426173, 9113923.5197 ] } },
{ "type": "Feature", "properties": { "namobj": "SMKN 1 Purwosari", "fcode": "GD01050040", "remark": null, "metadata": "BIRO ORGANISASI 2023", "srs_id": "SRGI2013 UTM49S", "fgsfnp": 999, "no": 165.0, "nama_opd": "SMKN 1 Purwosari", "alamat": "Jl. Panggang Parang Tritis, Sumur, Giripurwo, Kec. Purwosari, Kabupaten Gunung Kidul, Daerah Istimewa Yogyakarta 55872", "kategori": "Kantor UPT Sekolah", "y": -8.024829, "x": 110.407689 }, "geometry": { "type": "Point", "coordinates": [ 434730.85120000038296, 9112910.214600000530481 ] } },
{ "type": "Feature", "properties": { "namobj": "SMKN 1 Saptosari", "fcode": "GD01050040", "remark": null, "metadata": "BIRO ORGANISASI 2023", "srs_id": "SRGI2013 UTM49S", "fgsfnp": 999, "no": 166.0, "nama_opd": "SMKN 1 Saptosari", "alamat": "JL. Wonosari-Panggang, Km 22, Saptosari, Gunung Kidul, Kepek, Kec. Saptosari, Kabupaten Gunung Kidul, Daerah Istimewa Yogyakarta 55871", "kategori": "Kantor UPT Sekolah", "y": -8.047334, "x": 110.510572 }, "geometry": { "type": "Point", "coordinates": [ 446071.305200000293553, 9110437.022600000724196 ] } },
{ "type": "Feature", "properties": { "namobj": "SMKN 1 Tanjungsari", "fcode": "GD01050040", "remark": null, "metadata": "BIRO ORGANISASI 2023", "srs_id": "SRGI2013 UTM49S", "fgsfnp": 999, "no": 167.0, "nama_opd": "SMKN 1 Tanjungsari", "alamat": "Jl. Baron, Rejosari, Kemadang, Kec. Tanjungsari, Kabupaten Gunung Kidul, Daerah Istimewa Yogyakarta 55881", "kategori": "Kantor UPT Sekolah", "y": -8.113107, "x": 110.562071 }, "geometry": { "type": "Point", "coordinates": [ 451753.753200000151992, 9103171.887599999085069 ] } },
{ "type": "Feature", "properties": { "namobj": "SMKN 1 Tepus", "fcode": "GD01050040", "remark": null, "metadata": "BIRO ORGANISASI 2023", "srs_id": "SRGI2013 UTM49S", "fgsfnp": 999, "no": 168.0, "nama_opd": "SMKN 1 Tepus", "alamat": "Jl. Tepus No.17, Pule Ireng, Sidoharjo, Kec. Tepus, Kabupaten Gunung Kidul, Daerah Istimewa Yogyakarta 55881", "kategori": "Kantor UPT Sekolah", "y": -8.114556, "x": 110.634026 }, "geometry": { "type": "Point", "coordinates": [ 459681.237999999895692, 9103019.614099999889731 ] } },
{ "type": "Feature", "properties": { "namobj": "SLBN 1 Kulon Progo", "fcode": "GD01050040", "remark": null, "metadata": "BIRO ORGANISASI 2023", "srs_id": "SRGI2013 UTM49S", "fgsfnp": 999, "no": 169.0, "nama_opd": "SLBN 1 Kulon Progo", "alamat": "Krebet, Gotakan, Kec. Panjatan, Kabupaten Kulon Progo, Daerah Istimewa Yogyakarta 55655", "kategori": "Kantor UPT Sekolah", "y": -7.896544, "x": 110.15995 }, "geometry": { "type": "Point", "coordinates": [ 407400.978000000119209, 9127046.1151 ] } },
{ "type": "Feature", "properties": { "namobj": "SMAN 1 Wates", "fcode": "GD01050040", "remark": null, "metadata": "BIRO ORGANISASI 2023", "srs_id": "SRGI2013 UTM49S", "fgsfnp": 999, "no": 170.0, "nama_opd": "SMAN 1 Wates", "alamat": "Jl. Terbahsari No.1, Terbah, Wates, Kec. Wates, Kabupaten Kulon Progo, Daerah Istimewa Yogyakarta 55651", "kategori": "Kantor UPT Sekolah", "y": -7.855112, "x": 110.158477 }, "geometry": { "type": "Point", "coordinates": [ 407229.361200000159442, 9131626.624500000849366 ] } },
{ "type": "Feature", "properties": { "namobj": "SMAN 2 Wates", "fcode": "GD01050040", "remark": null, "metadata": "BIRO ORGANISASI 2023", "srs_id": "SRGI2013 UTM49S", "fgsfnp": 999, "no": 171.0, "nama_opd": "SMAN 2 Wates", "alamat": "Jl. KH. Wahid Hasyim No.19, Sanggrahan Kidul, Bendungan, Kec. Wates, Kabupaten Kulon Progo, Daerah Istimewa Yogyakarta 55651", "kategori": "Kantor UPT Sekolah", "y": -7.894243, "x": 110.146649 }, "geometry": { "type": "Point", "coordinates": [ 405934.177600000053644, 9127297.546800000593066 ] } },
{ "type": "Feature", "properties": { "namobj": "SMAN 1 Pengasih", "fcode": "GD01050040", "remark": null, "metadata": "BIRO ORGANISASI 2023", "srs_id": "SRGI2013 UTM49S", "fgsfnp": 999, "no": 172.0, "nama_opd": "SMAN 1 Pengasih", "alamat": "45VF+3R3, Gn. Gondang, Margosari, Kec. Pengasih, Kabupaten Kulon Progo, Daerah Istimewa Yogyakarta 55652", "kategori": "Kantor UPT Sekolah", "y": -7.857345, "x": 110.174535 }, "geometry": { "type": "Point", "coordinates": [ 409000.269299999810755, 9131383.181600000709295 ] } },
{ "type": "Feature", "properties": { "namobj": "SMAN 1 Galur", "fcode": "GD01050040", "remark": null, "metadata": "BIRO ORGANISASI 2023", "srs_id": "SRGI2013 UTM49S", "fgsfnp": 999, "no": 173.0, "nama_opd": "SMAN 1 Galur", "alamat": "3682+6MX, Barahan, Tirtorahayu, Kec. Galur, Kabupaten Kulon Progo, Daerah Istimewa Yogyakarta 55661", "kategori": "Kantor UPT Sekolah", "y": -7.93438, "x": 110.201724 }, "geometry": { "type": "Point", "coordinates": [ 412014.080099999904633, 9122871.940199999138713 ] } },
{ "type": "Feature", "properties": { "namobj": "SMAN 1 Girimulyo", "fcode": "GD01050040", "remark": null, "metadata": "BIRO ORGANISASI 2023", "srs_id": "SRGI2013 UTM49S", "fgsfnp": 999, "no": 174.0, "nama_opd": "SMAN 1 Girimulyo", "alamat": "65GR+MQ2, Grigak, Giripurwo, Kec. Girimulyo, Kabupaten Kulon Progo, Daerah Istimewa Yogyakarta 55674", "kategori": "Kantor UPT Sekolah", "y": -7.773188, "x": 110.191942 }, "geometry": { "type": "Point", "coordinates": [ 410901.5472999997437, 9140691.448300000280142 ] } },
{ "type": "Feature", "properties": { "namobj": "SMAN 1 Kalibawang", "fcode": "GD01050040", "remark": null, "metadata": "BIRO ORGANISASI 2023", "srs_id": "SRGI2013 UTM49S", "fgsfnp": 999, "no": 175.0, "nama_opd": "SMAN 1 Kalibawang", "alamat": "Jl. Dekso-Samigaluh No.KM 1, Kriyan, Banjararum, Kec. Kalibawang, Kabupaten Kulon Progo, Daerah Istimewa Yogyakarta 55672", "kategori": "Kantor UPT Sekolah", "y": -7.712785, "x": 110.215611 }, "geometry": { "type": "Point", "coordinates": [ 413499.1579, 9147374.485600000247359 ] } },
{ "type": "Feature", "properties": { "namobj": "SMAN 1 Kokap", "fcode": "GD01050040", "remark": null, "metadata": "BIRO ORGANISASI 2023", "srs_id": "SRGI2013 UTM49S", "fgsfnp": 999, "no": 176.0, "nama_opd": "SMAN 1 Kokap", "alamat": "536W+9XH, Ngaseman, Hargorejo, Kec. Kokap, Kabupaten Kulon Progo, Daerah Istimewa Yogyakarta 55653", "kategori": "Kantor UPT Sekolah", "y": -7.839041, "x": 110.097472 }, "geometry": { "type": "Point", "coordinates": [ 400499.792100000195205, 9133389.418299999088049 ] } },
{ "type": "Feature", "properties": { "namobj": "SMAN 1 Lendah", "fcode": "GD01050040", "remark": null, "metadata": "BIRO ORGANISASI 2023", "srs_id": "SRGI2013 UTM49S", "fgsfnp": 999, "no": 177.0, "nama_opd": "SMAN 1 Lendah", "alamat": "36CJ+4QH, Botokan, Jatirejo, Kec. Lendah, Kabupaten Kulon Progo, Daerah Istimewa Yogyakarta 55663", "kategori": "Kantor UPT Sekolah", "y": -7.929676, "x": 110.231983 }, "geometry": { "type": "Point", "coordinates": [ 415348.462500000372529, 9123398.23450000025332 ] } },
{ "type": "Feature", "properties": { "namobj": "SMAN 1 Samigaluh", "fcode": "GD01050040", "remark": null, "metadata": "BIRO ORGANISASI 2023", "srs_id": "SRGI2013 UTM49S", "fgsfnp": 999, "no": 178.0, "nama_opd": "SMAN 1 Samigaluh", "alamat": "85Q6+9G4, Nguntuk Untuk, Ngargosari, Kec. Samigaluh, Kabupaten Kulon Progo, Daerah Istimewa Yogyakarta 55673", "kategori": "Kantor UPT Sekolah", "y": -7.661613, "x": 110.161332 }, "geometry": { "type": "Point", "coordinates": [ 407501.855200000107288, 9153020.775900000706315 ] } },
{ "type": "Feature", "properties": { "namobj": "SMAN 1 Sentolo", "fcode": "GD01050040", "remark": null, "metadata": "BIRO ORGANISASI 2023", "srs_id": "SRGI2013 UTM49S", "fgsfnp": 999, "no": 179.0, "nama_opd": "SMAN 1 Sentolo", "alamat": "56MG+JQP, Ploso, Banguncipto, Kec. Sentolo, Kabupaten Kulon Progo, Daerah Istimewa Yogyakarta 55664", "kategori": "Kantor UPT Sekolah", "y": -7.815894, "x": 110.226959 }, "geometry": { "type": "Point", "coordinates": [ 414771.4693, 9135977.05629999935627 ] } },
{ "type": "Feature", "properties": { "namobj": "SMAN 1 Temon", "fcode": "GD01050040", "remark": null, "metadata": "BIRO ORGANISASI 2023", "srs_id": "SRGI2013 UTM49S", "fgsfnp": 999, "no": 180.0, "nama_opd": "SMAN 1 Temon", "alamat": "Jl. Purworejo - Jogja No.Km. 40, Kadilangu Lor, Kebonrejo, Kec. Temon, Kabupaten Kulon Progo, Daerah Istimewa Yogyakarta 55654", "kategori": "Kantor UPT Sekolah", "y": -7.879581, "x": 110.07281 }, "geometry": { "type": "Point", "coordinates": [ 397790.525200000032783, 9128901.25760000012815 ] } },
{ "type": "Feature", "properties": { "namobj": "SMKN 1 Girimulyo", "fcode": "GD01050040", "remark": null, "metadata": "BIRO ORGANISASI 2023", "srs_id": "SRGI2013 UTM49S", "fgsfnp": 999, "no": 181.0, "nama_opd": "SMKN 1 Girimulyo", "alamat": "Sokomoyo, Jatimulyo, Kec. Girimulyo, Kabupaten Kulon Progo, Daerah Istimewa Yogyakarta 54175", "kategori": "Kantor UPT Sekolah", "y": -7.751123, "x": 110.124791 }, "geometry": { "type": "Point", "coordinates": [ 403491.63150000013411, 9143116.307600000873208 ] } },
{ "type": "Feature", "properties": { "namobj": "SMKN 1 Kokap", "fcode": "GD01050040", "remark": null, "metadata": "BIRO ORGANISASI 2023", "srs_id": "SRGI2013 UTM49S", "fgsfnp": 999, "no": 182.0, "nama_opd": "SMKN 1 Kokap", "alamat": "44M5+V9W, JL, Selo Timur, Hargorejo, Kec. Kokap, Kabupaten Kulon Progo, Daerah Istimewa Yogyakarta 55653", "kategori": "Kantor UPT Sekolah", "y": -7.865275, "x": 110.108465 }, "geometry": { "type": "Point", "coordinates": [ 401717.972199999727309, 9130491.5153 ] } },
{ "type": "Feature", "properties": { "namobj": "SMKN 1 Pengasih", "fcode": "GD01050040", "remark": null, "metadata": "BIRO ORGANISASI 2023", "srs_id": "SRGI2013 UTM49S", "fgsfnp": 999, "no": 183.0, "nama_opd": "SMKN 1 Pengasih", "alamat": "Jl. Kawijo No.11, Pengasih, Kec. Pengasih, Kabupaten Kulon Progo, Daerah Istimewa Yogyakarta 55652", "kategori": "Kantor UPT Sekolah", "y": -7.847831, "x": 110.168049 }, "geometry": { "type": "Point", "coordinates": [ 408283.137299999594688, 9132433.668800000101328 ] } },
{ "type": "Feature", "properties": { "namobj": "SMKN 2 Pengasih", "fcode": "GD01050040", "remark": null, "metadata": "BIRO ORGANISASI 2023", "srs_id": "SRGI2013 UTM49S", "fgsfnp": 999, "no": 184.0, "nama_opd": "SMKN 2 Pengasih", "alamat": "Jl. KRT Kertodiningrat, Gn. Gondang, Margosari, Kec. Pengasih, Kabupaten Kulon Progo, Daerah Istimewa Yogyakarta 55652", "kategori": "Kantor UPT Sekolah", "y": -7.858382, "x": 110.174722 }, "geometry": { "type": "Point", "coordinates": [ 409021.10219999961555, 9131268.568199999630451 ] } },
{ "type": "Feature", "properties": { "namobj": "SMKN 1 Nanggulan", "fcode": "GD01050040", "remark": null, "metadata": "BIRO ORGANISASI 2023", "srs_id": "SRGI2013 UTM49S", "fgsfnp": 999, "no": 185.0, "nama_opd": "SMKN 1 Nanggulan", "alamat": "6689+J66, Jl. Gadjah Mada, Wijimulyo, Nanggulan, Kabupaten Kulon Progo, Daerah Istimewa Yogyakarta 55671", "kategori": "Kantor UPT Sekolah", "y": -7.783495, "x": 110.218031 }, "geometry": { "type": "Point", "coordinates": [ 413780.428000000305474, 9139557.263000000268221 ] } },
{ "type": "Feature", "properties": { "namobj": "SMKN 1 Panjatan", "fcode": "GD01050040", "remark": null, "metadata": "BIRO ORGANISASI 2023", "srs_id": "SRGI2013 UTM49S", "fgsfnp": 999, "no": 186.0, "nama_opd": "SMKN 1 Panjatan", "alamat": "Jl. Cerme, Dusun X, Cerme, Kec. Panjatan, Kabupaten Kulon Progo, Daerah Istimewa Yogyakarta 55655", "kategori": "Kantor UPT Sekolah", "y": -7.902681, "x": 110.177245 }, "geometry": { "type": "Point", "coordinates": [ 409308.887400000356138, 9126371.352900000289083 ] } },
{ "type": "Feature", "properties": { "namobj": "SMKN 1 Samigaluh", "fcode": "GD01050040", "remark": null, "metadata": "BIRO ORGANISASI 2023", "srs_id": "SRGI2013 UTM49S", "fgsfnp": 999, "no": 187.0, "nama_opd": "SMKN 1 Samigaluh", "alamat": "84GM+2QP, Kalirejo Utara, Pagerharjo, Kec. Samigaluh, Kabupaten Kulon Progo, Daerah Istimewa Yogyakarta 55673", "kategori": "Kantor UPT Sekolah", "y": -7.674885, "x": 110.134342 }, "geometry": { "type": "Point", "coordinates": [ 404527.900600000284612, 9151547.56220000050962 ] } },
{ "type": "Feature", "properties": { "namobj": "SMKN 1 Temon", "fcode": "GD01050040", "remark": null, "metadata": "BIRO ORGANISASI 2023", "srs_id": "SRGI2013 UTM49S", "fgsfnp": 999, "no": 188.0, "nama_opd": "SMKN 1 Temon", "alamat": "434Q+7VG, Jl. Glagah, Sidatan, Glagah, Kec. Temon, Kabupaten Kulon Progo, Daerah Istimewa Yogyakarta 55654", "kategori": "Kantor UPT Sekolah", "y": -7.894306, "x": 110.089744 }, "geometry": { "type": "Point", "coordinates": [ 399661.055100000463426, 9127277.283099999651313 ] } },
{ "type": "Feature", "properties": { "namobj": "SLBN 1 Sleman", "fcode": "GD01050040", "remark": null, "metadata": "BIRO ORGANISASI 2023", "srs_id": "SRGI2013 UTM49S", "fgsfnp": 999, "no": 189.0, "nama_opd": "SLBN 1 Sleman", "alamat": "Jl. Kaliurang No.Km.17, 5, Area Sawah, Pakembinangun, Kec. Pakem, Kabupaten Sleman, Daerah Istimewa Yogyakarta 55582", "kategori": "Kantor UPT Sekolah", "y": -7.664093, "x": 110.423913 }, "geometry": { "type": "Point", "coordinates": [ 436464.038399999961257, 9152794.32740000076592 ] } },
{ "type": "Feature", "properties": { "namobj": "SMAN 1 Cangkringan", "fcode": "GD01050040", "remark": null, "metadata": "BIRO ORGANISASI 2023", "srs_id": "SRGI2013 UTM49S", "fgsfnp": 999, "no": 190.0, "nama_opd": "SMAN 1 Cangkringan", "alamat": "Jl. Raya Merapi Golf No.3, Bedoyo, Wukirsari, Kec. Cangkringan, Kabupaten Sleman, Daerah Istimewa Yogyakarta 55583", "kategori": "Kantor UPT Sekolah", "y": -7.649704, "x": 110.433563 }, "geometry": { "type": "Point", "coordinates": [ 437526.233099999837577, 9154386.500499999150634 ] } },
{ "type": "Feature", "properties": { "namobj": "SMAN 1 Depok", "fcode": "GD01050040", "remark": null, "metadata": "BIRO ORGANISASI 2023", "srs_id": "SRGI2013 UTM49S", "fgsfnp": 999, "no": 191.0, "nama_opd": "SMAN 1 Depok", "alamat": "6CG7+C3F, Jl.Babarsari, Kel. Caturtunggal, Kec. Depok, Kab. Sleman, Tambak Bayan, Caturtunggal, Sleman, Kabupaten Sleman, Daerah Istimewa Yogyakarta 55281", "kategori": "Kantor UPT Sekolah", "y": -7.77393, "x": 110.412712 }, "geometry": { "type": "Point", "coordinates": [ 435245.323099999688566, 9140649.473899999633431 ] } },
{ "type": "Feature", "properties": { "namobj": "SMAN 1 Gamping", "fcode": "GD01050040", "remark": null, "metadata": "BIRO ORGANISASI 2023", "srs_id": "SRGI2013 UTM49S", "fgsfnp": 999, "no": 192.0, "nama_opd": "SMAN 1 Gamping", "alamat": "Jl. Tegalyoso, Area Sawah, Banyuraden, Kec. Gamping, Kabupaten Sleman, Daerah Istimewa Yogyakarta 55293", "kategori": "Kantor UPT Sekolah", "y": -7.788283, "x": 110.334892 }, "geometry": { "type": "Point", "coordinates": [ 426666.941300000064075, 9139049.940400000661612 ] } },
{ "type": "Feature", "properties": { "namobj": "SMAN 1 Godean", "fcode": "GD01050040", "remark": null, "metadata": "BIRO ORGANISASI 2023", "srs_id": "SRGI2013 UTM49S", "fgsfnp": 999, "no": 193.0, "nama_opd": "SMAN 1 Godean", "alamat": "Jl. Sidokarto No.5, Area Sawah, Sidokarto, Kec. Godean, Kabupaten Sleman, Daerah Istimewa Yogyakarta 55564", "kategori": "Kantor UPT Sekolah", "y": -7.772049, "x": 110.306494 }, "geometry": { "type": "Point", "coordinates": [ 423532.741600000299513, 9140839.731300000101328 ] } },
{ "type": "Feature", "properties": { "namobj": "SMAN 1 Kalasan", "fcode": "GD01050040", "remark": null, "metadata": "BIRO ORGANISASI 2023", "srs_id": "SRGI2013 UTM49S", "fgsfnp": 999, "no": 194.0, "nama_opd": "SMAN 1 Kalasan", "alamat": "6FRM+RCR, Jl. Daeng, Kepatihan, Tamanmartani, Kec. Kalasan, Kabupaten Sleman, Daerah Istimewa Yogyakarta 55571", "kategori": "Kantor UPT Sekolah", "y": -7.757865, "x": 110.483529 }, "geometry": { "type": "Point", "coordinates": [ 443051.764299999922514, 9142435.72749999910593 ] } },
{ "type": "Feature", "properties": { "namobj": "SMAN 1 Minggir", "fcode": "GD01050040", "remark": null, "metadata": "BIRO ORGANISASI 2023", "srs_id": "SRGI2013 UTM49S", "fgsfnp": 999, "no": 195.0, "nama_opd": "SMAN 1 Minggir", "alamat": "66WJ+QWC, Pakeran, Sendangmulyo, Minggir, Sembuhan Lor, Sendangmulyo, Kec. Minggir, Kabupaten Sleman, Daerah Istimewa Yogyakarta 55562", "kategori": "Kantor UPT Sekolah", "y": -7.753039, "x": 110.232258 }, "geometry": { "type": "Point", "coordinates": [ 415343.0954, 9142927.431399999186397 ] } },
{ "type": "Feature", "properties": { "namobj": "SMAN 1 Mlati", "fcode": "GD01050040", "remark": null, "metadata": "BIRO ORGANISASI 2023", "srs_id": "SRGI2013 UTM49S", "fgsfnp": 999, "no": 196.0, "nama_opd": "SMAN 1 Mlati", "alamat": "788H+FPX, Jl. Cebongan, Area Sawah, Tlogoadi, Kec. Mlati, Kabupaten Sleman, Daerah Istimewa Yogyakarta 55286", "kategori": "Kantor UPT Sekolah", "y": -7.733745, "x": 110.329372 }, "geometry": { "type": "Point", "coordinates": [ 426048.786600000225008, 9145078.609200000762939 ] } },
{ "type": "Feature", "properties": { "namobj": "SMAN 1 Ngaglik", "fcode": "GD01050040", "remark": null, "metadata": "BIRO ORGANISASI 2023", "srs_id": "SRGI2013 UTM49S", "fgsfnp": 999, "no": 197.0, "nama_opd": "SMAN 1 Ngaglik", "alamat": "Jl. Palagan Tentara Pelajar No.km 13,5, Kasenan, Donoharjo, Kec. Ngaglik, Kabupaten Sleman, Daerah Istimewa Yogyakarta 55581", "kategori": "Kantor UPT Sekolah", "y": -7.687207, "x": 110.388382 }, "geometry": { "type": "Point", "coordinates": [ 432548.833499999716878, 9150233.534900000318885 ] } },
{ "type": "Feature", "properties": { "namobj": "SMAN 2 Ngaglik", "fcode": "GD01050040", "remark": null, "metadata": "BIRO ORGANISASI 2023", "srs_id": "SRGI2013 UTM49S", "fgsfnp": 999, "no": 198.0, "nama_opd": "SMAN 2 Ngaglik", "alamat": "Jl. Besi Jangkang Km. 5, Sukoharjo, Ngaglik, Karanglo, Sukoharjo, Sleman, Kabupaten Sleman, Daerah Istimewa Yogyakarta 55581", "kategori": "Kantor UPT Sekolah", "y": -7.705142, "x": 110.434778 }, "geometry": { "type": "Point", "coordinates": [ 437668.292799999937415, 9148257.669800000265241 ] } },
{ "type": "Feature", "properties": { "namobj": "SMAN 1 Ngemplak", "fcode": "GD01050040", "remark": null, "metadata": "BIRO ORGANISASI 2023", "srs_id": "SRGI2013 UTM49S", "fgsfnp": 999, "no": 199.0, "nama_opd": "SMAN 1 Ngemplak", "alamat": "Jl. Jangkang-Manisrenggo No.KM 2, Cokro Gaten, Bimomartani, Kec. Ngemplak, Kabupaten Sleman, Daerah Istimewa Yogyakarta", "kategori": "Kantor UPT Sekolah", "y": -7.700324, "x": 110.460435 }, "geometry": { "type": "Point", "coordinates": [ 440497.134200000204146, 9148794.071000000461936 ] } },
{ "type": "Feature", "properties": { "namobj": "SMAN 1 Pakem", "fcode": "GD01050040", "remark": null, "metadata": "BIRO ORGANISASI 2023", "srs_id": "SRGI2013 UTM49S", "fgsfnp": 999, "no": 200.0, "nama_opd": "SMAN 1 Pakem", "alamat": "Jl. Kaliurang No.Km. 17,5, Gambiran, Pakembinangun, Kec. Pakem, Kabupaten Sleman, Daerah Istimewa Yogyakarta 55582", "kategori": "Kantor UPT Sekolah", "y": -7.658429, "x": 110.422071 }, "geometry": { "type": "Point", "coordinates": [ 436259.963299999944866, 9153420.221799999475479 ] } },
{ "type": "Feature", "properties": { "namobj": "SMAN 1 Prambanan", "fcode": "GD01050040", "remark": null, "metadata": "BIRO ORGANISASI 2023", "srs_id": "SRGI2013 UTM49S", "fgsfnp": 999, "no": 201.0, "nama_opd": "SMAN 1 Prambanan", "alamat": "Jl. Raya Piyungan - Prambanan No.Km. 4.5, Majesem, Madurejo, Kec. Prambanan, Kabupaten Sleman, Daerah Istimewa Yogyakarta 55572", "kategori": "Kantor UPT Sekolah", "y": -7.783383, "x": 110.481143 }, "geometry": { "type": "Point", "coordinates": [ 442792.041299999691546, 9139614.336300000548363 ] } },
{ "type": "Feature", "properties": { "namobj": "SMAN 1 Seyegan", "fcode": "GD01050040", "remark": null, "metadata": "BIRO ORGANISASI 2023", "srs_id": "SRGI2013 UTM49S", "fgsfnp": 999, "no": 202.0, "nama_opd": "SMAN 1 Seyegan", "alamat": "78R5+X68, Tegalgentan, Margoagung, Kec. Seyegan, Kabupaten Sleman, Daerah Istimewa Yogyakarta 55561", "kategori": "Kantor UPT Sekolah", "y": -7.707566, "x": 110.308068 }, "geometry": { "type": "Point", "coordinates": [ 423694.703200000338256, 9147969.176100000739098 ] } },
{ "type": "Feature", "properties": { "namobj": "SMAN 1 Sleman", "fcode": "GD01050040", "remark": null, "metadata": "BIRO ORGANISASI 2023", "srs_id": "SRGI2013 UTM49S", "fgsfnp": 999, "no": 203.0, "nama_opd": "SMAN 1 Sleman", "alamat": "Jl. Magelang Km.14 Medari, Jetis, Caturharjo, Kec. Sleman, Kabupaten Sleman, Daerah Istimewa Yogyakarta 55515", "kategori": "Kantor UPT Sekolah", "y": -7.68324, "x": 110.338967 }, "geometry": { "type": "Point", "coordinates": [ 427098.205099999904633, 9150663.970000000670552 ] } },
{ "type": "Feature", "properties": { "namobj": "SMAN 2 Sleman", "fcode": "GD01050040", "remark": null, "metadata": "BIRO ORGANISASI 2023", "srs_id": "SRGI2013 UTM49S", "fgsfnp": 999, "no": 204.0, "nama_opd": "SMAN 2 Sleman", "alamat": "Brayut, Pandowoharjo, Kec. Sleman, Kabupaten Sleman, Daerah Istimewa Yogyakarta 55512", "kategori": "Kantor UPT Sekolah", "y": -7.702145, "x": 110.372503 }, "geometry": { "type": "Point", "coordinates": [ 430799.964499999769032, 9148579.434499999508262 ] } },
{ "type": "Feature", "properties": { "namobj": "SMAN 1 Tempel", "fcode": "GD01050040", "remark": null, "metadata": "BIRO ORGANISASI 2023", "srs_id": "SRGI2013 UTM49S", "fgsfnp": 999, "no": 205.0, "nama_opd": "SMAN 1 Tempel", "alamat": "88Q5+4W7, Banjarharjo, Pondokrejo, Kec. Tempel, Kabupaten Sleman, Daerah Istimewa Yogyakarta 55552", "kategori": "Kantor UPT Sekolah", "y": -7.662176, "x": 110.309817 }, "geometry": { "type": "Point", "coordinates": [ 423879.48589999973774, 9152987.674499999731779 ] } },
{ "type": "Feature", "properties": { "namobj": "SMAN 1 Turi", "fcode": "GD01050040", "remark": null, "metadata": "BIRO ORGANISASI 2023", "srs_id": "SRGI2013 UTM49S", "fgsfnp": 999, "no": 206.0, "nama_opd": "SMAN 1 Turi", "alamat": "Jl. Turi Tempel KM. 1 RT. 03 / RW. 23, Dusun Gununganyar, Donokerto, Turi, Gununganyar, Donokerto, Kec. Sleman, Kabupaten Sleman, Daerah Istimewa Yogyakarta 55551", "kategori": "Kantor UPT Sekolah", "y": -7.649891, "x": 110.368087 }, "geometry": { "type": "Point", "coordinates": [ 430304.40639999974519, 9154355.721599999815226 ] } },
{ "type": "Feature", "properties": { "namobj": "SMKN 1 Cangkringan", "fcode": "GD01050040", "remark": null, "metadata": "BIRO ORGANISASI 2023", "srs_id": "SRGI2013 UTM49S", "fgsfnp": 999, "no": 207.0, "nama_opd": "SMKN 1 Cangkringan", "alamat": "Sintokan, Wukirsari, Kec. Cangkringan, Kabupaten Sleman, Daerah Istimewa Yogyakarta 55583", "kategori": "Kantor UPT Sekolah", "y": -7.662662, "x": 110.440489 }, "geometry": { "type": "Point", "coordinates": [ 438292.033499999903142, 9152954.961300000548363 ] } },
{ "type": "Feature", "properties": { "namobj": "SMKN 1 Depok", "fcode": "GD01050040", "remark": null, "metadata": "BIRO ORGANISASI 2023", "srs_id": "SRGI2013 UTM49S", "fgsfnp": 999, "no": 208.0, "nama_opd": "SMKN 1 Depok", "alamat": "6CMJ+Q9J, Jl. Ring Road Utara Meguwo, Sanggrahan, Maguwoharjo, Kec. Depok, Kabupaten Sleman, Daerah Istimewa Yogyakarta 55281", "kategori": "Kantor UPT Sekolah", "y": -7.765532, "x": 110.430889 }, "geometry": { "type": "Point", "coordinates": [ 437248.361600000411272, 9141580.7039 ] } },
{ "type": "Feature", "properties": { "namobj": "SMKN 2 Depok", "fcode": "GD01050040", "remark": null, "metadata": "BIRO ORGANISASI 2023", "srs_id": "SRGI2013 UTM49S", "fgsfnp": 999, "no": 209.0, "nama_opd": "SMKN 2 Depok", "alamat": "Jl. STM Pembangunan, Mrican, Caturtunggal, Kec. Depok, Kabupaten Sleman, Daerah Istimewa Yogyakarta 55281", "kategori": "Kantor UPT Sekolah", "y": -7.771501, "x": 110.392571 }, "geometry": { "type": "Point", "coordinates": [ 433024.113300000317395, 9140914.876900000497699 ] } },
{ "type": "Feature", "properties": { "namobj": "SMKN 1 Kalasan", "fcode": "GD01050040", "remark": null, "metadata": "BIRO ORGANISASI 2023", "srs_id": "SRGI2013 UTM49S", "fgsfnp": 999, "no": 210.0, "nama_opd": "SMKN 1 Kalasan", "alamat": "Randugunting Rt01/Rw01, Kepatihan, Tamanmartani, Kec. Kalasan, Kabupaten Sleman, Daerah Istimewa Yogyakarta 55571", "kategori": "Kantor UPT Sekolah", "y": -7.759683, "x": 110.482194 }, "geometry": { "type": "Point", "coordinates": [ 442904.769399999640882, 9142234.539100000634789 ] } },
{ "type": "Feature", "properties": { "namobj": "SMKN 1 Seyegan", "fcode": "GD01050040", "remark": null, "metadata": "BIRO ORGANISASI 2023", "srs_id": "SRGI2013 UTM49S", "fgsfnp": 999, "no": 211.0, "nama_opd": "SMKN 1 Seyegan", "alamat": "Jalan Kebonagung, KM. 8,5, Margomulyo, Seyegan, Mriyan, Margomulyo, Kec. Seyegan, Kabupaten Sleman, Daerah Istimewa Yogyakarta 55561", "kategori": "Kantor UPT Sekolah", "y": -7.731039, "x": 110.316808 }, "geometry": { "type": "Point", "coordinates": [ 424662.764200000092387, 9145375.607699999585748 ] } },
{ "type": "Feature", "properties": { "namobj": "SMKN 1 Tempel", "fcode": "GD01050040", "remark": null, "metadata": "BIRO ORGANISASI 2023", "srs_id": "SRGI2013 UTM49S", "fgsfnp": 999, "no": 212.0, "nama_opd": "SMKN 1 Tempel", "alamat": "Jl. Magelang - Yogyakarta Jl. Jlegongan Kulon No.Km, RW.Jlegongan, Jlegingan, Margorejo, Kec. Tempel, Kabupaten Sleman, Daerah Istimewa Yogyakarta 55552", "kategori": "Kantor UPT Sekolah", "y": -7.657929, "x": 110.325914 }, "geometry": { "type": "Point", "coordinates": [ 425654.277099999599159, 9153460.041200000792742 ] } },
{ "type": "Feature", "properties": { "namobj": "SMKN 1 Godean", "fcode": "GD01050040", "remark": null, "metadata": "BIRO ORGANISASI 2023", "srs_id": "SRGI2013 UTM49S", "fgsfnp": 999, "no": 213.0, "nama_opd": "SMKN 1 Godean", "alamat": "Kowanan, Sidoagung, Kec. Godean, Kabupaten Sleman, Daerah Istimewa Yogyakarta 55564", "kategori": "Kantor UPT Sekolah", "y": -7.760271, "x": 110.296354 }, "geometry": { "type": "Point", "coordinates": [ 422412.46100000012666, 9142140.130000000819564 ] } },
{ "type": "Feature", "properties": { "namobj": "SMKN 2 Godean", "fcode": "GD01050040", "remark": null, "metadata": "BIRO ORGANISASI 2023", "srs_id": "SRGI2013 UTM49S", "fgsfnp": 999, "no": 214.0, "nama_opd": "SMKN 2 Godean", "alamat": "67QR+4GV, Jl. Jae Sumantoro, Jowah, Sidoagung, Kec. Godean, Kabupaten Sleman, Daerah Istimewa Yogyakarta 55264", "kategori": "Kantor UPT Sekolah", "y": -7.762129, "x": 110.291281 }, "geometry": { "type": "Point", "coordinates": [ 421853.49170000012964, 9141933.675599999725819 ] } }
]
}
